"V1","SNP","chr","pos","effect_allele.exposure","other_allele.exposure","eaf.exposure","beta.exposure","se.exposure","pval.exposure","samplesize.exposure","exposure","id.exposure","gene-chr","gene-pos"
2,"rs11227395",11,65829637,"C","A",0.234834,0.0609353,0.00941464,9.65e-11,31352,"SF3B2","ENSG00000087365",11,65827489
8,"rs547404",11,65824472,"T","C",0.271186,-0.296706,0.00880853,9.92e-249,31470,"SF3B2","ENSG00000087365",11,65827489
11,"rs57287207",11,65830021,"G","C",0.0297738,-0.187133,0.0236919,2.82e-15,30773,"SF3B2","ENSG00000087365",11,65827489
