"V1","SNP","chr","pos","effect_allele.exposure","other_allele.exposure","eaf.exposure","beta.exposure","se.exposure","pval.exposure","samplesize.exposure","exposure","id.exposure","gene-chr","gene-pos"
4,"rs117888104",12,49627092,"T","C",0.0230733,0.432465,0.0598866,5.15e-13,6133,"TUBA1C","ENSG00000167553",12,49624816
5,"rs12824458",12,49627819,"C","G",0.212925,-0.145599,0.0130458,6.36e-29,17405,"TUBA1C","ENSG00000167553",12,49624816
7,"rs147554036",12,49628346,"A","G",0.0603625,-0.178108,0.0234069,2.76e-14,16032,"TUBA1C","ENSG00000167553",12,49624816
8,"rs76327236",12,49624511,"G","T",0.0212517,-0.335377,0.0720715,3.27e-06,4606,"TUBA1C","ENSG00000167553",12,49624816
