"V1","SNP","chr","pos","effect_allele.exposure","other_allele.exposure","eaf.exposure","beta.exposure","se.exposure","pval.exposure","samplesize.exposure","exposure","id.exposure","gene-chr","gene-pos"
2,"rs189524590",6,160138961,"G","A",0.0298422,0.909843,0.0279723,4.49e-232,21014,"SOD2","ENSG00000112096",6,160141828
10,"rs2842966",6,160141592,"C","T",0.205544,0.305519,0.00984436,1.83e-211,30632,"SOD2","ENSG00000112096",6,160141828
15,"rs9365090",6,160140224,"T","C",0.273506,-0.189041,0.00943348,2.5e-89,27875,"SOD2","ENSG00000112096",6,160141828
