"V1","SNP","chr","pos","effect_allele.exposure","other_allele.exposure","eaf.exposure","beta.exposure","se.exposure","pval.exposure","samplesize.exposure","exposure","id.exposure","gene-chr","gene-pos"
1,"rs3742130",13,99907341,"A","G",0.207411,0.0837297,0.00978654,1.17e-17,31684,"GPR18","ENSG00000125245",13,99910483
3,"rs3809367",13,99912534,"G","A",0.0929197,-0.101178,0.0136712,1.35e-13,31684,"GPR18","ENSG00000125245",13,99910483
7,"rs61970281",13,99911371,"G","A",0.0359361,0.344238,0.0214318,4.71e-58,31163,"GPR18","ENSG00000125245",13,99910483
