"V1","SNP","chr","pos","effect_allele.exposure","other_allele.exposure","eaf.exposure","beta.exposure","se.exposure","pval.exposure","samplesize.exposure","exposure","id.exposure","gene-chr","gene-pos"
1,"rs1022714",14,35871407,"A","G",0.198212,-0.139771,0.0148057,3.71e-21,14263,"NFKBIA","ENSG00000100906",14,35872336
5,"rs2233419",14,35871960,"A","G",0.167447,0.106091,0.0158331,2.08e-11,14263,"NFKBIA","ENSG00000100906",14,35872336
12,"rs72666686",14,35868806,"A","G",0.0969234,0.25943,0.0198943,7.21e-39,14263,"NFKBIA","ENSG00000100906",14,35872336
13,"rs8904",14,35871217,"A","G",0.382819,0.16565,0.0121017,1.19e-42,14263,"NFKBIA","ENSG00000100906",14,35872336
