"V1","SNP","chr","pos","effect_allele.exposure","other_allele.exposure","eaf.exposure","beta.exposure","se.exposure","pval.exposure","samplesize.exposure","exposure","id.exposure","gene-chr","gene-pos"
4,"rs114074891",20,61456683,"T","G",0.0221532,-0.563887,0.0446671,1.55e-36,11409,"COL9A3","ENSG00000092758",20,61460053
28,"rs2294992",20,61461545,"T","G",0.072962,0.439285,0.0259757,3.71e-64,10670,"COL9A3","ENSG00000092758",20,61460053
36,"rs2746259",20,61456061,"G","A",0.370131,0.103576,0.0128049,6.03e-16,13015,"COL9A3","ENSG00000092758",20,61460053
38,"rs34492576",20,61459366,"T","C",0.15216,0.55563,0.0158187,2.8e-270,14255,"COL9A3","ENSG00000092758",20,61460053
40,"rs36094661",20,61457124,"A","G",0.156797,-0.840122,0.0166035,0,11158,"COL9A3","ENSG00000092758",20,61460053
44,"rs45583132",20,61457727,"T","C",0.0251445,0.426559,0.0473103,1.95e-19,9032,"COL9A3","ENSG00000092758",20,61460053
47,"rs6011404",20,61457775,"A","G",0.0255329,-0.553489,0.0441618,4.91e-36,10147,"COL9A3","ENSG00000092758",20,61460053
