"V1","SNP","chr","pos","effect_allele.exposure","other_allele.exposure","eaf.exposure","beta.exposure","se.exposure","pval.exposure","samplesize.exposure","exposure","id.exposure","gene-chr","gene-pos"
1,"rs10471928",5,54298731,"T","C",0.433765,-0.166542,0.00798097,1.06e-96,31524,"ESM1","ENSG00000164283",5,54296095
9,"rs35050305",5,54299330,"G","C",0.190877,0.177764,0.0100854,1.56e-69,31518,"ESM1","ENSG00000164283",5,54296095
10,"rs4314365",5,54296116,"A","C",0.214104,-0.0864681,0.0106179,3.84e-16,26291,"ESM1","ENSG00000164283",5,54296095
14,"rs72764148",5,54293897,"T","C",0.260806,0.0820511,0.00905881,1.33e-19,31524,"ESM1","ENSG00000164283",5,54296095
