"V1","SNP","chr","pos","effect_allele.exposure","other_allele.exposure","eaf.exposure","beta.exposure","se.exposure","pval.exposure","samplesize.exposure","exposure","id.exposure","gene-chr","gene-pos"
1,"rs10492904",16,66559446,"T","A",0.135246,0.626267,0.0111503,0,31231,"TK2","ENSG00000166548",16,66564176
3,"rs116946433",16,66562333,"A","G",0.0395515,-0.118338,0.0215167,3.8e-08,28399,"TK2","ENSG00000166548",16,66564176
7,"rs142378477",16,66560444,"A","G",0.0267029,0.411967,0.0256403,4.33e-58,29005,"TK2","ENSG00000166548",16,66564176
13,"rs37177",16,66566239,"A","G",0.478664,-0.158222,0.0079869,2.43e-87,31017,"TK2","ENSG00000166548",16,66564176
