"V1","SNP","chr","pos","effect_allele.exposure","other_allele.exposure","eaf.exposure","beta.exposure","se.exposure","pval.exposure","samplesize.exposure","exposure","id.exposure","gene-chr","gene-pos"
1,"rs1046117",14,75746690,"C","T",0.24828,-0.0568679,0.00952433,2.36e-09,29497,"FOS","ENSG00000170345",14,75747205
2,"rs1063169",14,75747118,"T","G",0.165463,0.0636411,0.0109296,5.79e-09,30280,"FOS","ENSG00000170345",14,75747205
3,"rs17103107",14,75750550,"C","T",0.169349,0.0549763,0.0106428,2.4e-07,31355,"FOS","ENSG00000170345",14,75747205
11,"rs4645870",14,75749999,"T","C",0.014832,0.39373,0.05029,4.91e-15,13469,"FOS","ENSG00000170345",14,75747205
