"V1","SNP","chr","pos","effect_allele.exposure","other_allele.exposure","eaf.exposure","beta.exposure","se.exposure","pval.exposure","samplesize.exposure","exposure","id.exposure","gene-chr","gene-pos"
13,"rs56124222",18,48721644,"T","A",0.0759635,0.102049,0.0150108,1.06e-11,31568,"MEX3C","ENSG00000176624",18,48722797
15,"rs56388388",18,48721618,"T","C",0.0290933,0.141534,0.0246567,9.46e-09,29084,"MEX3C","ENSG00000176624",18,48722797
17,"rs62092913",18,48722080,"G","A",0.448852,-0.14662,0.00795895,8.75e-76,31567,"MEX3C","ENSG00000176624",18,48722797
