"V1","SNP","chr","pos","effect_allele.exposure","other_allele.exposure","eaf.exposure","beta.exposure","se.exposure","pval.exposure","samplesize.exposure","exposure","id.exposure","gene-chr","gene-pos"
2,"rs12941497",17,38255594,"A","G",0.251833,0.104733,0.0100461,1.9e-25,26186,"NR1D1","ENSG00000126368",17,38253009
4,"rs140923649",17,38251177,"T","C",0.0133019,0.287278,0.0581581,7.83e-07,11239,"NR1D1","ENSG00000126368",17,38253009
5,"rs191323455",17,38255745,"C","T",0.0124283,0.617386,0.124232,6.71e-07,2615,"NR1D1","ENSG00000126368",17,38253009
8,"rs2102928",17,38253228,"T","C",0.300845,-0.102831,0.0105724,2.33e-22,21172,"NR1D1","ENSG00000126368",17,38253009
14,"rs883871",17,38252660,"A","G",0.147732,0.303966,0.0120736,7.3e-140,26609,"NR1D1","ENSG00000126368",17,38253009
