"V1","SNP","chr","pos","effect_allele.exposure","other_allele.exposure","eaf.exposure","beta.exposure","se.exposure","pval.exposure","samplesize.exposure","exposure","id.exposure","gene-chr","gene-pos"
4,"rs11769898",7,33018807,"A","G",0.306205,0.166919,0.0106092,8.93e-56,20663,"FKBP9","ENSG00000122642",7,33021780
5,"rs12536511",7,33017440,"T","C",0.137911,-0.260129,0.0137106,2.86e-80,22012,"FKBP9","ENSG00000122642",7,33021780
7,"rs147067788",7,33017336,"A","G",0.0306398,0.173552,0.0288877,1.88e-09,20137,"FKBP9","ENSG00000122642",7,33021780
12,"rs6945858",7,33022761,"G","T",0.0923544,0.113419,0.0167275,1.2e-11,21272,"FKBP9","ENSG00000122642",7,33021780
