"V1","SNP","chr","pos","effect_allele.exposure","other_allele.exposure","eaf.exposure","beta.exposure","se.exposure","pval.exposure","samplesize.exposure","exposure","id.exposure","gene-chr","gene-pos"
1,"rs117058678",13,20224118,"T","C",0.0217669,-0.151236,0.0330151,4.63e-06,21522,"MPHOSPH8","ENSG00000196199",13,20227693
3,"rs151327760",13,20228302,"C","T",0.0157957,0.223666,0.0375808,2.66e-09,22738,"MPHOSPH8","ENSG00000196199",13,20227693
5,"rs4769837",13,20223333,"A","G",0.190631,0.178188,0.0100637,3.77e-70,31684,"MPHOSPH8","ENSG00000196199",13,20227693
13,"rs75390100",13,20224202,"T","G",0.0356076,-0.096831,0.0217149,8.23e-06,30856,"MPHOSPH8","ENSG00000196199",13,20227693
