"V1","SNP","chr","pos","effect_allele.exposure","other_allele.exposure","eaf.exposure","beta.exposure","se.exposure","pval.exposure","samplesize.exposure","exposure","id.exposure","gene-chr","gene-pos"
1,"rs116158067",1,179133997,"T","C",0.0157978,0.232892,0.0366887,2.18e-10,23851,"ABL2","ENSG00000143322",1,179133640
2,"rs147171627",1,179130656,"A","G",0.0190273,-0.142986,0.0312634,4.79e-06,27385,"ABL2","ENSG00000143322",1,179133640
5,"rs6672395",1,179130359,"C","T",0.141302,-0.114013,0.0114267,1.91e-23,31460,"ABL2","ENSG00000143322",1,179133640
