"V1","SNP","chr","pos","effect_allele.exposure","other_allele.exposure","eaf.exposure","beta.exposure","se.exposure","pval.exposure","samplesize.exposure","exposure","id.exposure","gene-chr","gene-pos"
3,"rs138960513",12,122073420,"T","C",0.0199946,-0.326868,0.0286842,4.41e-30,30882,"ORAI1","ENSG00000182500",12,122072519
8,"rs73227927",12,122076309,"A","G",0.0313014,0.570453,0.0227472,8.64e-139,31240,"ORAI1","ENSG00000182500",12,122072519
10,"rs7484839",12,122070961,"T","C",0.142189,0.469356,0.0110648,0,31684,"ORAI1","ENSG00000182500",12,122072519
