"V1","SNP","chr","pos","effect_allele.exposure","other_allele.exposure","eaf.exposure","beta.exposure","se.exposure","pval.exposure","samplesize.exposure","exposure","id.exposure","gene-chr","gene-pos"
9,"rs10474500",5,76620002,"G","A",0.227461,-0.153232,0.00946937,6.78e-59,31470,"PDE8B","ENSG00000113231",5,76615953
13,"rs17570416",5,76613583,"A","G",0.139694,0.0692146,0.0115135,1.84e-09,31351,"PDE8B","ENSG00000113231",5,76615953
19,"rs6453299",5,76612033,"A","G",0.268152,0.133423,0.00898414,6.85e-50,31346,"PDE8B","ENSG00000113231",5,76615953
23,"rs68109413",5,76619431,"T","C",0.0300081,-0.130853,0.024069,5.43e-08,29621,"PDE8B","ENSG00000113231",5,76615953
