"V1","SNP","chr","pos","effect_allele.exposure","other_allele.exposure","eaf.exposure","beta.exposure","se.exposure","pval.exposure","samplesize.exposure","exposure","id.exposure","gene-chr","gene-pos"
3,"rs2237055",4,110612727,"C","T",0.256849,0.086298,0.00911047,2.73e-21,31470,"CASP6","ENSG00000138794",4,110617262
8,"rs5030534",4,110622157,"T","C",0.369858,-0.0597768,0.00830949,6.3e-13,31017,"CASP6","ENSG00000138794",4,110617262
11,"rs5030547",4,110619807,"A","G",0.0667937,0.119432,0.0159809,7.81e-14,31353,"CASP6","ENSG00000138794",4,110617262
15,"rs768063",4,110620456,"T","C",0.0293435,-0.113251,0.0247814,4.88e-06,28563,"CASP6","ENSG00000138794",4,110617262
