"V1","SNP","chr","pos","effect_allele.exposure","other_allele.exposure","eaf.exposure","beta.exposure","se.exposure","pval.exposure","samplesize.exposure","exposure","id.exposure","gene-chr","gene-pos"
1,"rs13925",20,44644965,"A","G",0.148395,0.238272,0.0110944,2.57e-102,31683,"MMP9","ENSG00000100985",20,44641373
4,"rs1805088",20,44637624,"T","C",0.0186062,-0.275148,0.0299628,4.19e-20,30416,"MMP9","ENSG00000100985",20,44641373
6,"rs2250889",20,44642406,"G","C",0.0564769,-0.194455,0.0173956,5.2e-29,30882,"MMP9","ENSG00000100985",20,44641373
12,"rs3918262",20,44643770,"G","A",0.215078,-0.0814742,0.00965838,3.3e-17,31677,"MMP9","ENSG00000100985",20,44641373
