"V1","SNP","chr","pos","effect_allele.exposure","other_allele.exposure","eaf.exposure","beta.exposure","se.exposure","pval.exposure","samplesize.exposure","exposure","id.exposure","gene-chr","gene-pos"
4,"rs12746973",1,150779401,"A","G",0.0803129,-0.224597,0.0152439,3.92e-49,28913,"CTSK","ENSG00000143387",1,150774741
5,"rs149447143",1,150774101,"G","A",0.364463,0.412471,0.00803278,0,30817,"CTSK","ENSG00000143387",1,150774741
6,"rs1811698",1,150772613,"T","C",0.108626,0.602354,0.0124756,0,30847,"CTSK","ENSG00000143387",1,150774741
9,"rs74857275",1,150776123,"A","G",0.0557446,-0.293467,0.0178712,1.35e-60,29472,"CTSK","ENSG00000143387",1,150774741
10,"rs77103677",1,150770419,"T","A",0.0124166,0.787394,0.0652756,1.66e-33,9424,"CTSK","ENSG00000143387",1,150774741
