"V1","SNP","chr","pos","effect_allele.exposure","other_allele.exposure","eaf.exposure","beta.exposure","se.exposure","pval.exposure","samplesize.exposure","exposure","id.exposure","gene-chr","gene-pos"
1,"rs184397641",8,23006635,"G","A",0.016843,0.154173,0.0346627,8.68e-06,25113,"TNFRSF10D","ENSG00000173530",8,23007322
2,"rs3924519",8,23004629,"C","T",0.27532,-0.0507141,0.00888878,1.16e-08,31684,"TNFRSF10D","ENSG00000173530",8,23007322
4,"rs7387507",8,23005708,"T","C",0.278585,0.0941163,0.0090916,4.1e-25,29992,"TNFRSF10D","ENSG00000173530",8,23007322
6,"rs7464769",8,23007793,"C","T",0.127054,0.071961,0.0119943,1.98e-09,31300,"TNFRSF10D","ENSG00000173530",8,23007322
