"V1","SNP","chr","pos","effect_allele.exposure","other_allele.exposure","eaf.exposure","beta.exposure","se.exposure","pval.exposure","samplesize.exposure","exposure","id.exposure","gene-chr","gene-pos"
9,"rs11837225",12,6910933,"G","A",0.122357,-0.0700082,0.0148436,2.4e-06,21110,"CD4","ENSG00000010610",12,6912999
16,"rs148710988",12,6910466,"A","G",0.0801365,-0.0999053,0.0158233,2.72e-10,27050,"CD4","ENSG00000010610",12,6912999
19,"rs28920471",12,6915160,"A","T",0.0404222,0.25063,0.0205353,2.93e-34,30420,"CD4","ENSG00000010610",12,6912999
23,"rs61916277",12,6910565,"T","C",0.335676,0.075545,0.0106082,1.07e-12,19875,"CD4","ENSG00000010610",12,6912999
