"V1","SNP","chr","pos","effect_allele.exposure","other_allele.exposure","eaf.exposure","beta.exposure","se.exposure","pval.exposure","samplesize.exposure","exposure","id.exposure","gene-chr","gene-pos"
4,"rs11865672",16,31420430,"A","G",0.375363,-0.213747,0.00813105,2.64e-152,31564,"ITGAD","ENSG00000156886",16,31421229
7,"rs149049839",16,31423610,"C","T",0.015307,-0.26737,0.0545631,9.57e-07,11118,"ITGAD","ENSG00000156886",16,31421229
8,"rs45625038",16,31418975,"T","C",0.0196598,-0.258558,0.0341078,3.44e-14,22242,"ITGAD","ENSG00000156886",16,31421229
14,"rs62051540",16,31426065,"A","G",0.0637225,-0.0809737,0.0163425,7.24e-07,31353,"ITGAD","ENSG00000156886",16,31421229
15,"rs72789314",16,31419703,"A","G",0.136943,0.418893,0.0113135,4.4e-300,31681,"ITGAD","ENSG00000156886",16,31421229
