"V1","SNP","chr","pos","effect_allele.exposure","other_allele.exposure","eaf.exposure","beta.exposure","se.exposure","pval.exposure","samplesize.exposure","exposure","id.exposure","gene-chr","gene-pos"
1,"rs12971302",19,6595460,"C","T",0.358637,-0.0828465,0.00832963,2.63e-23,31231,"CD70","ENSG00000125726",19,6593654
3,"rs17703895",19,6591146,"A","C",0.282718,0.0454183,0.00930324,1.05e-06,28464,"CD70","ENSG00000125726",19,6593654
6,"rs344595",19,6593602,"C","T",0.110033,0.120644,0.012678,1.8e-21,31676,"CD70","ENSG00000125726",19,6593654
