"V1","SNP","chr","pos","effect_allele.exposure","other_allele.exposure","eaf.exposure","beta.exposure","se.exposure","pval.exposure","samplesize.exposure","exposure","id.exposure","gene-chr","gene-pos"
1,"rs111825090",7,30563800,"T","C",0.0155065,0.229082,0.0393071,5.61e-09,21165,"GGCT","ENSG00000006625",7,30563666
2,"rs13234448",7,30559253,"T","C",0.0852138,-0.0913941,0.0153593,2.67e-09,27152,"GGCT","ENSG00000006625",7,30563666
3,"rs2529449",7,30560535,"G","A",0.0836406,0.236498,0.0154491,6.74e-53,27099,"GGCT","ENSG00000006625",7,30563666
8,"rs38441",7,30562952,"C","G",0.289454,0.098197,0.00878815,5.48e-29,31354,"GGCT","ENSG00000006625",7,30563666
