"V1","SNP","chr","pos","effect_allele.exposure","other_allele.exposure","eaf.exposure","beta.exposure","se.exposure","pval.exposure","samplesize.exposure","exposure","id.exposure","gene-chr","gene-pos"
4,"rs113904773",12,132328981,"T","C",0.056909,0.112339,0.0181773,6.4e-10,28159,"MMP17","ENSG00000198598",12,132324633
6,"rs12314416",12,132319717,"A","G",0.168157,-0.0986522,0.0107951,6.33e-20,30589,"MMP17","ENSG00000198598",12,132324633
8,"rs35456238",12,132325730,"C","A",0.0427391,0.116683,0.0216464,7.03e-08,26054,"MMP17","ENSG00000198598",12,132324633
10,"rs4964930",12,132329207,"C","T",0.454338,0.0558088,0.00806929,4.64e-12,30927,"MMP17","ENSG00000198598",12,132324633
