"V1","SNP","chr","pos","effect_allele.exposure","other_allele.exposure","eaf.exposure","beta.exposure","se.exposure","pval.exposure","samplesize.exposure","exposure","id.exposure","gene-chr","gene-pos"
7,"rs2797853",9,136512515,"T","C",0.318041,0.0598269,0.0113227,1.27e-07,17955,"DBH","ENSG00000123454",9,136512974
9,"rs3025411",9,136512906,"A","G",0.0735272,-0.136001,0.0240762,1.62e-08,12630,"DBH","ENSG00000123454",9,136512974
11,"rs6479643",9,136514668,"C","G",0.398156,-0.0904824,0.0116848,9.66e-15,15222,"DBH","ENSG00000123454",9,136512974
12,"rs7035577",9,136513712,"T","C",0.0258084,-0.168309,0.0332561,4.17e-07,17955,"DBH","ENSG00000123454",9,136512974
