"V1","SNP","chr","pos","effect_allele.exposure","other_allele.exposure","eaf.exposure","beta.exposure","se.exposure","pval.exposure","samplesize.exposure","exposure","id.exposure","gene-chr","gene-pos"
2,"rs12441883",15,58456850,"A","G",0.136929,-0.0586177,0.0116112,4.46e-07,31355,"AQP9","ENSG00000103569",15,58454239
11,"rs4643260",15,58451807,"G","A",0.191838,0.105311,0.0101245,2.44e-25,31355,"AQP9","ENSG00000103569",15,58454239
21,"rs8042608",15,58452302,"A","G",0.472972,0.111962,0.00794662,4.43e-45,31566,"AQP9","ENSG00000103569",15,58454239
