"V1","SNP","chr","pos","effect_allele.exposure","other_allele.exposure","eaf.exposure","beta.exposure","se.exposure","pval.exposure","samplesize.exposure","exposure","id.exposure","gene-chr","gene-pos"
2,"rs116689764",3,111324429,"A","C",0.0212093,-0.189945,0.0306304,5.6e-10,25632,"CD96","ENSG00000153283",3,111322761
5,"rs147395615",3,111317972,"T","C",0.0522341,-0.316475,0.018598,6.19e-65,28910,"CD96","ENSG00000153283",3,111322761
14,"rs7431849",3,111322854,"G","A",0.19015,0.422832,0.00984063,0,31683,"CD96","ENSG00000153283",3,111322761
16,"rs79048756",3,111323053,"G","A",0.035833,0.584047,0.0212689,5.28e-166,31238,"CD96","ENSG00000153283",3,111322761
