"V1","SNP","chr","pos","effect_allele.exposure","other_allele.exposure","eaf.exposure","beta.exposure","se.exposure","pval.exposure","samplesize.exposure","exposure","id.exposure","gene-chr","gene-pos"
1,"rs10918613",1,167037025,"A","G",0.133087,0.0836821,0.0117071,8.81e-13,31569,"GPA33","ENSG00000143167",1,167040970
5,"rs12404508",1,167036714,"A","G",0.383498,0.0718252,0.00815992,1.34e-18,31684,"GPA33","ENSG00000143167",1,167040970
11,"rs72689401",1,167040321,"A","G",0.0179152,-0.299127,0.032071,1.09e-20,27542,"GPA33","ENSG00000143167",1,167040970
12,"rs73028882",1,167041838,"T","C",0.0241825,-0.209516,0.0268789,6.45e-15,29266,"GPA33","ENSG00000143167",1,167040970
