"V1","SNP","chr","pos","effect_allele.exposure","other_allele.exposure","eaf.exposure","beta.exposure","se.exposure","pval.exposure","samplesize.exposure","exposure","id.exposure","gene-chr","gene-pos"
3,"rs45437393",10,17275450,"T","C",0.0171315,-0.25148,0.050763,7.27e-07,11498,"VIM","ENSG00000026025",10,17274925
5,"rs72775101",10,17276405,"T","C",0.149834,-0.245161,0.0166599,5.12e-49,13925,"VIM","ENSG00000026025",10,17274925
6,"rs7914640",10,17274297,"A","G",0.136702,0.193948,0.0171586,1.27e-29,14263,"VIM","ENSG00000026025",10,17274925
7,"rs80339700",10,17270409,"C","T",0.014227,0.284824,0.0504114,1.6e-08,13998,"VIM","ENSG00000026025",10,17274925
