"V1","SNP","chr","pos","effect_allele.exposure","other_allele.exposure","eaf.exposure","beta.exposure","se.exposure","pval.exposure","samplesize.exposure","exposure","id.exposure","gene-chr","gene-pos"
1,"rs112660561",22,43317968,"G","C",0.0534542,0.190563,0.0183838,3.55e-25,29133,"PACSIN2","ENSG00000100266",22,43321284
17,"rs35005090",22,43323314,"T","C",0.0844165,-0.0781192,0.0153833,3.81e-07,27310,"PACSIN2","ENSG00000100266",22,43321284
19,"rs4820497",22,43325774,"G","A",0.467286,-0.142607,0.00792163,1.87e-72,31684,"PACSIN2","ENSG00000100266",22,43321284
28,"rs6002980",22,43320662,"A","T",0.0784696,0.133676,0.0148585,2.33e-19,31238,"PACSIN2","ENSG00000100266",22,43321284
