"V1","SNP","chr","pos","effect_allele.exposure","other_allele.exposure","eaf.exposure","beta.exposure","se.exposure","pval.exposure","samplesize.exposure","exposure","id.exposure","gene-chr","gene-pos"
1,"rs115544756",5,148740238,"A","C",0.028988,-0.38133,0.026295,1.18e-47,25480,"PCYOX1L","ENSG00000145882",5,148743393
5,"rs1693919",5,148740302,"G","A",0.490337,0.517872,0.00740844,0,31567,"PCYOX1L","ENSG00000145882",5,148743393
9,"rs62378147",5,148744254,"G","A",0.0211029,0.450627,0.0326858,3.07e-43,22466,"PCYOX1L","ENSG00000145882",5,148743393
10,"rs74577786",5,148742739,"T","C",0.0284647,0.490921,0.0253138,8.77e-84,27840,"PCYOX1L","ENSG00000145882",5,148743393
