"V1","SNP","chr","pos","effect_allele.exposure","other_allele.exposure","eaf.exposure","beta.exposure","se.exposure","pval.exposure","samplesize.exposure","exposure","id.exposure","gene-chr","gene-pos"
4,"rs12975436",19,4110408,"C","T",0.198517,-0.0654669,0.0111928,4.95e-09,25049,"MAP2K2","ENSG00000126934",19,4107222
8,"rs17851657",19,4102449,"A","G",0.179926,-0.144907,0.0134722,5.55e-27,18554,"MAP2K2","ENSG00000126934",19,4107222
17,"rs350908",19,4102920,"T","C",0.463769,0.196967,0.010165,1.21e-83,19083,"MAP2K2","ENSG00000126934",19,4107222
20,"rs45542131",19,4102876,"A","G",0.125283,-0.136622,0.013911,9.13e-23,23481,"MAP2K2","ENSG00000126934",19,4107222
22,"rs62132102",19,4109794,"C","T",0.0605122,0.170165,0.0198309,9.42e-18,22291,"MAP2K2","ENSG00000126934",19,4107222
