"V1","SNP","chr","pos","effect_allele.exposure","other_allele.exposure","eaf.exposure","beta.exposure","se.exposure","pval.exposure","samplesize.exposure","exposure","id.exposure","gene-chr","gene-pos"
2,"rs11784996",8,23068285,"C","A",0.0162016,-0.160448,0.0348542,4.16e-06,25800,"TNFRSF10A","ENSG00000104689",8,23065302
7,"rs4385477",8,23067540,"C","T",0.227746,-0.151092,0.00950995,7.7e-57,31181,"TNFRSF10A","ENSG00000104689",8,23065302
8,"rs4557709",8,23063259,"T","C",0.312782,-0.0497724,0.00867932,9.77e-09,30845,"TNFRSF10A","ENSG00000104689",8,23065302
14,"rs62501125",8,23063273,"C","G",0.17446,0.240864,0.0105199,5.09e-116,30846,"TNFRSF10A","ENSG00000104689",8,23065302
