"V1","SNP","chr","pos","effect_allele.exposure","other_allele.exposure","eaf.exposure","beta.exposure","se.exposure","pval.exposure","samplesize.exposure","exposure","id.exposure","gene-chr","gene-pos"
9,"rs114263479",6,31136575,"C","T",0.0625989,-0.640048,0.0376468,8.02e-65,5723,"POU5F1","ENSG00000204531",6,31139380
49,"rs116371977",6,31140068,"T","C",0.0282348,1.18728,0.0541979,2.26e-106,5724,"POU5F1","ENSG00000204531",6,31139380
59,"rs141715528",6,31136208,"T","C",0.099624,0.285022,0.0309787,3.56e-20,5724,"POU5F1","ENSG00000204531",6,31139380
