"V1","SNP","chr","pos","effect_allele.exposure","other_allele.exposure","eaf.exposure","beta.exposure","se.exposure","pval.exposure","samplesize.exposure","exposure","id.exposure","gene-chr","gene-pos"
6,"rs3181082",1,158302493,"T","C",0.127737,-0.118043,0.0119043,3.55e-23,31567,"CD1B","ENSG00000158485",1,158299531
7,"rs62642468",1,158300604,"T","C",0.0121229,-0.244957,0.0482559,3.85e-07,17902,"CD1B","ENSG00000158485",1,158299531
8,"rs75664720",1,158298693,"C","A",0.0183799,0.223986,0.0357531,3.73e-10,21642,"CD1B","ENSG00000158485",1,158299531
