"V1","SNP","chr","pos","effect_allele.exposure","other_allele.exposure","eaf.exposure","beta.exposure","se.exposure","pval.exposure","samplesize.exposure","exposure","id.exposure","gene-chr","gene-pos"
5,"rs4792937",17,42421862,"C","T",0.431414,-0.171241,0.0079629,1.4e-102,31684,"GRN","ENSG00000030582",17,42426542
8,"rs72824734",17,42423844,"G","T",0.0678962,-0.19955,0.0166159,3.16e-33,28471,"GRN","ENSG00000030582",17,42426542
9,"rs72824736",17,42428538,"A","G",0.0746859,0.273148,0.0158582,1.74e-66,28473,"GRN","ENSG00000030582",17,42426542
11,"rs850713",17,42427732,"A","G",0.250947,-0.0532883,0.00973266,4.37e-08,28050,"GRN","ENSG00000030582",17,42426542
