"V1","SNP","chr","pos","effect_allele.exposure","other_allele.exposure","eaf.exposure","beta.exposure","se.exposure","pval.exposure","samplesize.exposure","exposure","id.exposure","gene-chr","gene-pos"
16,"rs2278746",10,71167235,"A","C",0.452216,-0.10744,0.00807794,2.3e-40,30755,"TACR2","ENSG00000075073",10,71170141
22,"rs59840358",10,71173812,"T","G",0.130963,0.0594511,0.0120123,7.45e-07,30423,"TACR2","ENSG00000075073",10,71170141
23,"rs7077167",10,71175132,"A","C",0.222617,0.0651322,0.00970356,1.92e-11,30641,"TACR2","ENSG00000075073",10,71170141
25,"rs77351317",10,71174674,"T","C",0.0243913,-0.130781,0.0276167,2.18e-06,27525,"TACR2","ENSG00000075073",10,71170141
