"V1","SNP","chr","pos","effect_allele.exposure","other_allele.exposure","eaf.exposure","beta.exposure","se.exposure","pval.exposure","samplesize.exposure","exposure","id.exposure","gene-chr","gene-pos"
12,"rs56349417",18,9371163,"G","C",0.0920432,0.189738,0.0137721,3.51e-43,31354,"TWSG1","ENSG00000128791",18,9368591
15,"rs62087475",18,9369701,"A","T",0.0756185,0.219827,0.0152157,2.6e-47,30688,"TWSG1","ENSG00000128791",18,9368591
28,"rs9963516",18,9369793,"C","T",0.448377,0.141422,0.00799029,4.25e-70,31351,"TWSG1","ENSG00000128791",18,9368591
