"V1","SNP","chr","pos","effect_allele.exposure","other_allele.exposure","eaf.exposure","beta.exposure","se.exposure","pval.exposure","samplesize.exposure","exposure","id.exposure","gene-chr","gene-pos"
3,"rs28763991",7,106522592,"G","A",0.0414543,0.152724,0.0201381,3.36e-14,30971,"PIK3CG","ENSG00000105851",7,106526656
5,"rs4730205",7,106529249,"T","C",0.313334,0.0926842,0.00854847,2.17e-27,31684,"PIK3CG","ENSG00000105851",7,106526656
7,"rs6961244",7,106530481,"C","A",0.110656,-0.155459,0.0126562,1.12e-34,31567,"PIK3CG","ENSG00000105851",7,106526656
10,"rs849400",7,106528213,"G","A",0.042917,0.0908937,0.0196306,3.65e-06,31568,"PIK3CG","ENSG00000105851",7,106526656
