"V1","SNP","chr","pos","effect_allele.exposure","other_allele.exposure","eaf.exposure","beta.exposure","se.exposure","pval.exposure","samplesize.exposure","exposure","id.exposure","gene-chr","gene-pos"
7,"rs12942526",17,78724677,"G","A",0.484827,0.114086,0.00796431,1.54e-46,31355,"RPTOR","ENSG00000141564",17,78729395
14,"rs2291360",17,78728521,"A","G",0.363242,-0.0817112,0.00827522,5.39e-23,31470,"RPTOR","ENSG00000141564",17,78729395
24,"rs62069371",17,78727548,"T","C",0.0764004,-0.202978,0.0149895,8.91e-42,31353,"RPTOR","ENSG00000141564",17,78729395
26,"rs7217825",17,78733901,"C","T",0.109958,-0.369699,0.0126707,3.73e-187,30971,"RPTOR","ENSG00000141564",17,78729395
