"V1","SNP","chr","pos","effect_allele.exposure","other_allele.exposure","eaf.exposure","beta.exposure","se.exposure","pval.exposure","samplesize.exposure","exposure","id.exposure","gene-chr","gene-pos"
3,"rs112225981",19,50022083,"T","C",0.0210407,0.184468,0.0382952,1.46e-06,16529,"FCGRT","ENSG00000104870",19,50019831
4,"rs115159481",19,50019843,"C","T",0.058255,-0.124124,0.0169786,2.66e-13,31562,"FCGRT","ENSG00000104870",19,50019831
5,"rs142385484",19,50016759,"T","C",0.130072,0.155002,0.0121052,1.55e-37,29992,"FCGRT","ENSG00000104870",19,50019831
18,"rs59774409",19,50016748,"T","C",0.0750338,-0.442984,0.0156233,7.43e-177,28711,"FCGRT","ENSG00000104870",19,50019831
