"V1","SNP","chr","pos","effect_allele.exposure","other_allele.exposure","eaf.exposure","beta.exposure","se.exposure","pval.exposure","samplesize.exposure","exposure","id.exposure","gene-chr","gene-pos"
7,"rs1532624",16,57005479,"A","C",0.437102,-0.130051,0.00805159,1.1e-58,31086,"CETP","ENSG00000087237",16,57006759
13,"rs1968905",16,57010948,"T","G",0.18679,-0.0858359,0.0102368,5.07e-17,31340,"CETP","ENSG00000087237",16,57006759
19,"rs4784744",16,57011185,"A","G",0.34353,0.113877,0.00836899,3.64e-42,31470,"CETP","ENSG00000087237",16,57006759
21,"rs71387147",16,57010382,"G","T",0.0643799,0.252101,0.0162942,5.38e-54,31026,"CETP","ENSG00000087237",16,57006759
