"V1","SNP","chr","pos","effect_allele.exposure","other_allele.exposure","eaf.exposure","beta.exposure","se.exposure","pval.exposure","samplesize.exposure","exposure","id.exposure","gene-chr","gene-pos"
1,"rs113043818",19,40705846,"T","C",0.031732,0.141157,0.025249,2.26e-08,25496,"MAP3K10","ENSG00000130758",19,40709566
3,"rs144395641",19,40705866,"A","G",0.0135077,0.233393,0.0445032,1.57e-07,18919,"MAP3K10","ENSG00000130758",19,40709566
4,"rs2356229",19,40707290,"C","T",0.273045,0.162592,0.00888606,8.68e-75,31567,"MAP3K10","ENSG00000130758",19,40709566
7,"rs79817057",19,40704993,"G","A",0.061466,-0.205542,0.0179278,1.98e-30,26835,"MAP3K10","ENSG00000130758",19,40709566
