"V1","SNP","chr","pos","effect_allele.exposure","other_allele.exposure","eaf.exposure","beta.exposure","se.exposure","pval.exposure","samplesize.exposure","exposure","id.exposure","gene-chr","gene-pos"
4,"rs10849603",12,1063419,"A","T",0.181545,0.0608975,0.0112857,6.81e-08,26393,"RAD52","ENSG00000002016",12,1060799
9,"rs11571374",12,1059695,"T","C",0.0168433,-0.867079,0.0832801,2.2e-25,4245,"RAD52","ENSG00000002016",12,1060799
14,"rs12822733",12,1056030,"G","C",0.193308,-0.227891,0.010932,1.65e-96,26395,"RAD52","ENSG00000002016",12,1060799
20,"rs59943404",12,1056454,"G","T",0.453749,0.0800253,0.00872972,4.86e-20,26387,"RAD52","ENSG00000002016",12,1060799
