"V1","SNP","chr","pos","effect_allele.exposure","other_allele.exposure","eaf.exposure","beta.exposure","se.exposure","pval.exposure","samplesize.exposure","exposure","id.exposure","gene-chr","gene-pos"
7,"rs11570072",11,47365276,"G","A",0.169702,0.32651,0.0104734,2.31e-213,31378,"MYBPC3","ENSG00000134571",11,47363605
9,"rs11570086",11,47362642,"T","C",0.0290653,-0.464788,0.0262047,2.18e-70,25487,"MYBPC3","ENSG00000134571",11,47363605
10,"rs11570094",11,47359706,"A","C",0.292339,-0.487018,0.00833371,0,31385,"MYBPC3","ENSG00000134571",11,47363605
18,"rs3729949",11,47359954,"T","C",0.0152301,-0.637145,0.103302,6.92e-10,3086,"MYBPC3","ENSG00000134571",11,47363605
21,"rs58912703",11,47366648,"A","T",0.0500325,0.472929,0.0182176,1.4e-148,31024,"MYBPC3","ENSG00000134571",11,47363605
22,"rs7928073",11,47361857,"T","C",0.190725,0.154283,0.0101086,1.36e-52,31470,"MYBPC3","ENSG00000134571",11,47363605
