"V1","SNP","chr","pos","effect_allele.exposure","other_allele.exposure","eaf.exposure","beta.exposure","se.exposure","pval.exposure","samplesize.exposure","exposure","id.exposure","gene-chr","gene-pos"
1,"rs10878967",12,69740869,"C","T",0.506473,-0.874799,0.00627612,0,31355,"LYZ","ENSG00000090382",12,69745067
3,"rs11177605",12,69744862,"C","A",0.0255529,0.55043,0.0275215,5.51e-89,26111,"LYZ","ENSG00000090382",12,69745067
11,"rs1800973",12,69744014,"A","C",0.0661727,0.53892,0.0165698,4.85e-232,28413,"LYZ","ENSG00000090382",12,69745067
12,"rs187137839",12,69740467,"T","C",0.0225166,-0.682528,0.0301422,1.61e-113,24491,"LYZ","ENSG00000090382",12,69745067
13,"rs190119614",12,69740280,"T","C",0.010979,0.417332,0.0794857,1.52e-07,7261,"LYZ","ENSG00000090382",12,69745067
14,"rs191962488",12,69740593,"G","A",0.020907,0.55694,0.0341384,7.82e-60,20693,"LYZ","ENSG00000090382",12,69745067
15,"rs4761155",12,69746391,"T","C",0.0544918,-0.577201,0.0182105,1.76e-220,28259,"LYZ","ENSG00000090382",12,69745067
28,"rs613782",12,69740747,"T","C",0.0404063,0.453836,0.0206974,1.43e-106,29622,"LYZ","ENSG00000090382",12,69745067
32,"rs710794",12,69747177,"C","T",0.144538,0.6316,0.010762,0,31470,"LYZ","ENSG00000090382",12,69745067
34,"rs75846229",12,69743196,"A","G",0.0261413,-0.633882,0.0279544,7.8e-114,24619,"LYZ","ENSG00000090382",12,69745067
