"V1","SNP","chr","pos","effect_allele.exposure","other_allele.exposure","eaf.exposure","beta.exposure","se.exposure","pval.exposure","samplesize.exposure","exposure","id.exposure","gene-chr","gene-pos"
6,"rs2070106",17,40125864,"A","G",0.297847,0.0803568,0.0144019,2.41e-08,11496,"CNP","ENSG00000173786",17,40122976
7,"rs35967904",17,40126187,"A","G",0.0950181,0.12462,0.0227975,4.59e-08,11158,"CNP","ENSG00000173786",17,40122976
12,"rs55955100",17,40122138,"G","A",0.25955,-0.312575,0.0132507,4.95e-123,14261,"CNP","ENSG00000173786",17,40122976
13,"rs56316666",17,40127865,"T","C",0.040449,-0.287256,0.0299569,8.89e-22,14263,"CNP","ENSG00000173786",17,40122976
