"V1","SNP","chr","pos","effect_allele.exposure","other_allele.exposure","eaf.exposure","beta.exposure","se.exposure","pval.exposure","samplesize.exposure","exposure","id.exposure","gene-chr","gene-pos"
1,"rs1128933",15,75650836,"A","G",0.488065,-0.421138,0.00765957,0,31086,"MAN2C1","ENSG00000140400",15,75654552
2,"rs34879829",15,75654511,"T","C",0.0815411,-0.348841,0.0161787,4.1e-103,25041,"MAN2C1","ENSG00000140400",15,75654552
4,"rs56258187",15,75655962,"T","C",0.028697,-0.370504,0.0324372,3.24e-30,16918,"MAN2C1","ENSG00000140400",15,75654552
5,"rs78610801",15,75651981,"A","G",0.0367446,-0.220957,0.0217782,3.46e-24,29681,"MAN2C1","ENSG00000140400",15,75654552
