"V1","SNP","chr","pos","effect_allele.exposure","other_allele.exposure","eaf.exposure","beta.exposure","se.exposure","pval.exposure","samplesize.exposure","exposure","id.exposure","gene-chr","gene-pos"
8,"rs1322986",9,14244413,"C","T",0.349675,0.0610087,0.0083236,2.31e-13,31684,"NFIB","ENSG00000147862",9,14240412
10,"rs2181403",9,14242214,"C","T",0.0361629,-0.107843,0.0223399,1.38e-06,28718,"NFIB","ENSG00000147862",9,14240412
11,"rs58361699",9,14241650,"C","A",0.0492168,-0.202492,0.0474666,1.99e-05,4724,"NFIB","ENSG00000147862",9,14240412
12,"rs73645022",9,14241433,"G","A",0.176276,-0.11483,0.0104256,3.26e-28,31559,"NFIB","ENSG00000147862",9,14240412
