"V1","SNP","chr","pos","effect_allele.exposure","other_allele.exposure","eaf.exposure","beta.exposure","se.exposure","pval.exposure","samplesize.exposure","exposure","id.exposure","gene-chr","gene-pos"
1,"rs1997664",1,169574166,"T","A",0.466905,-0.090533,0.00794665,4.55e-30,31680,"SELP","ENSG00000174175",1,169578759
10,"rs3917731",1,169580717,"C","T",0.257134,-0.120055,0.00908066,6.64e-40,31569,"SELP","ENSG00000174175",1,169578759
13,"rs3917739",1,169579378,"C","T",0.371352,0.0461531,0.00872624,1.23e-07,28099,"SELP","ENSG00000174175",1,169578759
