"V1","SNP","chr","pos","effect_allele.exposure","other_allele.exposure","eaf.exposure","beta.exposure","se.exposure","pval.exposure","samplesize.exposure","exposure","id.exposure","gene-chr","gene-pos"
3,"rs12540724",7,45957302,"G","A",0.038412,-0.28617,0.0214865,1.8e-40,29143,"IGFBP3","ENSG00000146674",7,45956711
5,"rs145188037",7,45954465,"A","G",0.0197981,0.2672,0.0355517,5.66e-14,20329,"IGFBP3","ENSG00000146674",7,45956711
6,"rs2132571",7,45961674,"T","C",0.315887,0.278486,0.00840141,6.17e-241,31681,"IGFBP3","ENSG00000146674",7,45956711
7,"rs2132572",7,45961545,"T","C",0.239674,-0.294574,0.00915778,5.18e-227,31682,"IGFBP3","ENSG00000146674",7,45956711
9,"rs2453840",7,45953812,"T","G",0.181806,0.073487,0.0104213,1.77e-12,30902,"IGFBP3","ENSG00000146674",7,45956711
14,"rs34006338",7,45957318,"A","G",0.0142761,0.377633,0.036954,1.63e-24,25914,"IGFBP3","ENSG00000146674",7,45956711
16,"rs34835646",7,45953565,"C","T",0.0137128,0.243723,0.0400795,1.19e-09,22978,"IGFBP3","ENSG00000146674",7,45956711
