"V1","SNP","chr","pos","effect_allele.exposure","other_allele.exposure","eaf.exposure","beta.exposure","se.exposure","pval.exposure","samplesize.exposure","exposure","id.exposure","gene-chr","gene-pos"
4,"rs11765023",7,128101609,"A","G",0.289639,-0.0588578,0.00971892,1.4e-09,25690,"HILPDA","ENSG00000135245",7,128097187
8,"rs2288554",7,128095843,"A","G",0.17941,0.0791491,0.0115331,6.75e-12,25487,"HILPDA","ENSG00000135245",7,128097187
9,"rs2562730",7,128100038,"G","A",0.239333,-0.0458995,0.0103368,8.98e-06,25682,"HILPDA","ENSG00000135245",7,128097187
13,"rs74986205",7,128101588,"C","G",0.127185,0.0627489,0.0132656,2.24e-06,25574,"HILPDA","ENSG00000135245",7,128097187
