"V1","SNP","chr","pos","effect_allele.exposure","other_allele.exposure","eaf.exposure","beta.exposure","se.exposure","pval.exposure","samplesize.exposure","exposure","id.exposure","gene-chr","gene-pos"
1,"rs114993234",6,37338342,"A","G",0.0220544,-0.292384,0.0286303,1.74e-24,28177,"RNF8","ENSG00000112130",6,37342131
2,"rs35409514",6,37344322,"C","G",0.0595341,0.0768939,0.0168148,4.81e-06,31564,"RNF8","ENSG00000112130",6,37342131
3,"rs761737",6,37339017,"G","A",0.464429,0.085269,0.00795093,7.82e-27,31684,"RNF8","ENSG00000112130",6,37342131
