"V1","SNP","chr","pos","effect_allele.exposure","other_allele.exposure","eaf.exposure","beta.exposure","se.exposure","pval.exposure","samplesize.exposure","exposure","id.exposure","gene-chr","gene-pos"
1,"rs11146453",10,134476690,"A","G",0.0190444,-0.140835,0.0323863,1.37e-05,25497,"INPP5A","ENSG00000068383",10,134474151
2,"rs148325886",10,134478052,"A","G",0.0143393,-0.311342,0.048588,1.48e-10,14943,"INPP5A","ENSG00000068383",10,134474151
3,"rs34448059",10,134473224,"G","A",0.222224,0.0629324,0.00960096,5.57e-11,31341,"INPP5A","ENSG00000068383",10,134474151
5,"rs7910850",10,134476247,"A","G",0.11426,-0.181147,0.0127629,1.01e-45,30128,"INPP5A","ENSG00000068383",10,134474151
