"V1","SNP","chr","pos","effect_allele.exposure","other_allele.exposure","eaf.exposure","beta.exposure","se.exposure","pval.exposure","samplesize.exposure","exposure","id.exposure","gene-chr","gene-pos"
1,"rs1716966",12,53881874,"C","T",0.509621,-0.106089,0.00792405,7.09e-41,31684,"MAP3K12","ENSG00000139625",12,53884060
2,"rs3816806",12,53880122,"C","T",0.153663,-0.0938047,0.0110032,1.53e-17,31682,"MAP3K12","ENSG00000139625",12,53884060
4,"rs77511173",12,53883537,"C","T",0.0309755,-0.333547,0.0240828,1.27e-43,28529,"MAP3K12","ENSG00000139625",12,53884060
5,"rs7958457",12,53880653,"T","C",0.110163,0.106686,0.012989,2.15e-16,30165,"MAP3K12","ENSG00000139625",12,53884060
