"V1","SNP","chr","pos","effect_allele.exposure","other_allele.exposure","eaf.exposure","beta.exposure","se.exposure","pval.exposure","samplesize.exposure","exposure","id.exposure","gene-chr","gene-pos"
3,"rs11755294",6,49670562,"C","G",0.271303,0.0777557,0.00906012,9.31e-18,30737,"CRISP2","ENSG00000124490",6,49670673
4,"rs12205904",6,49672488,"T","G",0.0543519,-0.0843405,0.0177813,2.1e-06,30744,"CRISP2","ENSG00000124490",6,49670673
11,"rs515257",6,49666381,"A","G",0.266985,-0.0801561,0.00908922,1.16e-18,30847,"CRISP2","ENSG00000124490",6,49670673
17,"rs962952",6,49666617,"G","A",0.172098,-0.0670059,0.0106789,3.51e-10,30732,"CRISP2","ENSG00000124490",6,49670673
