"V1","SNP","chr","pos","effect_allele.exposure","other_allele.exposure","eaf.exposure","beta.exposure","se.exposure","pval.exposure","samplesize.exposure","exposure","id.exposure","gene-chr","gene-pos"
1,"rs112450079",1,153349194,"A","G",0.0289404,-0.400859,0.0255052,1.16e-55,27103,"S100A12","ENSG00000163221",1,153347154
2,"rs114027001",1,153350282,"T","C",0.0145158,-0.44915,0.0586449,1.88e-14,10104,"S100A12","ENSG00000163221",1,153347154
3,"rs115664349",1,153349880,"T","G",0.12597,-0.0562124,0.0128468,1.21e-05,27497,"S100A12","ENSG00000163221",1,153347154
16,"rs58644524",1,153342575,"T","C",0.104777,0.943046,0.0118395,0,31684,"S100A12","ENSG00000163221",1,153347154
