"V1","SNP","chr","pos","effect_allele.exposure","other_allele.exposure","eaf.exposure","beta.exposure","se.exposure","pval.exposure","samplesize.exposure","exposure","id.exposure","gene-chr","gene-pos"
3,"rs3219474",1,45803413,"G","A",0.0749585,-0.172785,0.0151348,3.46e-30,31349,"MUTYH","ENSG00000132781",1,45800488
4,"rs3219476",1,45802670,"A","C",0.313371,-0.228262,0.00849614,5.37e-159,31470,"MUTYH","ENSG00000132781",1,45800488
6,"rs3219485",1,45800033,"C","T",0.0381672,-0.109835,0.0228062,1.46e-06,26162,"MUTYH","ENSG00000132781",1,45800488
8,"rs3219487",1,45798555,"T","C",0.0857041,-0.25817,0.0141648,3.2e-74,31470,"MUTYH","ENSG00000132781",1,45800488
