"V1","SNP","chr","pos","effect_allele.exposure","other_allele.exposure","eaf.exposure","beta.exposure","se.exposure","pval.exposure","samplesize.exposure","exposure","id.exposure","gene-chr","gene-pos"
8,"rs12553915",9,131864955,"T","C",0.0178804,0.276621,0.0389947,1.3e-12,18675,"CRAT","ENSG00000095321",9,131865278
9,"rs147223298",9,131864408,"T","C",0.0174363,0.172654,0.0350737,8.54e-07,23701,"CRAT","ENSG00000095321",9,131865278
14,"rs3780690",9,131865998,"A","G",0.0326024,0.249727,0.0305678,3.09e-16,16900,"CRAT","ENSG00000095321",9,131865278
15,"rs59221517",9,131861118,"A","C",0.27887,-0.487174,0.00911144,0,27090,"CRAT","ENSG00000095321",9,131865278
