"V1","SNP","chr","pos","effect_allele.exposure","other_allele.exposure","eaf.exposure","beta.exposure","se.exposure","pval.exposure","samplesize.exposure","exposure","id.exposure","gene-chr","gene-pos"
3,"rs112067870",12,57992447,"A","G",0.0375229,0.156841,0.0215862,3.71e-13,29660,"PIP4K2C","ENSG00000166908",12,57991077
5,"rs144791624",12,57991965,"G","A",0.022826,-0.211403,0.0301342,2.29e-12,24636,"PIP4K2C","ENSG00000166908",12,57991077
7,"rs4760158",12,57988478,"C","T",0.283336,-0.0822259,0.00880363,9.63e-21,31683,"PIP4K2C","ENSG00000166908",12,57991077
