"V1","SNP","chr","pos","effect_allele.exposure","other_allele.exposure","eaf.exposure","beta.exposure","se.exposure","pval.exposure","samplesize.exposure","exposure","id.exposure","gene-chr","gene-pos"
2,"rs113292199",17,1672565,"C","T",0.0456914,-0.105165,0.0192356,4.57e-08,30960,"SERPINF1","ENSG00000132386",17,1673060
7,"rs12943466",17,1671272,"C","T",0.272715,-0.130894,0.00898379,4.36e-48,31022,"SERPINF1","ENSG00000132386",17,1673060
21,"rs7220762",17,1668248,"T","C",0.367231,0.118378,0.00830109,3.85e-46,31023,"SERPINF1","ENSG00000132386",17,1673060
22,"rs72822445",17,1670499,"C","A",0.0614713,-0.137776,0.0179447,1.62e-14,26855,"SERPINF1","ENSG00000132386",17,1673060
