"V1","SNP","chr","pos","effect_allele.exposure","other_allele.exposure","eaf.exposure","beta.exposure","se.exposure","pval.exposure","samplesize.exposure","exposure","id.exposure","gene-chr","gene-pos"
3,"rs13077307",3,20004642,"C","T",0.385423,-0.196083,0.00812995,1.6e-128,31354,"RAB5A","ENSG00000144566",3,20007619
4,"rs142695332",3,20007447,"T","C",0.0177619,-0.427033,0.0512325,7.74e-17,10849,"RAB5A","ENSG00000144566",3,20007619
18,"rs62241293",3,20009689,"C","G",0.194742,0.0558634,0.0100793,2.98e-08,31355,"RAB5A","ENSG00000144566",3,20007619
22,"rs7627200",3,20002638,"T","C",0.121922,-0.065772,0.0122407,7.74e-08,31140,"RAB5A","ENSG00000144566",3,20007619
