"V1","SNP","chr","pos","effect_allele.exposure","other_allele.exposure","eaf.exposure","beta.exposure","se.exposure","pval.exposure","samplesize.exposure","exposure","id.exposure","gene-chr","gene-pos"
2,"rs1154413",4,100000552,"T","G",0.163905,-0.0585422,0.010746,5.1e-08,31566,"ADH5","ENSG00000197894",4,100001042
4,"rs1154415",4,99999033,"C","T",0.430569,-0.0529098,0.00801712,4.12e-11,31684,"ADH5","ENSG00000197894",4,100001042
18,"rs28730601",4,100002041,"T","C",0.0374467,-0.134621,0.0209495,1.31e-10,31566,"ADH5","ENSG00000197894",4,100001042
34,"rs7683704",4,100004226,"T","C",0.0895108,0.296376,0.0138404,9.94e-102,31569,"ADH5","ENSG00000197894",4,100001042
