"V1","SNP","chr","pos","effect_allele.exposure","other_allele.exposure","eaf.exposure","beta.exposure","se.exposure","pval.exposure","samplesize.exposure","exposure","id.exposure","gene-chr","gene-pos"
8,"rs137983876",17,79628565,"C","G",0.11921,-0.083709,0.0122733,9.08e-12,31566,"PDE6G","ENSG00000185527",17,79623815
22,"rs73371251",17,79619153,"A","G",0.0348066,0.234435,0.021814,6.12e-27,31162,"PDE6G","ENSG00000185527",17,79623815
25,"rs7405798",17,79621655,"A","G",0.414825,-0.0427404,0.00871896,9.49e-07,27071,"PDE6G","ENSG00000185527",17,79623815
26,"rs74967726",17,79627924,"G","A",0.0848664,0.108899,0.0177238,8.04e-10,20458,"PDE6G","ENSG00000185527",17,79623815
