"V1","SNP","chr","pos","effect_allele.exposure","other_allele.exposure","eaf.exposure","beta.exposure","se.exposure","pval.exposure","samplesize.exposure","exposure","id.exposure","gene-chr","gene-pos"
3,"rs12720250",19,10479814,"T","G",0.0686948,-0.263847,0.0158531,3.39e-62,30820,"TYK2","ENSG00000105397",19,10476280
11,"rs143978290",19,10472160,"A","G",0.0173459,-0.201753,0.0378042,9.46e-08,20497,"TYK2","ENSG00000105397",19,10476280
13,"rs150549387",19,10480836,"A","G",0.0271791,0.190665,0.0273151,2.95e-12,25298,"TYK2","ENSG00000105397",19,10476280
18,"rs280524",19,10477613,"C","G",0.103817,-0.0816729,0.0152051,7.81e-08,23215,"TYK2","ENSG00000105397",19,10476280
19,"rs34725611",19,10477067,"G","A",0.270303,0.248384,0.00894155,7.91e-170,30935,"TYK2","ENSG00000105397",19,10476280
28,"rs8111359",19,10471462,"T","C",0.104663,-0.117223,0.0133673,1.8e-18,29784,"TYK2","ENSG00000105397",19,10476280
