"V1","SNP","chr","pos","effect_allele.exposure","other_allele.exposure","eaf.exposure","beta.exposure","se.exposure","pval.exposure","samplesize.exposure","exposure","id.exposure","gene-chr","gene-pos"
1,"rs10031452",4,76924933,"T","C",0.452441,-0.109845,0.00795726,2.4e-43,31684,"CXCL9","ENSG00000138755",4,76925534
4,"rs1050176",4,76922749,"A","G",0.0913632,0.0609241,0.0138678,1.12e-05,31300,"CXCL9","ENSG00000138755",4,76925534
5,"rs116030576",4,76930300,"C","A",0.0305955,0.124562,0.0232201,8.12e-08,31239,"CXCL9","ENSG00000138755",4,76925534
7,"rs2276885",4,76928729,"G","A",0.198963,0.131381,0.00992421,5.27e-40,31678,"CXCL9","ENSG00000138755",4,76925534
