"V1","SNP","chr","pos","effect_allele.exposure","other_allele.exposure","eaf.exposure","beta.exposure","se.exposure","pval.exposure","samplesize.exposure","exposure","id.exposure","gene-chr","gene-pos"
9,"rs2147655",6,33623039,"T","C",0.0157837,0.509243,0.0459572,1.55e-28,15117,"ITPR3","ENSG00000096433",6,33626436
13,"rs2296340",6,33630472,"A","G",0.100605,-0.131604,0.0131854,1.85e-23,31684,"ITPR3","ENSG00000096433",6,33626436
15,"rs2296342",6,33627077,"G","A",0.409882,-0.155206,0.00807323,2.3e-82,31346,"ITPR3","ENSG00000096433",6,33626436
20,"rs4259245",6,33624221,"G","A",0.354668,0.41981,0.00796166,0,31683,"ITPR3","ENSG00000096433",6,33626436
22,"rs59962157",6,33629939,"A","C",0.0376408,-0.276021,0.0209516,1.24e-39,31270,"ITPR3","ENSG00000096433",6,33626436
24,"rs6908236",6,33628922,"A","C",0.502303,0.178116,0.00789697,1.2e-112,31563,"ITPR3","ENSG00000096433",6,33626436
32,"rs75742993",6,33626905,"T","G",0.0345136,0.279555,0.0230976,1.02e-33,27979,"ITPR3","ENSG00000096433",6,33626436
35,"rs7752472",6,33623221,"G","C",0.0486732,0.225613,0.0184514,2.22e-34,31568,"ITPR3","ENSG00000096433",6,33626436
39,"rs78807872",6,33624123,"A","G",0.049796,-0.144639,0.0188009,1.44e-14,29836,"ITPR3","ENSG00000096433",6,33626436
42,"rs9469542",6,33629119,"A","G",0.0509002,0.2881,0.0180344,1.91e-57,31568,"ITPR3","ENSG00000096433",6,33626436
