"V1","SNP","chr","pos","effect_allele.exposure","other_allele.exposure","eaf.exposure","beta.exposure","se.exposure","pval.exposure","samplesize.exposure","exposure","id.exposure","gene-chr","gene-pos"
1,"rs10458708",10,27455605,"C","T",0.307798,-0.64359,0.00785092,0,31354,"MASTL","ENSG00000120539",10,27459800
5,"rs111623404",10,27462762,"T","C",0.0421189,-0.418829,0.0198443,7.04e-99,31025,"MASTL","ENSG00000120539",10,27459800
9,"rs117843117",10,27458180,"A","G",0.0662409,-0.473725,0.0387055,1.92e-34,5246,"MASTL","ENSG00000120539",10,27459800
20,"rs3802526",10,27459746,"G","C",0.0657222,-0.565677,0.0158639,1.76e-278,31085,"MASTL","ENSG00000120539",10,27459800
