"V1","SNP","chr","pos","effect_allele.exposure","other_allele.exposure","eaf.exposure","beta.exposure","se.exposure","pval.exposure","samplesize.exposure","exposure","id.exposure","gene-chr","gene-pos"
2,"rs142552223",3,172234017,"A","G",0.0337321,-0.163975,0.0221408,1.3e-13,31237,"TNFSF10","ENSG00000121858",3,172232297
3,"rs231983",3,172236440,"G","T",0.417064,0.0898674,0.00809004,1.14e-28,31300,"TNFSF10","ENSG00000121858",3,172232297
5,"rs3136594",3,172230584,"A","G",0.261234,-0.181965,0.00898697,3.73e-91,31668,"TNFSF10","ENSG00000121858",3,172232297
6,"rs3181140",3,172227642,"A","G",0.324878,0.184241,0.00847975,1.14e-104,31231,"TNFSF10","ENSG00000121858",3,172232297
