"V1","SNP","chr","pos","effect_allele.exposure","other_allele.exposure","eaf.exposure","beta.exposure","se.exposure","pval.exposure","samplesize.exposure","exposure","id.exposure","gene-chr","gene-pos"
4,"rs17607500",5,127468988,"G","T",0.251757,0.0525465,0.00915412,9.46e-09,31644,"SLC12A2","ENSG00000064651",5,127472419
5,"rs1993878",5,127476971,"C","A",0.223,-0.18529,0.00951012,1.52e-84,31526,"SLC12A2","ENSG00000064651",5,127472419
8,"rs3805606",5,127470813,"T","G",0.211282,0.121466,0.00971368,7.05e-36,31644,"SLC12A2","ENSG00000064651",5,127472419
12,"rs80015166",5,127468813,"G","A",0.0331751,-0.147066,0.0236662,5.16e-10,27793,"SLC12A2","ENSG00000064651",5,127472419
