"V1","SNP","chr","pos","effect_allele.exposure","other_allele.exposure","eaf.exposure","beta.exposure","se.exposure","pval.exposure","samplesize.exposure","exposure","id.exposure","gene-chr","gene-pos"
5,"rs536262",9,130494791,"T","C",0.124732,-0.0612712,0.0121464,4.55e-07,31017,"TOR2A","ENSG00000160404",9,130495703
6,"rs72752823",9,130497180,"G","A",0.148312,-0.0963704,0.0112611,1.15e-17,31140,"TOR2A","ENSG00000160404",9,130495703
7,"rs7848592",9,130497591,"T","C",0.0278812,-0.168849,0.0292542,7.84e-09,21521,"TOR2A","ENSG00000160404",9,130495703
