"V1","SNP","chr","pos","effect_allele.exposure","other_allele.exposure","eaf.exposure","beta.exposure","se.exposure","pval.exposure","samplesize.exposure","exposure","id.exposure","gene-chr","gene-pos"
5,"rs114616600",16,814275,"T","C",0.0157019,0.95165,0.0470355,5.06e-91,14214,"MSLN","ENSG00000102854",16,814813
6,"rs117721221",16,816874,"T","C",0.0243622,-0.168529,0.0373364,6.37e-06,15070,"MSLN","ENSG00000102854",16,814813
25,"rs3765322",16,816294,"G","T",0.284987,0.187435,0.0107588,5.66e-68,20895,"MSLN","ENSG00000102854",16,814813
37,"rs9928996",16,810934,"A","G",0.0368341,-0.124209,0.02891,1.74e-05,16844,"MSLN","ENSG00000102854",16,814813
