"V1","SNP","chr","pos","effect_allele.exposure","other_allele.exposure","eaf.exposure","beta.exposure","se.exposure","pval.exposure","samplesize.exposure","exposure","id.exposure","gene-chr","gene-pos"
2,"rs2276423",11,118210106,"G","C",0.256136,0.140015,0.00916378,1.05e-52,31017,"CD3D","ENSG00000167286",11,118211564
5,"rs45444192",11,118208083,"A","G",0.0451659,0.135197,0.0194221,3.38e-12,30688,"CD3D","ENSG00000167286",11,118211564
6,"rs61010648",11,118206890,"G","C",0.277583,-0.0491665,0.0089144,3.48e-08,31345,"CD3D","ENSG00000167286",11,118211564
7,"rs7947185",11,118214726,"C","T",0.338344,-0.0439263,0.00842049,1.82e-07,31470,"CD3D","ENSG00000167286",11,118211564
