"V1","SNP","chr","pos","effect_allele.exposure","other_allele.exposure","eaf.exposure","beta.exposure","se.exposure","pval.exposure","samplesize.exposure","exposure","id.exposure","gene-chr","gene-pos"
1,"rs10139403",14,101194561,"A","G",0.345643,-0.0943082,0.00837982,2.21e-29,31355,"DLK1","ENSG00000185559",14,101196790
3,"rs114490877",14,101193523,"G","T",0.0525983,-0.145012,0.0179284,6.05e-16,31150,"DLK1","ENSG00000185559",14,101196790
10,"rs7150520",14,101196700,"G","A",0.206279,-0.0881377,0.00985616,3.81e-19,31355,"DLK1","ENSG00000185559",14,101196790
