"V1","SNP","chr","pos","effect_allele.exposure","other_allele.exposure","eaf.exposure","beta.exposure","se.exposure","pval.exposure","samplesize.exposure","exposure","id.exposure","gene-chr","gene-pos"
2,"rs10521451",9,75776652,"C","A",0.0398448,0.426971,0.020381,1.9e-97,31025,"ANXA1","ENSG00000135046",9,75775991
8,"rs147016834",9,75772395,"T","A",0.0599487,-0.277957,0.0170679,1.25e-59,30191,"ANXA1","ENSG00000135046",9,75775991
11,"rs2795114",9,75771314,"C","G",0.203568,0.297914,0.00978437,1.27e-203,31287,"ANXA1","ENSG00000135046",9,75775991
13,"rs2795117",9,75776681,"G","A",0.331244,-0.143897,0.00844615,4.37e-65,31349,"ANXA1","ENSG00000135046",9,75775991
18,"rs78536606",9,75779718,"C","A",0.0391003,0.193833,0.0205929,4.84e-21,31293,"ANXA1","ENSG00000135046",9,75775991
