"V1","SNP","chr","pos","effect_allele.exposure","other_allele.exposure","eaf.exposure","beta.exposure","se.exposure","pval.exposure","samplesize.exposure","exposure","id.exposure","gene-chr","gene-pos"
14,"rs59741413",8,142418005,"T","G",0.0328404,0.358069,0.0824131,1.39e-05,2299,"PTP4A3","ENSG00000184489",8,142421856
19,"rs62522497",8,142420541,"T","C",0.0448,0.388184,0.0222654,4.52e-68,23265,"PTP4A3","ENSG00000184489",8,142421856
23,"rs6578176",8,142418216,"G","A",0.186487,0.0746246,0.0125104,2.45e-09,21023,"PTP4A3","ENSG00000184489",8,142421856
26,"rs7465330",8,142418127,"T","C",0.249462,-0.111942,0.0104388,7.89e-27,24391,"PTP4A3","ENSG00000184489",8,142421856
