"V1","SNP","chr","pos","effect_allele.exposure","other_allele.exposure","eaf.exposure","beta.exposure","se.exposure","pval.exposure","samplesize.exposure","exposure","id.exposure","gene-chr","gene-pos"
1,"rs17471066",13,99164699,"C","T",0.231331,0.118954,0.00939693,1e-36,31684,"STK24","ENSG00000102572",13,99166324
4,"rs3858776",13,99161457,"T","C",0.318839,-0.143391,0.00848606,4.72e-64,31684,"STK24","ENSG00000102572",13,99166324
7,"rs4772093",13,99170520,"G","A",0.106829,0.104382,0.0128474,4.48e-16,31683,"STK24","ENSG00000102572",13,99166324
8,"rs61149949",13,99169144,"C","A",0.081643,-0.101864,0.0147361,4.76e-12,30662,"STK24","ENSG00000102572",13,99166324
