"V1","SNP","chr","pos","effect_allele.exposure","other_allele.exposure","eaf.exposure","beta.exposure","se.exposure","pval.exposure","samplesize.exposure","exposure","id.exposure","gene-chr","gene-pos"
3,"rs150954830",17,17447550,"T","C",0.0212106,0.15146,0.0313998,1.41e-06,24405,"PEMT","ENSG00000133027",17,17451949
4,"rs34208147",17,17456176,"A","G",0.0902541,0.117471,0.0157684,9.35e-14,24437,"PEMT","ENSG00000133027",17,17451949
8,"rs8075019",17,17455192,"A","G",0.138355,-0.0891469,0.0114945,8.79e-15,31684,"PEMT","ENSG00000133027",17,17451949
10,"rs9893179",17,17452512,"G","A",0.481693,-0.069064,0.00795558,3.92e-18,31567,"PEMT","ENSG00000133027",17,17451949
