"V1","SNP","chr","pos","effect_allele.exposure","other_allele.exposure","eaf.exposure","beta.exposure","se.exposure","pval.exposure","samplesize.exposure","exposure","id.exposure","gene-chr","gene-pos"
2,"rs4286195",18,57572762,"C","T",0.436619,-0.0557072,0.00803045,4.01e-12,31470,"PMAIP1","ENSG00000141682",18,57569359
8,"rs72970003",18,57567228,"G","A",0.0175554,-0.155109,0.0354196,1.19e-05,23089,"PMAIP1","ENSG00000141682",18,57569359
10,"rs9957673",18,57566388,"T","C",0.17013,0.145081,0.0105768,8.03e-43,31470,"PMAIP1","ENSG00000141682",18,57569359
