"V1","SNP","chr","pos","effect_allele.exposure","other_allele.exposure","eaf.exposure","beta.exposure","se.exposure","pval.exposure","samplesize.exposure","exposure","id.exposure","gene-chr","gene-pos"
2,"rs150273920",11,71752894,"T","C",0.0225659,-0.183549,0.0389288,2.42e-06,14935,"NUMA1","ENSG00000137497",11,71752824
9,"rs56139792",11,71755948,"A","G",0.0863131,0.197982,0.015337,4.02e-38,26787,"NUMA1","ENSG00000137497",11,71752824
11,"rs7101553",11,71753903,"C","T",0.0301655,-0.234513,0.0234546,1.55e-23,30967,"NUMA1","ENSG00000137497",11,71752824
12,"rs7115200",11,71752160,"G","T",0.430213,-0.150373,0.00804822,6.68e-78,31141,"NUMA1","ENSG00000137497",11,71752824
