"V1","SNP","chr","pos","effect_allele.exposure","other_allele.exposure","eaf.exposure","beta.exposure","se.exposure","pval.exposure","samplesize.exposure","exposure","id.exposure","gene-chr","gene-pos"
2,"rs111358491",20,5956389,"T","G",0.0988453,0.0797098,0.0164758,1.31e-06,20657,"MCM8","ENSG00000125885",20,5953575
5,"rs12480858",20,5955188,"G","A",0.0214598,0.329079,0.0330235,2.17e-23,21734,"MCM8","ENSG00000125885",20,5953575
7,"rs16991617",20,5953833,"G","A",0.0563719,-0.52047,0.018597,2.34e-172,26395,"MCM8","ENSG00000125885",20,5953575
9,"rs236102",20,5951966,"T","G",0.125935,-0.464269,0.0128033,6.52e-288,26395,"MCM8","ENSG00000125885",20,5953575
11,"rs34464794",20,5953815,"G","A",0.0575578,0.123329,0.0188311,5.78e-11,25951,"MCM8","ENSG00000125885",20,5953575
