"V1","SNP","chr","pos","effect_allele.exposure","other_allele.exposure","eaf.exposure","beta.exposure","se.exposure","pval.exposure","samplesize.exposure","exposure","id.exposure","gene-chr","gene-pos"
8,"rs34320195",22,37262753,"T","G",0.0158717,0.251359,0.0366722,7.17e-12,23756,"NCF4","ENSG00000100365",22,37265543
12,"rs35818103",22,37269062,"A","C",0.0857418,0.101462,0.0143187,1.38e-12,31060,"NCF4","ENSG00000100365",22,37265543
16,"rs4821548",22,37269945,"A","G",0.171371,-0.0913684,0.0105292,4.04e-18,31684,"NCF4","ENSG00000100365",22,37265543
18,"rs4821551",22,37270443,"T","G",0.0618111,0.111974,0.0165153,1.2e-11,31567,"NCF4","ENSG00000100365",22,37265543
