"V1","SNP","chr","pos","effect_allele.exposure","other_allele.exposure","eaf.exposure","beta.exposure","se.exposure","pval.exposure","samplesize.exposure","exposure","id.exposure","gene-chr","gene-pos"
2,"rs11647889",16,72052034,"G","C",0.136597,-0.117701,0.0115694,2.61e-24,31569,"DHODH","ENSG00000102967",16,72050720
4,"rs11864453",16,72050480,"T","C",0.391879,0.0681749,0.00812864,4.99e-17,31684,"DHODH","ENSG00000102967",16,72050720
13,"rs75329497",16,72052299,"G","A",0.111515,-0.087836,0.0126766,4.24e-12,31354,"DHODH","ENSG00000102967",16,72050720
14,"rs8046916",16,72047751,"C","G",0.0998717,0.101234,0.0132613,2.28e-14,31569,"DHODH","ENSG00000102967",16,72050720
