"V1","SNP","chr","pos","effect_allele.exposure","other_allele.exposure","eaf.exposure","beta.exposure","se.exposure","pval.exposure","samplesize.exposure","exposure","id.exposure","gene-chr","gene-pos"
3,"rs150955276",11,4136132,"T","G",0.0253153,-0.121907,0.0274863,9.2e-06,26801,"RRM1","ENSG00000167325",11,4138021
16,"rs56336381",11,4133317,"C","A",0.0791491,-0.283197,0.0146284,1.7e-83,31683,"RRM1","ENSG00000167325",11,4138021
18,"rs72844514",11,4141795,"C","T",0.0277793,-0.198952,0.0281522,1.58e-12,23308,"RRM1","ENSG00000167325",11,4138021
19,"rs7940013",11,4138304,"T","C",0.349479,0.359581,0.00809838,0,31563,"RRM1","ENSG00000167325",11,4138021
