"V1","SNP","chr","pos","effect_allele.exposure","other_allele.exposure","eaf.exposure","beta.exposure","se.exposure","pval.exposure","samplesize.exposure","exposure","id.exposure","gene-chr","gene-pos"
3,"rs11896000",2,20646109,"A","G",0.0577364,-0.0957824,0.0171438,2.31e-08,31237,"RHOB","ENSG00000143878",2,20648017
5,"rs145159244",2,20646067,"T","C",0.0162614,0.208047,0.0358232,6.34e-09,24323,"RHOB","ENSG00000143878",2,20648017
8,"rs342054",2,20650965,"T","C",0.317199,-0.0638357,0.00857292,9.61e-14,31355,"RHOB","ENSG00000143878",2,20648017
15,"rs7579125",2,20649490,"A","G",0.0540862,0.08355,0.0177028,2.36e-06,31163,"RHOB","ENSG00000143878",2,20648017
