"V1","SNP","chr","pos","effect_allele.exposure","other_allele.exposure","eaf.exposure","beta.exposure","se.exposure","pval.exposure","samplesize.exposure","exposure","id.exposure","gene-chr","gene-pos"
18,"rs3829658",19,52000672,"G","A",0.345434,0.340799,0.00893825,0,26225,"SIGLEC12","ENSG00000254521",19,51999827
19,"rs4349265",19,51996392,"G","A",0.322241,0.147921,0.0092313,8.72e-58,26609,"SIGLEC12","ENSG00000254521",19,51999827
53,"rs78569821",19,51996959,"C","A",0.0811037,0.285693,0.0158821,2.4e-72,26275,"SIGLEC12","ENSG00000254521",19,51999827
55,"rs79498998",19,51999299,"A","G",0.0402591,-0.12222,0.0235092,2.01e-07,23386,"SIGLEC12","ENSG00000254521",19,51999827
