"V1","SNP","chr","pos","effect_allele.exposure","other_allele.exposure","eaf.exposure","beta.exposure","se.exposure","pval.exposure","samplesize.exposure","exposure","id.exposure","gene-chr","gene-pos"
5,"rs2231529",11,3693253,"A","G",0.108647,-0.0852261,0.0127994,2.76e-11,31470,"CHRNA10","ENSG00000129749",11,3689715
6,"rs2231532",11,3693120,"T","C",0.427506,-0.0845674,0.00804286,7.4e-26,31470,"CHRNA10","ENSG00000129749",11,3689715
7,"rs2231546",11,3687651,"T","C",0.0617007,-0.154327,0.0168667,5.7e-20,30274,"CHRNA10","ENSG00000129749",11,3689715
20,"rs55719530",11,3690558,"T","G",0.0234229,0.25096,0.0274135,5.46e-20,29004,"CHRNA10","ENSG00000129749",11,3689715
