"V1","SNP","chr","pos","effect_allele.exposure","other_allele.exposure","eaf.exposure","beta.exposure","se.exposure","pval.exposure","samplesize.exposure","exposure","id.exposure","gene-chr","gene-pos"
1,"rs111504845",1,161565479,"A","G",0.358032,0.307915,0.019894,4.9e-54,5257,"FCGR2C","ENSG00000244682",1,161563290
4,"rs139529340",1,161563554,"G","A",0.100023,-0.665188,0.0311835,5.8e-101,5257,"FCGR2C","ENSG00000244682",1,161563290
6,"rs144508876",1,161563501,"T","G",0.0150239,-0.796064,0.0940751,2.63e-17,3746,"FCGR2C","ENSG00000244682",1,161563290
18,"rs77032824",1,161567442,"T","G",0.446373,-0.35657,0.0365668,1.82e-22,1418,"FCGR2C","ENSG00000244682",1,161563290
