"V1","SNP","chr","pos","effect_allele.exposure","other_allele.exposure","eaf.exposure","beta.exposure","se.exposure","pval.exposure","samplesize.exposure","exposure","id.exposure","gene-chr","gene-pos"
5,"rs168543",3,154020005,"A","G",0.0514376,0.370577,0.0186947,1.9e-87,28929,"DHX36","ENSG00000174953",3,154016310
8,"rs28630834",3,154016838,"G","A",0.362032,-0.0364431,0.00830743,1.15e-05,31349,"DHX36","ENSG00000174953",3,154016310
12,"rs355763",3,154012881,"C","T",0.239139,0.344488,0.00915746,0,31354,"DHX36","ENSG00000174953",3,154016310
17,"rs77533470",3,154013343,"G","A",0.0341473,0.136185,0.0243092,2.12e-08,25624,"DHX36","ENSG00000174953",3,154016310
