"V1","SNP","chr","pos","effect_allele.exposure","other_allele.exposure","eaf.exposure","beta.exposure","se.exposure","pval.exposure","samplesize.exposure","exposure","id.exposure","gene-chr","gene-pos"
6,"rs144011288",3,172387467,"T","C",0.0176209,0.226302,0.0342259,3.79e-11,24614,"NCEH1","ENSG00000144959",3,172388523
7,"rs148697433",3,172384972,"T","C",0.0248084,-0.416817,0.0916646,5.44e-06,2439,"NCEH1","ENSG00000144959",3,172388523
15,"rs35497131",3,172392657,"G","A",0.115848,0.190278,0.01253,4.39e-52,30862,"NCEH1","ENSG00000144959",3,172388523
32,"rs9883329",3,172384590,"C","T",0.366267,0.0606591,0.00824577,1.89e-13,31629,"NCEH1","ENSG00000144959",3,172388523
