"V1","SNP","chr","pos","effect_allele.exposure","other_allele.exposure","eaf.exposure","beta.exposure","se.exposure","pval.exposure","samplesize.exposure","exposure","id.exposure","gene-chr","gene-pos"
13,"rs3746031",19,4658254,"T","C",0.0261167,-0.277935,0.0310188,3.24e-19,20351,"C19orf10","ENSG00000074842",19,4655884
14,"rs4807622",19,4658607,"T","C",0.153925,0.118013,0.0149587,3.04e-15,17096,"C19orf10","ENSG00000074842",19,4655884
21,"rs72620521",19,4658432,"A","G",0.0680017,0.153546,0.0204542,6.06e-14,18801,"C19orf10","ENSG00000074842",19,4655884
