"V1","SNP","chr","pos","effect_allele.exposure","other_allele.exposure","eaf.exposure","beta.exposure","se.exposure","pval.exposure","samplesize.exposure","exposure","id.exposure","gene-chr","gene-pos"
2,"rs10043987",5,125899475,"G","A",0.181046,-0.0710719,0.0160317,9.28e-06,13100,"ALDH7A1","ENSG00000164904",5,125904321
4,"rs10067785",5,125899888,"T","C",0.171971,0.0950766,0.0164044,6.8e-09,13015,"ALDH7A1","ENSG00000164904",5,125904321
6,"rs114276199",5,125904922,"C","T",0.0379544,-0.569583,0.0359694,1.78e-56,10333,"ALDH7A1","ENSG00000164904",5,125904321
7,"rs17154671",5,125908203,"T","C",0.10846,0.472925,0.0186241,3e-142,14263,"ALDH7A1","ENSG00000164904",5,125904321
