"V1","SNP","chr","pos","effect_allele.exposure","other_allele.exposure","eaf.exposure","beta.exposure","se.exposure","pval.exposure","samplesize.exposure","exposure","id.exposure","gene-chr","gene-pos"
2,"rs113894303",17,7084814,"G","A",0.433302,0.0407654,0.00850412,1.64e-06,28134,"ASGR1","ENSG00000141505",17,7079816
6,"rs117542665",17,7077642,"A","G",0.0197246,0.283034,0.0324595,2.79e-18,24467,"ASGR1","ENSG00000141505",17,7079816
9,"rs12945299",17,7080069,"G","A",0.177481,-0.108231,0.0110485,1.17e-22,27962,"ASGR1","ENSG00000141505",17,7079816
