"V1","SNP","chr","pos","effect_allele.exposure","other_allele.exposure","eaf.exposure","beta.exposure","se.exposure","pval.exposure","samplesize.exposure","exposure","id.exposure","gene-chr","gene-pos"
11,"rs60769720",17,40058211,"A","G",0.157979,-0.191036,0.0108654,3.38e-69,31529,"ACLY","ENSG00000131473",17,40054978
12,"rs62074958",17,40050359,"T","C",0.382487,0.0597952,0.00827524,4.98e-13,30862,"ACLY","ENSG00000131473",17,40054978
15,"rs8071567",17,40052321,"T","C",0.076489,0.0826129,0.0149764,3.46e-08,31529,"ACLY","ENSG00000131473",17,40054978
