"V1","SNP","chr","pos","effect_allele.exposure","other_allele.exposure","eaf.exposure","beta.exposure","se.exposure","pval.exposure","samplesize.exposure","exposure","id.exposure","gene-chr","gene-pos"
1,"rs1007392",11,14774591,"G","A",0.429382,0.088372,0.00801037,2.67e-28,31683,"PDE3B","ENSG00000152270",11,14778809
2,"rs10430883",11,14776145,"T","C",0.0780805,-0.180308,0.014919,1.26e-33,31061,"PDE3B","ENSG00000152270",11,14778809
6,"rs16930516",11,14778269,"T","C",0.0949491,-0.122853,0.0135336,1.11e-19,31684,"PDE3B","ENSG00000152270",11,14778809
