"V1","SNP","chr","pos","effect_allele.exposure","other_allele.exposure","eaf.exposure","beta.exposure","se.exposure","pval.exposure","samplesize.exposure","exposure","id.exposure","gene-chr","gene-pos"
2,"rs11135491",5,96510570,"G","A",0.485789,0.176445,0.00790072,1.77e-110,31568,"RIOK2","ENSG00000058729",5,96507767
5,"rs17087396",5,96508998,"C","T",0.0946108,-0.21724,0.0135181,4.11e-58,31684,"RIOK2","ENSG00000058729",5,96507767
10,"rs2432123",5,96507411,"C","A",0.0801045,0.0744194,0.0146282,3.63e-07,31684,"RIOK2","ENSG00000058729",5,96507767
25,"rs35713904",5,96508943,"T","C",0.0218833,-0.257347,0.0298242,6.2e-18,26187,"RIOK2","ENSG00000058729",5,96507767
