"V1","SNP","chr","pos","effect_allele.exposure","other_allele.exposure","eaf.exposure","beta.exposure","se.exposure","pval.exposure","samplesize.exposure","exposure","id.exposure","gene-chr","gene-pos"
1,"rs12992618",2,191792847,"G","A",0.377402,0.164674,0.00818559,5.18e-90,31354,"GLS","ENSG00000115419",2,191787915
3,"rs17748089",2,191789907,"A","G",0.0670428,-0.121342,0.0159968,3.31e-14,31180,"GLS","ENSG00000115419",2,191787915
8,"rs4853531",2,191787779,"T","A",0.102386,-0.133797,0.0131509,2.59e-24,31354,"GLS","ENSG00000115419",2,191787915
9,"rs62179862",2,191788482,"G","A",0.0171107,0.209887,0.0355102,3.41e-09,23543,"GLS","ENSG00000115419",2,191787915
