"V1","SNP","chr","pos","effect_allele.exposure","other_allele.exposure","eaf.exposure","beta.exposure","se.exposure","pval.exposure","samplesize.exposure","exposure","id.exposure","gene-chr","gene-pos"
8,"rs4772496",13,103285695,"A","G",0.104892,0.100328,0.0129844,1.1e-14,31529,"TPP2","ENSG00000134900",13,103290437
13,"rs599551",13,103286814,"A","G",0.468582,0.348725,0.00772079,0,31644,"TPP2","ENSG00000134900",13,103290437
22,"rs61965651",13,103288290,"A","G",0.0238756,-0.31535,0.0290967,2.27e-27,25223,"TPP2","ENSG00000134900",13,103290437
35,"rs72651354",13,103293247,"A","G",0.0731486,-0.262023,0.0152226,2.13e-66,31529,"TPP2","ENSG00000134900",13,103290437
