"V1","SNP","chr","pos","effect_allele.exposure","other_allele.exposure","eaf.exposure","beta.exposure","se.exposure","pval.exposure","samplesize.exposure","exposure","id.exposure","gene-chr","gene-pos"
2,"rs17571870",1,39972749,"C","G",0.0390477,0.283898,0.0473605,2.04e-09,5905,"BMP8A","ENSG00000183682",1,39974462
3,"rs61779331",1,39970928,"A","C",0.241288,0.296231,0.0211566,1.52e-44,5906,"BMP8A","ENSG00000183682",1,39974462
5,"rs79468292",1,39975334,"C","T",0.0291718,-0.286972,0.0561479,3.2e-07,5574,"BMP8A","ENSG00000183682",1,39974462
8,"rs941280",1,39975241,"C","G",0.17055,-0.15724,0.0243835,1.13e-10,5903,"BMP8A","ENSG00000183682",1,39974462
