"V1","SNP","chr","pos","effect_allele.exposure","other_allele.exposure","eaf.exposure","beta.exposure","se.exposure","pval.exposure","samplesize.exposure","exposure","id.exposure","gene-chr","gene-pos"
1,"rs117130911",15,67970338,"T","C",0.0291881,0.322771,0.0245338,1.57e-39,29143,"MAP2K5","ENSG00000137764",15,67967254
2,"rs12900208",15,67963058,"G","C",0.232625,-0.509515,0.00904533,0,31061,"MAP2K5","ENSG00000137764",15,67967254
13,"rs8037887",15,67969221,"G","T",0.17263,0.287686,0.0103863,7.3e-169,31684,"MAP2K5","ENSG00000137764",15,67967254
