"V1","SNP","chr","pos","effect_allele.exposure","other_allele.exposure","eaf.exposure","beta.exposure","se.exposure","pval.exposure","samplesize.exposure","exposure","id.exposure","gene-chr","gene-pos"
7,"rs3120066",14,20919667,"C","T",0.426492,-0.060262,0.00892559,1.46e-11,25613,"APEX1","ENSG00000100823",14,20924638
10,"rs36219113",14,20922973,"A","G",0.0339628,0.127432,0.024223,1.43e-07,25947,"APEX1","ENSG00000100823",14,20924638
11,"rs3762147",14,20921053,"A","G",0.120781,-0.0702374,0.0148212,2.15e-06,21412,"APEX1","ENSG00000100823",14,20924638
12,"rs41561214",14,20923416,"T","C",0.0259182,-0.184545,0.0303168,1.15e-09,21510,"APEX1","ENSG00000100823",14,20924638
