"V1","SNP","chr","pos","effect_allele.exposure","other_allele.exposure","eaf.exposure","beta.exposure","se.exposure","pval.exposure","samplesize.exposure","exposure","id.exposure","gene-chr","gene-pos"
1,"rs111413470",21,34899738,"T","C",0.140085,0.05075,0.0114637,9.56e-06,31566,"GART","ENSG00000159131",21,34896017
3,"rs1804385",21,34896962,"G","C",0.233276,-0.135145,0.00936255,3.13e-47,31683,"GART","ENSG00000159131",21,34896017
6,"rs2834233",21,34893344,"G","A",0.109088,0.0745078,0.0127364,4.92e-09,31682,"GART","ENSG00000159131",21,34896017
8,"rs62227700",21,34897720,"G","A",0.0298046,-0.172429,0.0260475,3.6e-11,25441,"GART","ENSG00000159131",21,34896017
