"V1","SNP","chr","pos","effect_allele.exposure","other_allele.exposure","eaf.exposure","beta.exposure","se.exposure","pval.exposure","samplesize.exposure","exposure","id.exposure","gene-chr","gene-pos"
5,"rs142450355",2,38311967,"A","G",0.0300216,-0.282267,0.0242168,2.14e-31,29141,"CYP1B1","ENSG00000138061",2,38315580
24,"rs163089",2,38313696,"T","C",0.0369419,-0.18627,0.0211479,1.27e-18,31346,"CYP1B1","ENSG00000138061",2,38315580
29,"rs187236383",2,38311399,"G","C",0.0455641,0.362908,0.0200384,2.63e-73,28306,"CYP1B1","ENSG00000138061",2,38315580
32,"rs193103",2,38315020,"C","T",0.260889,-0.21121,0.00896834,1.24e-122,31684,"CYP1B1","ENSG00000138061",2,38315580
34,"rs2435962",2,38314494,"A","G",0.189213,0.053988,0.0101386,1.01e-07,31680,"CYP1B1","ENSG00000138061",2,38315580
41,"rs62136343",2,38314854,"A","G",0.0362505,0.112149,0.0219591,3.27e-07,29654,"CYP1B1","ENSG00000138061",2,38315580
