"V1","SNP","chr","pos","effect_allele.exposure","other_allele.exposure","eaf.exposure","beta.exposure","se.exposure","pval.exposure","samplesize.exposure","exposure","id.exposure","gene-chr","gene-pos"
1,"rs11869535",17,62161933,"G","A",0.0783908,0.0777617,0.0153177,3.84e-07,29472,"ERN1","ENSG00000178607",17,62163928
10,"rs2331414",17,62161454,"T","C",0.0646709,0.103864,0.0168305,6.78e-10,29143,"ERN1","ENSG00000178607",17,62163928
11,"rs3744283",17,62160131,"C","G",0.153946,-0.410455,0.0107828,0,31568,"ERN1","ENSG00000178607",17,62163928
18,"rs78029970",17,62159497,"A","T",0.0771495,-0.124508,0.0148983,6.42e-17,31569,"ERN1","ENSG00000178607",17,62163928
