"V1","SNP","chr","pos","effect_allele.exposure","other_allele.exposure","eaf.exposure","beta.exposure","se.exposure","pval.exposure","samplesize.exposure","exposure","id.exposure","gene-chr","gene-pos"
3,"rs114992182",2,37355682,"A","G",0.0261051,0.121117,0.0268242,6.33e-06,27312,"EIF2AK2","ENSG00000055332",2,37355280
5,"rs139923560",2,37359664,"G","A",0.0475975,-0.342805,0.0185923,6.51e-76,31568,"EIF2AK2","ENSG00000055332",2,37355280
7,"rs62133142",2,37351275,"A","T",0.219149,-0.11249,0.00965113,2.15e-31,31233,"EIF2AK2","ENSG00000055332",2,37355280
8,"rs72860775",2,37356992,"T","C",0.261777,0.131321,0.00905363,1.13e-47,31355,"EIF2AK2","ENSG00000055332",2,37355280
