"V1","SNP","chr","pos","effect_allele.exposure","other_allele.exposure","eaf.exposure","beta.exposure","se.exposure","pval.exposure","samplesize.exposure","exposure","id.exposure","gene-chr","gene-pos"
7,"rs12141308",1,15771545,"G","T",0.0380249,-0.253691,0.030892,2.17e-16,14256,"CTRC","ENSG00000162438",1,15770336
9,"rs3765373",1,15769139,"A","G",0.148504,0.181111,0.0187478,4.44e-22,11157,"CTRC","ENSG00000162438",1,15770336
13,"rs6658816",1,15767636,"G","A",0.372404,-0.277145,0.0120302,1.97e-117,14251,"CTRC","ENSG00000162438",1,15770336
15,"rs7527601",1,15768501,"A","G",0.0821688,-0.217838,0.0240339,1.26e-19,11395,"CTRC","ENSG00000162438",1,15770336
