"V1","SNP","chr","pos","effect_allele.exposure","other_allele.exposure","eaf.exposure","beta.exposure","se.exposure","pval.exposure","samplesize.exposure","exposure","id.exposure","gene-chr","gene-pos"
6,"rs2286165",11,67789616,"C","T",0.226048,-0.21147,0.00944053,3.92e-111,31565,"ALDH3B1","ENSG00000006534",11,67786396
10,"rs2286170",11,67782947,"T","G",0.221545,0.0433266,0.00958215,6.14e-06,31555,"ALDH3B1","ENSG00000006534",11,67786396
26,"rs77743410",11,67784593,"C","A",0.0356461,-0.221644,0.0220902,1.08e-23,29706,"ALDH3B1","ENSG00000006534",11,67786396
