"V1","SNP","chr","pos","effect_allele.exposure","other_allele.exposure","eaf.exposure","beta.exposure","se.exposure","pval.exposure","samplesize.exposure","exposure","id.exposure","gene-chr","gene-pos"
2,"rs113758978",20,3774157,"A","C",0.0604411,-0.13197,0.0168945,5.66e-15,30786,"CDC25B","ENSG00000101224",20,3777170
4,"rs11569988",20,3779234,"T","C",0.0313265,-0.126234,0.0229567,3.82e-08,31235,"CDC25B","ENSG00000101224",20,3777170
7,"rs151132251",20,3774007,"A","G",0.0211385,0.223386,0.030717,3.53e-13,25559,"CDC25B","ENSG00000101224",20,3777170
8,"rs3746644",20,3778433,"C","T",0.496004,-0.20073,0.00790624,3.35e-142,31353,"CDC25B","ENSG00000101224",20,3777170
11,"rs3761220",20,3776400,"G","C",0.257819,-0.282457,0.00900184,4.06e-216,31262,"CDC25B","ENSG00000101224",20,3777170
