"V1","SNP","chr","pos","effect_allele.exposure","other_allele.exposure","eaf.exposure","beta.exposure","se.exposure","pval.exposure","samplesize.exposure","exposure","id.exposure","gene-chr","gene-pos"
2,"rs11643888",16,68013346,"A","G",0.321639,0.172654,0.00844903,8.2e-93,31684,"DPEP3","ENSG00000141096",16,68012149
3,"rs117747571",16,68016826,"T","C",0.0189863,-0.442017,0.0336304,1.86e-39,23562,"DPEP3","ENSG00000141096",16,68012149
5,"rs148753499",16,68007575,"T","A",0.093631,0.14142,0.0143652,7.23e-23,28454,"DPEP3","ENSG00000141096",16,68012149
10,"rs255056",16,68016185,"C","G",0.151293,-0.416227,0.010871,0,31484,"DPEP3","ENSG00000141096",16,68012149
