"V1","SNP","chr","pos","effect_allele.exposure","other_allele.exposure","eaf.exposure","beta.exposure","se.exposure","pval.exposure","samplesize.exposure","exposure","id.exposure","gene-chr","gene-pos"
1,"rs10580",1,22987958,"A","G",0.0259182,-0.119157,0.0263808,6.28e-06,28437,"C1QB","ENSG00000173369",1,22983643
3,"rs17433222",1,22978646,"A","G",0.276598,0.415546,0.00856843,0,31684,"C1QB","ENSG00000173369",1,22983643
20,"rs631090",1,22986403,"C","T",0.0727386,0.144807,0.0152746,2.54e-21,31684,"C1QB","ENSG00000173369",1,22983643
22,"rs76504354",1,22983756,"T","A",0.0450688,0.247767,0.019235,5.76e-38,31235,"C1QB","ENSG00000173369",1,22983643
