"V1","SNP","chr","pos","effect_allele.exposure","other_allele.exposure","eaf.exposure","beta.exposure","se.exposure","pval.exposure","samplesize.exposure","exposure","id.exposure","gene-chr","gene-pos"
52,"rs2853617",1,236699616,"T","C",0.329018,-0.27593,0.00835489,3.39e-239,31355,"LGALS8","ENSG00000116977",1,236698790
61,"rs55954490",1,236694662,"T","C",0.037642,-1.19092,0.0204566,0,29594,"LGALS8","ENSG00000116977",1,236698790
65,"rs71642853",1,236702913,"A","G",0.0337449,-0.15354,0.0246532,4.72e-10,25190,"LGALS8","ENSG00000116977",1,236698790
73,"rs819416",1,236694860,"T","C",0.0512353,-0.269461,0.0216146,1.14e-35,21861,"LGALS8","ENSG00000116977",1,236698790
