"V1","SNP","chr","pos","effect_allele.exposure","other_allele.exposure","eaf.exposure","beta.exposure","se.exposure","pval.exposure","samplesize.exposure","exposure","id.exposure","gene-chr","gene-pos"
1,"rs1144161",6,91258257,"C","T",0.286914,-0.168023,0.00874747,3.16e-82,31569,"MAP3K7","ENSG00000135341",6,91260028
4,"rs157687",6,91258688,"C","T",0.300135,0.0525039,0.00866288,1.35e-09,31683,"MAP3K7","ENSG00000135341",6,91260028
6,"rs205343",6,91260116,"C","T",0.315106,0.0881045,0.00853825,5.79e-25,31674,"MAP3K7","ENSG00000135341",6,91260028
9,"rs34437364",6,91258204,"C","T",0.0696193,0.101773,0.0155988,6.83e-11,31684,"MAP3K7","ENSG00000135341",6,91260028
