"V1","SNP","chr","pos","effect_allele.exposure","other_allele.exposure","eaf.exposure","beta.exposure","se.exposure","pval.exposure","samplesize.exposure","exposure","id.exposure","gene-chr","gene-pos"
2,"rs1788763",18,21130634,"C","T",0.344905,0.134934,0.00833891,6.84e-59,31562,"NPC1","ENSG00000141458",18,21126584
4,"rs186822423",18,21130558,"A","G",0.0172596,-0.215346,0.0343466,3.62e-10,24948,"NPC1","ENSG00000141458",18,21126584
6,"rs34491171",18,21129874,"A","T",0.163295,-0.266846,0.0106617,3e-138,31567,"NPC1","ENSG00000141458",18,21126584
8,"rs3745023",18,21124801,"C","A",0.0330149,-0.470824,0.0221919,6.8e-100,31351,"NPC1","ENSG00000141458",18,21126584
11,"rs72884600",18,21131192,"T","C",0.0989681,0.0972387,0.013386,3.75e-13,31240,"NPC1","ENSG00000141458",18,21126584
