"V1","SNP","chr","pos","effect_allele.exposure","other_allele.exposure","eaf.exposure","beta.exposure","se.exposure","pval.exposure","samplesize.exposure","exposure","id.exposure","gene-chr","gene-pos"
1,"rs11605460",11,60715956,"T","G",0.0323014,-0.257062,0.0243823,5.47e-26,26795,"SLC15A3","ENSG00000110446",11,60712279
6,"rs2469883",11,60716412,"A","T",0.026549,0.150459,0.0259645,6.84e-09,28666,"SLC15A3","ENSG00000110446",11,60712279
13,"rs550997",11,60710089,"T","C",0.403319,0.186955,0.0080575,4.29e-119,31464,"SLC15A3","ENSG00000110446",11,60712279
20,"rs75072686",11,60716515,"T","C",0.0169772,-0.250529,0.0378637,3.68e-11,20853,"SLC15A3","ENSG00000110446",11,60712279
