"V1","SNP","chr","pos","effect_allele.exposure","other_allele.exposure","eaf.exposure","beta.exposure","se.exposure","pval.exposure","samplesize.exposure","exposure","id.exposure","gene-chr","gene-pos"
2,"rs11023186",11,14342761,"A","G",0.124018,-0.33498,0.0197633,1.94e-64,11496,"RRAS2","ENSG00000133818",11,14342762
3,"rs11023187",11,14345559,"G","T",0.377444,0.0921603,0.0135781,1.14e-11,11496,"RRAS2","ENSG00000133818",11,14342762
6,"rs150351564",11,14342524,"T","C",0.0217299,-0.225251,0.0505183,8.24e-06,9196,"RRAS2","ENSG00000133818",11,14342762
7,"rs16913816",11,14339328,"A","G",0.0367226,-0.265634,0.0351061,3.83e-14,11411,"RRAS2","ENSG00000133818",11,14342762
