"V1","SNP","chr","pos","effect_allele.exposure","other_allele.exposure","eaf.exposure","beta.exposure","se.exposure","pval.exposure","samplesize.exposure","exposure","id.exposure","gene-chr","gene-pos"
7,"rs16891440",6,26221381,"A","G",0.053653,-0.21805,0.0215989,5.79e-24,21006,"HIST1H3E","ENSG00000196966",6,26225613
15,"rs2179516",6,26229411,"T","C",0.0903642,0.530795,0.0164895,2.45e-227,21335,"HIST1H3E","ENSG00000196966",6,26225613
22,"rs73393471",6,26224629,"C","T",0.0180418,-0.208099,0.0377047,3.41e-08,19821,"HIST1H3E","ENSG00000196966",6,26225613
35,"rs806789",6,26229161,"A","C",0.542204,0.0814639,0.00970085,4.56e-17,21335,"HIST1H3E","ENSG00000196966",6,26225613
