"V1","SNP","chr","pos","effect_allele.exposure","other_allele.exposure","eaf.exposure","beta.exposure","se.exposure","pval.exposure","samplesize.exposure","exposure","id.exposure","gene-chr","gene-pos"
1,"rs10838677",11,47267079,"T","C",0.0470129,-0.428579,0.0187741,2.41e-115,31141,"ACP2","ENSG00000134575",11,47265655
14,"rs35677603",11,47268310,"T","C",0.300528,0.258089,0.00858744,1.94e-198,31351,"ACP2","ENSG00000134575",11,47265655
25,"rs7933246",11,47262648,"C","G",0.177915,-0.56248,0.00994685,0,31354,"ACP2","ENSG00000134575",11,47265655
