"V1","SNP","chr","pos","effect_allele.exposure","other_allele.exposure","eaf.exposure","beta.exposure","se.exposure","pval.exposure","samplesize.exposure","exposure","id.exposure","gene-chr","gene-pos"
2,"rs2076145",20,39792538,"T","C",0.026895,-0.166317,0.0252854,4.78e-11,29838,"PLCG1","ENSG00000124181",20,39795513
3,"rs33947984",20,39796067,"G","T",0.0579629,-0.124063,0.0172066,5.59e-13,30876,"PLCG1","ENSG00000124181",20,39795513
4,"rs34454281",20,39791741,"T","C",0.0767626,-0.0851411,0.0149145,1.14e-08,31683,"PLCG1","ENSG00000124181",20,39795513
5,"rs753381",20,39797465,"T","C",0.444586,0.0348398,0.00799224,1.31e-05,31684,"PLCG1","ENSG00000124181",20,39795513
