"V1","SNP","chr","pos","effect_allele.exposure","other_allele.exposure","eaf.exposure","beta.exposure","se.exposure","pval.exposure","samplesize.exposure","exposure","id.exposure","gene-chr","gene-pos"
18,"rs2982473",1,167515935,"C","G",0.0605632,0.341844,0.0165737,1.62e-94,31568,"CREG1","ENSG00000143162",1,167510959
19,"rs2982474",1,167514950,"C","T",0.0965647,0.246549,0.0134034,1.45e-75,31565,"CREG1","ENSG00000143162",1,167510959
22,"rs3753921",1,167513159,"C","T",0.319977,-0.273291,0.00842045,4.49e-231,31355,"CREG1","ENSG00000143162",1,167510959
37,"rs7516079",1,167515797,"T","C",0.2902,0.153536,0.00872811,2.89e-69,31555,"CREG1","ENSG00000143162",1,167510959
