"V1","SNP","chr","pos","effect_allele.exposure","other_allele.exposure","eaf.exposure","beta.exposure","se.exposure","pval.exposure","samplesize.exposure","exposure","id.exposure","gene-chr","gene-pos"
1,"rs117706066",19,51634874,"A","G",0.158053,0.144321,0.0131074,3.4e-28,21749,"SIGLEC9","ENSG00000129450",19,51634036
2,"rs1568003",19,51633660,"T","C",0.402101,-0.0414098,0.00883692,2.79e-06,26609,"SIGLEC9","ENSG00000129450",19,51634036
3,"rs2258983",19,51630482,"C","A",0.417742,0.0564805,0.00883889,1.66e-10,26271,"SIGLEC9","ENSG00000129450",19,51634036
8,"rs4374291",19,51632540,"A","G",0.140459,-0.063941,0.0126571,4.38e-07,25826,"SIGLEC9","ENSG00000129450",19,51634036
