"V1","SNP","chr","pos","effect_allele.exposure","other_allele.exposure","eaf.exposure","beta.exposure","se.exposure","pval.exposure","samplesize.exposure","exposure","id.exposure","gene-chr","gene-pos"
2,"rs10426462",19,54851922,"C","T",0.403658,-0.0649649,0.00968989,2.02e-11,22077,"LILRA4","ENSG00000239961",19,54847438
5,"rs2241385",19,54849566,"C","T",0.340914,0.0763214,0.00962002,2.13e-15,23983,"LILRA4","ENSG00000239961",19,54847438
9,"rs7254112",19,54845802,"A","G",0.269232,0.0491781,0.00899083,4.51e-08,31411,"LILRA4","ENSG00000239961",19,54847438
12,"rs73061003",19,54851525,"G","A",0.0456234,-0.105866,0.021902,1.34e-06,23914,"LILRA4","ENSG00000239961",19,54847438
