"V1","SNP","chr","pos","effect_allele.exposure","other_allele.exposure","eaf.exposure","beta.exposure","se.exposure","pval.exposure","samplesize.exposure","exposure","id.exposure","gene-chr","gene-pos"
3,"rs116069820",4,3369552,"A","G",0.018157,0.186932,0.0343271,5.16e-08,23773,"RGS12","ENSG00000159788",4,3368197
11,"rs17182201",4,3363994,"T","C",0.187502,-0.0723439,0.0101896,1.25e-12,31560,"RGS12","ENSG00000159788",4,3368197
13,"rs34052318",4,3368400,"T","C",0.0536537,-0.519179,0.0174182,3.19e-195,31569,"RGS12","ENSG00000159788",4,3368197
16,"rs60208975",4,3364530,"A","G",0.392651,0.23541,0.00804122,2.15e-188,31568,"RGS12","ENSG00000159788",4,3368197
