"V1","SNP","chr","pos","effect_allele.exposure","other_allele.exposure","eaf.exposure","beta.exposure","se.exposure","pval.exposure","samplesize.exposure","exposure","id.exposure","gene-chr","gene-pos"
3,"rs113375875",1,12648862,"T","C",0.0917638,0.124517,0.0138402,2.32e-19,31240,"DHRS3","ENSG00000162496",1,12652838
4,"rs115179971",1,12654294,"G","T",0.0220696,-0.236845,0.0300847,3.47e-15,25533,"DHRS3","ENSG00000162496",1,12652838
11,"rs72871195",1,12655725,"G","A",0.340835,-0.102715,0.00904549,6.97e-30,27071,"DHRS3","ENSG00000162496",1,12652838
13,"rs7535209",1,12650076,"C","T",0.259089,0.0647709,0.0102749,2.9e-10,24632,"DHRS3","ENSG00000162496",1,12652838
