"V1","SNP","chr","pos","effect_allele.exposure","other_allele.exposure","eaf.exposure","beta.exposure","se.exposure","pval.exposure","samplesize.exposure","exposure","id.exposure","gene-chr","gene-pos"
3,"rs113827260",20,44755641,"T","G",0.0252206,-0.22322,0.0261021,1.21e-17,29777,"CD40","ENSG00000101017",20,44752706
4,"rs11569309",20,44748550,"C","T",0.18381,0.492425,0.00987602,0,31684,"CD40","ENSG00000101017",20,44752706
6,"rs11569317",20,44750850,"G","C",0.0523095,-0.0850679,0.0180152,2.34e-06,31055,"CD40","ENSG00000101017",20,44752706
7,"rs11569323",20,44752304,"C","T",0.0902514,-0.118301,0.0138477,1.31e-17,31684,"CD40","ENSG00000101017",20,44752706
10,"rs11569334",20,44756263,"C","T",0.0473527,0.381747,0.0191473,1.93e-88,29836,"CD40","ENSG00000101017",20,44752706
13,"rs1535045",20,44748099,"T","C",0.249981,-0.0793904,0.00918105,5.28e-18,31563,"CD40","ENSG00000101017",20,44752706
18,"rs4239702",20,44749251,"T","C",0.277231,-0.29825,0.00871655,1.37e-256,31672,"CD40","ENSG00000101017",20,44752706
