"V1","SNP","chr","pos","effect_allele.exposure","other_allele.exposure","eaf.exposure","beta.exposure","se.exposure","pval.exposure","samplesize.exposure","exposure","id.exposure","gene-chr","gene-pos"
5,"rs291334",2,240146278,"A","G",0.46231,0.0346382,0.00800699,1.52e-05,31355,"HDAC4","ENSG00000068024",2,240146606
13,"rs4622755",2,240147746,"A","G",0.0863501,0.0660623,0.0141649,3.1e-06,31566,"HDAC4","ENSG00000068024",2,240146606
15,"rs56273542",2,240147102,"G","A",0.12648,-0.160345,0.0119173,2.89e-41,31684,"HDAC4","ENSG00000068024",2,240146606
20,"rs72988622",2,240146546,"T","C",0.0999618,-0.0783585,0.0133299,4.14e-09,31240,"HDAC4","ENSG00000068024",2,240146606
