"V1","SNP","chr","pos","effect_allele.exposure","other_allele.exposure","eaf.exposure","beta.exposure","se.exposure","pval.exposure","samplesize.exposure","exposure","id.exposure","gene-chr","gene-pos"
2,"rs10424470",19,848798,"C","T",0.0751845,0.096349,0.0194252,7.05e-07,19034,"ELANE","ENSG00000197561",19,853628
4,"rs2007647",19,851976,"A","G",0.196074,-0.152954,0.013128,2.27e-31,18269,"ELANE","ENSG00000197561",19,853628
6,"rs3761008",19,850023,"C","T",0.136721,0.140982,0.014576,3.96e-22,19846,"ELANE","ENSG00000197561",19,853628
11,"rs9304953",19,858027,"T","C",0.17943,0.0992156,0.0133473,1.06e-13,19008,"ELANE","ENSG00000197561",19,853628
