"V1","SNP","chr","pos","effect_allele.exposure","other_allele.exposure","eaf.exposure","beta.exposure","se.exposure","pval.exposure","samplesize.exposure","exposure","id.exposure","gene-chr","gene-pos"
1,"rs11032956",11,34988854,"A","T",0.0295155,-0.111024,0.0236583,2.69e-06,31163,"PDHX","ENSG00000110435",11,34989757
13,"rs511776",11,34987357,"T","C",0.201423,-0.0842825,0.00991163,1.84e-17,31569,"PDHX","ENSG00000110435",11,34989757
14,"rs72914744",11,34993588,"C","T",0.0314264,0.127413,0.0232998,4.54e-08,30229,"PDHX","ENSG00000110435",11,34989757
