"V1","SNP","chr","pos","effect_allele.exposure","other_allele.exposure","eaf.exposure","beta.exposure","se.exposure","pval.exposure","samplesize.exposure","exposure","id.exposure","gene-chr","gene-pos"
2,"rs1799724",6,31542482,"T","C",0.0947897,0.108206,0.0207061,1.73e-07,13564,"LTA","ENSG00000226979",6,31540966
3,"rs1799964",6,31542308,"C","T",0.21726,-0.17891,0.014642,2.46e-34,13565,"LTA","ENSG00000226979",6,31540966
7,"rs2071590",6,31539768,"A","G",0.360578,0.180364,0.0125507,7.89e-47,13561,"LTA","ENSG00000226979",6,31540966
19,"rs9267499",6,31537296,"C","G",0.104507,-0.140929,0.0202554,3.46e-12,12973,"LTA","ENSG00000226979",6,31540966
