"V1","SNP","chr","pos","effect_allele.exposure","other_allele.exposure","eaf.exposure","beta.exposure","se.exposure","pval.exposure","samplesize.exposure","exposure","id.exposure","gene-chr","gene-pos"
9,"rs35587",16,16139714,"C","T",0.30408,-0.0904499,0.00867325,1.84e-25,31300,"ABCC1","ENSG00000103222",16,16140182
16,"rs45530533",16,16141179,"T","C",0.0593207,-0.19307,0.0172006,3.09e-29,30159,"ABCC1","ENSG00000103222",16,16140182
18,"rs45565339",16,16138985,"A","G",0.0206103,0.206253,0.0396929,2.03e-07,15696,"ABCC1","ENSG00000103222",16,16140182
24,"rs7192604",16,16141160,"C","A",0.050787,-0.146181,0.0181069,6.85e-16,31568,"ABCC1","ENSG00000103222",16,16140182
