"V1","SNP","chr","pos","effect_allele.exposure","other_allele.exposure","eaf.exposure","beta.exposure","se.exposure","pval.exposure","samplesize.exposure","exposure","id.exposure","gene-chr","gene-pos"
2,"rs117782709",7,73514896,"A","G",0.0218568,0.391234,0.0474189,1.58e-16,10333,"LIMK1","ENSG00000106683",7,73517059
6,"rs178405",7,73513045,"G","T",0.21712,-0.595707,0.0136293,0,13925,"LIMK1","ENSG00000106683",7,73517059
13,"rs58406437",7,73513106,"A","G",0.0424678,-0.461387,0.02911,1.41e-56,14259,"LIMK1","ENSG00000106683",7,73517059
14,"rs62476413",7,73514271,"T","G",0.0304734,0.340177,0.0343281,3.78e-23,14263,"LIMK1","ENSG00000106683",7,73517059
