"V1","SNP","chr","pos","effect_allele.exposure","other_allele.exposure","eaf.exposure","beta.exposure","se.exposure","pval.exposure","samplesize.exposure","exposure","id.exposure","gene-chr","gene-pos"
1,"rs1439164",4,154622649,"C","T",0.152403,0.158519,0.0164231,4.81e-22,14258,"TLR2","ENSG00000137462",4,154624751
2,"rs5743700",4,154625682,"T","C",0.0493287,-0.124,0.0273213,5.66e-06,14263,"TLR2","ENSG00000137462",4,154624751
3,"rs62323856",4,154623149,"C","T",0.217487,-0.0697822,0.0143455,1.15e-06,14252,"TLR2","ENSG00000137462",4,154624751
