"V1","SNP","chr","pos","effect_allele.exposure","other_allele.exposure","eaf.exposure","beta.exposure","se.exposure","pval.exposure","samplesize.exposure","exposure","id.exposure","gene-chr","gene-pos"
4,"rs138144058",8,90982425,"T","C",0.0396859,0.10686,0.0205177,1.91e-07,31140,"NBN","ENSG00000104320",8,90980510
5,"rs138618201",8,90977881,"A","C",0.0515658,-0.22152,0.0192854,1.54e-30,27356,"NBN","ENSG00000104320",8,90980510
16,"rs741777",8,90976116,"T","C",0.336157,-0.339557,0.00859606,0,28762,"NBN","ENSG00000104320",8,90980510
19,"rs77265692",8,90982893,"G","A",0.0141263,-0.219727,0.0433763,4.07e-07,19056,"NBN","ENSG00000104320",8,90980510
