"V1","SNP","chr","pos","effect_allele.exposure","other_allele.exposure","eaf.exposure","beta.exposure","se.exposure","pval.exposure","samplesize.exposure","exposure","id.exposure","gene-chr","gene-pos"
3,"rs117488017",7,142620951,"A","T",0.0289637,0.523358,0.100187,1.75e-07,1744,"TRPV5","ENSG00000127412",7,142618086
4,"rs12532408",7,142613974,"A","G",0.0376575,-0.501591,0.04155,1.48e-33,7846,"TRPV5","ENSG00000127412",7,142618086
5,"rs1404045",7,142617638,"C","T",0.0913286,0.329166,0.0261102,1.94e-36,8679,"TRPV5","ENSG00000127412",7,142618086
10,"rs4252441",7,142621931,"C","T",0.0186405,0.651593,0.0684806,1.82e-21,5738,"TRPV5","ENSG00000127412",7,142618086
