"V1","SNP","chr","pos","effect_allele.exposure","other_allele.exposure","eaf.exposure","beta.exposure","se.exposure","pval.exposure","samplesize.exposure","exposure","id.exposure","gene-chr","gene-pos"
3,"rs11730582",4,88896421,"C","T",0.482807,0.317098,0.00777385,0,31470,"SPP1","ENSG00000118785",4,88900690
5,"rs2853744",4,88896248,"T","G",0.0768455,-0.280228,0.0149602,2.74e-78,31141,"SPP1","ENSG00000118785",4,88900690
9,"rs35382133",4,88902851,"C","T",0.021815,0.172675,0.0278958,6.02e-10,30073,"SPP1","ENSG00000118785",4,88900690
11,"rs55723832",4,88904261,"G","A",0.0129077,-0.195301,0.0458001,2.01e-05,18690,"SPP1","ENSG00000118785",4,88900690
12,"rs6532039",4,88900362,"G","A",0.384692,0.34187,0.00802089,0,31017,"SPP1","ENSG00000118785",4,88900690
