"V1","SNP","chr","pos","effect_allele.exposure","other_allele.exposure","eaf.exposure","beta.exposure","se.exposure","pval.exposure","samplesize.exposure","exposure","id.exposure","gene-chr","gene-pos"
1,"rs12119788",1,153330178,"A","G",0.0825882,0.194407,0.0151549,1.14e-37,28569,"S100A9","ENSG00000163220",1,153331916
2,"rs151130058",1,153333350,"T","C",0.0188102,0.375152,0.0414936,1.55e-19,15653,"S100A9","ENSG00000163220",1,153331916
6,"rs2916193",1,153331849,"A","G",0.252602,-0.172124,0.00922038,9.05e-78,30803,"S100A9","ENSG00000163220",1,153331916
7,"rs6691934",1,153328571,"G","A",0.111538,0.0735041,0.0129669,1.44e-08,29978,"S100A9","ENSG00000163220",1,153331916
