"V1","SNP","chr","pos","effect_allele.exposure","other_allele.exposure","eaf.exposure","beta.exposure","se.exposure","pval.exposure","samplesize.exposure","exposure","id.exposure","gene-chr","gene-pos"
4,"rs117147554",15,66729976,"T","C",0.0296776,-0.169299,0.0359277,2.45e-06,13428,"MAP2K1","ENSG00000169032",15,66731902
6,"rs12594707",15,66733748,"T","C",0.0853433,0.130524,0.0211642,6.95e-10,14262,"MAP2K1","ENSG00000169032",15,66731902
11,"rs78136741",15,66728310,"G","A",0.238818,-0.20249,0.0137833,7.36e-49,14262,"MAP2K1","ENSG00000169032",15,66731902
12,"rs8036023",15,66731285,"C","G",0.332037,0.0627105,0.0125612,5.96e-07,14263,"MAP2K1","ENSG00000169032",15,66731902
