"V1","SNP","chr","pos","effect_allele.exposure","other_allele.exposure","eaf.exposure","beta.exposure","se.exposure","pval.exposure","samplesize.exposure","exposure","id.exposure","gene-chr","gene-pos"
1,"rs113043636",3,14207525,"T","C",0.0229248,0.152915,0.0282329,6.09e-08,27976,"XPC","ENSG00000154767",3,14203465
3,"rs3731102",3,14208397,"A","G",0.0217623,-0.48964,0.0276661,4.33e-70,30371,"XPC","ENSG00000154767",3,14203465
5,"rs3731106",3,14207983,"C","T",0.257879,-0.0581727,0.00909119,1.57e-10,31568,"XPC","ENSG00000154767",3,14203465
7,"rs3731125",3,14201352,"C","T",0.0875268,0.0782956,0.0140501,2.51e-08,31684,"XPC","ENSG00000154767",3,14203465
