"V1","SNP","chr","pos","effect_allele.exposure","other_allele.exposure","eaf.exposure","beta.exposure","se.exposure","pval.exposure","samplesize.exposure","exposure","id.exposure","gene-chr","gene-pos"
1,"rs117719943",20,30983020,"A","G",0.0310317,0.312928,0.0258029,7.54e-34,24829,"ASXL1","ENSG00000171456",20,30986638
5,"rs2424885",20,30984556,"A","G",0.172744,-0.0637849,0.0105214,1.34e-09,31568,"ASXL1","ENSG00000171456",20,30986638
10,"rs6141302",20,30984239,"T","G",0.407528,0.174158,0.00802519,1.99e-104,31683,"ASXL1","ENSG00000171456",20,30986638
