"V1","SNP","chr","pos","effect_allele.exposure","other_allele.exposure","eaf.exposure","beta.exposure","se.exposure","pval.exposure","samplesize.exposure","exposure","id.exposure","gene-chr","gene-pos"
3,"rs113040969",14,94852812,"T","C",0.0491773,-0.174828,0.0191988,8.53e-20,28927,"SERPINA1","ENSG00000197249",14,94850057
7,"rs148443991",14,94846536,"A","C",0.0160323,0.496723,0.0487261,2.1e-24,13246,"SERPINA1","ENSG00000197249",14,94850057
18,"rs2749531",14,94852692,"A","G",0.252426,-0.185479,0.00913364,1.11e-91,31348,"SERPINA1","ENSG00000197249",14,94850057
19,"rs3748312",14,94854264,"T","C",0.149882,0.277564,0.0111965,1.14e-135,30688,"SERPINA1","ENSG00000197249",14,94850057
20,"rs3748313",14,94854040,"A","G",0.190585,-0.370417,0.0102262,2.7e-287,29682,"SERPINA1","ENSG00000197249",14,94850057
23,"rs3748317",14,94853679,"A","C",0.158315,0.360718,0.0109979,6.12e-236,29947,"SERPINA1","ENSG00000197249",14,94850057
29,"rs6575424",14,94854852,"T","C",0.342212,0.413129,0.00819137,0,30560,"SERPINA1","ENSG00000197249",14,94850057
33,"rs72706301",14,94852219,"A","G",0.0215261,-0.513397,0.0279439,2.19e-75,30063,"SERPINA1","ENSG00000197249",14,94850057
36,"rs75285293",14,94852796,"C","T",0.0188952,-0.313962,0.030754,1.81e-24,28412,"SERPINA1","ENSG00000197249",14,94850057
