"V1","SNP","chr","pos","effect_allele.exposure","other_allele.exposure","eaf.exposure","beta.exposure","se.exposure","pval.exposure","samplesize.exposure","exposure","id.exposure","gene-chr","gene-pos"
1,"rs111516901",4,144812858,"T","C",0.0879591,-0.421256,0.0339356,2.21e-35,5258,"GYPE","ENSG00000197465",4,144809368
2,"rs116753663",4,144812728,"A","G",0.0332665,-0.462585,0.0576904,1.07e-15,4607,"GYPE","ENSG00000197465",4,144809368
14,"rs73853569",4,144805205,"A","C",0.0753496,-0.401294,0.0681153,3.83e-09,1512,"GYPE","ENSG00000197465",4,144809368
16,"rs7695853",4,144804396,"G","C",0.324769,1.00896,0.0140262,0,6415,"GYPE","ENSG00000197465",4,144809368
