"V1","SNP","chr","pos","effect_allele.exposure","other_allele.exposure","eaf.exposure","beta.exposure","se.exposure","pval.exposure","samplesize.exposure","exposure","id.exposure","gene-chr","gene-pos"
1,"rs10753927",1,202881609,"T","C",0.138937,0.16778,0.0115064,3.69e-48,31355,"KLHL12","ENSG00000117153",1,202878996
3,"rs12043834",1,202875654,"C","T",0.0305736,0.250242,0.0262434,1.49e-21,24404,"KLHL12","ENSG00000117153",1,202878996
11,"rs73089392",1,202875417,"G","C",0.231978,-0.141839,0.00944093,5.13e-51,31260,"KLHL12","ENSG00000117153",1,202878996
