"V1","SNP","chr","pos","effect_allele.exposure","other_allele.exposure","eaf.exposure","beta.exposure","se.exposure","pval.exposure","samplesize.exposure","exposure","id.exposure","gene-chr","gene-pos"
5,"rs117946652",16,2906711,"T","C",0.0246663,-0.205528,0.0347893,3.47e-09,17136,"PRSS22","ENSG00000005001",16,2905449
6,"rs12924912",16,2909374,"T","G",0.332178,0.132287,0.00957283,1.96e-43,24405,"PRSS22","ENSG00000005001",16,2905449
7,"rs1557762",16,2910199,"A","G",0.256767,-0.177863,0.00974101,1.75e-74,27278,"PRSS22","ENSG00000005001",16,2905449
9,"rs4785911",16,2901290,"G","A",0.174186,-0.0453044,0.0105462,1.74e-05,31231,"PRSS22","ENSG00000005001",16,2905449
