"V1","SNP","chr","pos","effect_allele.exposure","other_allele.exposure","eaf.exposure","beta.exposure","se.exposure","pval.exposure","samplesize.exposure","exposure","id.exposure","gene-chr","gene-pos"
8,"rs150466281",12,52308674,"A","T",0.0858693,0.122278,0.0159703,1.91e-14,24916,"ACVRL1","ENSG00000139567",12,52308918
12,"rs2277381",12,52306027,"G","C",0.115337,-0.435415,0.0136372,1.07e-223,25330,"ACVRL1","ENSG00000139567",12,52308918
13,"rs2277382",12,52306221,"T","C",0.0841039,0.0745988,0.0159665,2.98e-06,25442,"ACVRL1","ENSG00000139567",12,52308918
14,"rs35960167",12,52306687,"G","C",0.447697,0.134733,0.00893394,2.16e-51,25108,"ACVRL1","ENSG00000139567",12,52308918
16,"rs4762029",12,52312392,"T","G",0.0361319,-0.238989,0.0253973,4.96e-21,22169,"ACVRL1","ENSG00000139567",12,52308918
