"V1","SNP","chr","pos","effect_allele.exposure","other_allele.exposure","eaf.exposure","beta.exposure","se.exposure","pval.exposure","samplesize.exposure","exposure","id.exposure","gene-chr","gene-pos"
8,"rs3774641",3,45937833,"T","G",0.205025,0.0768852,0.00986391,6.46e-15,31470,"CCR9","ENSG00000173585",3,45936331
9,"rs56058226",3,45935018,"T","C",0.342548,-0.118737,0.00847855,1.47e-44,30688,"CCR9","ENSG00000173585",3,45936331
15,"rs7614342",3,45940817,"T","A",0.1584,0.0526554,0.0109334,1.46e-06,31354,"CCR9","ENSG00000173585",3,45936331
20,"rs9869542",3,45934588,"C","T",0.194051,0.0648199,0.0100727,1.23e-10,31470,"CCR9","ENSG00000173585",3,45936331
