"V1","SNP","chr","pos","effect_allele.exposure","other_allele.exposure","eaf.exposure","beta.exposure","se.exposure","pval.exposure","samplesize.exposure","exposure","id.exposure","gene-chr","gene-pos"
1,"rs12042845",1,85429801,"G","A",0.152204,0.0879139,0.0110681,1.97e-15,31569,"MCOLN2","ENSG00000153898",1,85427032
2,"rs41383647",1,85426256,"C","T",0.04043,-0.231503,0.0202317,2.56e-30,31355,"MCOLN2","ENSG00000153898",1,85427032
6,"rs78577787",1,85425087,"A","G",0.0474133,0.34289,0.0191601,1.27e-71,29836,"MCOLN2","ENSG00000153898",1,85427032
8,"rs79787871",1,85429986,"T","G",0.0663079,0.0815393,0.0162578,5.29e-07,30532,"MCOLN2","ENSG00000153898",1,85427032
