"V1","SNP","chr","pos","effect_allele.exposure","other_allele.exposure","eaf.exposure","beta.exposure","se.exposure","pval.exposure","samplesize.exposure","exposure","id.exposure","gene-chr","gene-pos"
6,"rs2298297",1,20964270,"G","C",0.138682,0.0950618,0.0125398,3.43e-14,26563,"PINK1","ENSG00000158828",1,20968976
21,"rs72650846",1,20967172,"A","G",0.197641,0.258057,0.00988839,3.94e-150,31565,"PINK1","ENSG00000158828",1,20968976
22,"rs80074940",1,20968562,"C","T",0.0148795,0.183061,0.0399627,4.63e-06,21339,"PINK1","ENSG00000158828",1,20968976
26,"rs931161",1,20965771,"G","A",0.392238,-0.21203,0.00806385,2.25e-152,31564,"PINK1","ENSG00000158828",1,20968976
