"V1","SNP","chr","pos","effect_allele.exposure","other_allele.exposure","eaf.exposure","beta.exposure","se.exposure","pval.exposure","samplesize.exposure","exposure","id.exposure","gene-chr","gene-pos"
11,"rs34601878",11,113260898,"G","A",0.485543,-0.204807,0.007879,5.79e-149,31568,"ANKK1","ENSG00000170209",11,113264826
12,"rs34863235",11,113266679,"T","C",0.180722,-0.101815,0.0103273,6.28e-23,31566,"ANKK1","ENSG00000170209",11,113264826
21,"rs75698063",11,113267173,"T","C",0.0623789,-0.102553,0.0164924,5.03e-10,31390,"ANKK1","ENSG00000170209",11,113264826
