"V1","SNP","chr","pos","effect_allele.exposure","other_allele.exposure","eaf.exposure","beta.exposure","se.exposure","pval.exposure","samplesize.exposure","exposure","id.exposure","gene-chr","gene-pos"
2,"rs116985356",13,25039683,"C","T",0.110006,-0.206192,0.0188434,7.23e-28,14263,"PARP4","ENSG00000102699",13,25041006
12,"rs149259709",13,25040475,"G","A",0.0128621,-0.347982,0.0660182,1.36e-07,9007,"PARP4","ENSG00000102699",13,25041006
28,"rs4770687",13,25040121,"G","A",0.423229,0.23723,0.0118196,1.32e-89,14259,"PARP4","ENSG00000102699",13,25041006
71,"rs9551104",13,25039692,"G","C",0.0773383,0.177588,0.022115,9.73e-16,14263,"PARP4","ENSG00000102699",13,25041006
