"V1","SNP","chr","pos","effect_allele.exposure","other_allele.exposure","eaf.exposure","beta.exposure","se.exposure","pval.exposure","samplesize.exposure","exposure","id.exposure","gene-chr","gene-pos"
4,"rs3813630",1,161280249,"G","A",0.140341,-0.07464,0.0120081,5.11e-10,28703,"MPZ","ENSG00000158887",1,161277143
5,"rs55690323",1,161281866,"A","G",0.217929,-0.0902712,0.00966026,9.22e-21,31349,"MPZ","ENSG00000158887",1,161277143
7,"rs77745808",1,161280980,"G","A",0.0347816,-0.423236,0.0231669,1.46e-74,27416,"MPZ","ENSG00000158887",1,161277143
