"V1","SNP","chr","pos","effect_allele.exposure","other_allele.exposure","eaf.exposure","beta.exposure","se.exposure","pval.exposure","samplesize.exposure","exposure","id.exposure","gene-chr","gene-pos"
3,"rs116642053",19,55374033,"G","C",0.0317821,1.10769,0.0514037,5.43e-103,5685,"KIR3DL2","ENSG00000240403",19,55370280
4,"rs117675776",19,55373710,"A","T",0.0403727,-0.232922,0.0544516,1.89e-05,4334,"KIR3DL2","ENSG00000240403",19,55370280
10,"rs601838",19,55372167,"G","T",0.380119,0.62975,0.0195421,7.83e-228,4518,"KIR3DL2","ENSG00000240403",19,55370280
11,"rs77637758",19,55374087,"C","T",0.068252,-0.171944,0.0385958,8.39e-06,5258,"KIR3DL2","ENSG00000240403",19,55370280
