"V1","SNP","chr","pos","effect_allele.exposure","other_allele.exposure","eaf.exposure","beta.exposure","se.exposure","pval.exposure","samplesize.exposure","exposure","id.exposure","gene-chr","gene-pos"
1,"rs116088703",1,235498377,"A","G",0.112101,0.388828,0.0124232,4.88e-215,31569,"GGPS1","ENSG00000152904",1,235499256
2,"rs116222647",1,235496582,"G","C",0.0324506,-0.139276,0.0241463,8.02e-09,27278,"GGPS1","ENSG00000152904",1,235499256
3,"rs2789369",1,235503515,"G","A",0.468389,0.148216,0.00793177,6.39e-78,31569,"GGPS1","ENSG00000152904",1,235499256
8,"rs59540354",1,235501424,"A","G",0.0484377,-0.229807,0.0189876,1.02e-33,29942,"GGPS1","ENSG00000152904",1,235499256
