"V1","SNP","chr","pos","effect_allele.exposure","other_allele.exposure","eaf.exposure","beta.exposure","se.exposure","pval.exposure","samplesize.exposure","exposure","id.exposure","gene-chr","gene-pos"
5,"rs1439960",2,24854396,"A","G",0.0445195,-0.111255,0.0195185,1.2e-08,30820,"NCOA1","ENSG00000084676",2,24854177
7,"rs1439962",2,24851426,"G","A",0.519272,0.133648,0.00802633,2.97e-62,30815,"NCOA1","ENSG00000084676",2,24854177
11,"rs6712685",2,24855001,"A","T",0.0220676,0.160674,0.0275892,5.75e-09,30405,"NCOA1","ENSG00000084676",2,24854177
16,"rs7567564",2,24856103,"T","A",0.248153,0.0771878,0.00932963,1.3e-16,30721,"NCOA1","ENSG00000084676",2,24854177
17,"rs80156079",2,24858744,"T","A",0.031932,0.132287,0.02302,9.11e-09,30491,"NCOA1","ENSG00000084676",2,24854177
