"V1","SNP","chr","pos","effect_allele.exposure","other_allele.exposure","eaf.exposure","beta.exposure","se.exposure","pval.exposure","samplesize.exposure","exposure","id.exposure","gene-chr","gene-pos"
1,"rs111799818",3,184025335,"C","G",0.0255459,0.180672,0.0377437,1.69e-06,14077,"PSMD2","ENSG00000175166",3,184021669
2,"rs114651463",3,184016753,"T","C",0.0300035,0.297896,0.034732,9.74e-18,14169,"PSMD2","ENSG00000175166",3,184021669
3,"rs11545169",3,184020542,"T","G",0.160188,-0.161407,0.0160924,1.13e-23,14251,"PSMD2","ENSG00000175166",3,184021669
4,"rs11545172",3,184019681,"A","G",0.0407612,0.205375,0.0298953,6.43e-12,14262,"PSMD2","ENSG00000175166",3,184021669
10,"rs4912536",3,184016712,"G","C",0.269684,0.295703,0.0131506,5.72e-112,14174,"PSMD2","ENSG00000175166",3,184021669
11,"rs55782344",3,184017888,"C","T",0.216675,-0.182983,0.0142896,1.53e-37,14263,"PSMD2","ENSG00000175166",3,184021669
12,"rs60496486",3,184021626,"T","C",0.0276827,0.216919,0.040297,7.33e-08,11411,"PSMD2","ENSG00000175166",3,184021669
