"V1","SNP","chr","pos","effect_allele.exposure","other_allele.exposure","eaf.exposure","beta.exposure","se.exposure","pval.exposure","samplesize.exposure","exposure","id.exposure","gene-chr","gene-pos"
1,"rs2229738",11,68562328,"T","C",0.0721132,0.0916587,0.0174117,1.41e-07,24621,"CPT1A","ENSG00000110090",11,68566983
2,"rs4930248",11,68565904,"C","T",0.37949,-0.189612,0.00815915,1.83e-119,31355,"CPT1A","ENSG00000110090",11,68566983
3,"rs7129243",11,68563888,"A","G",0.0664043,-0.116613,0.0171701,1.11e-11,27310,"CPT1A","ENSG00000110090",11,68566983
4,"rs72943258",11,68569624,"G","A",0.011871,-0.268756,0.0601217,7.81e-06,11772,"CPT1A","ENSG00000110090",11,68566983
