"V1","SNP","chr","pos","effect_allele.exposure","other_allele.exposure","eaf.exposure","beta.exposure","se.exposure","pval.exposure","samplesize.exposure","exposure","id.exposure","gene-chr","gene-pos"
4,"rs117649091",19,34866775,"T","C",0.0209386,0.392086,0.0290035,1.21e-41,28812,"GPI","ENSG00000105220",19,34871723
8,"rs36041853",19,34876121,"A","G",0.0734806,-0.0800752,0.0152985,1.66e-07,31351,"GPI","ENSG00000105220",19,34871723
9,"rs62122224",19,34871826,"A","G",0.191912,-0.0694292,0.0102421,1.21e-11,30688,"GPI","ENSG00000105220",19,34871723
20,"rs8191403",19,34875140,"T","A",0.0421802,0.108464,0.0204921,1.2e-07,29446,"GPI","ENSG00000105220",19,34871723
