"V1","SNP","chr","pos","effect_allele.exposure","other_allele.exposure","eaf.exposure","beta.exposure","se.exposure","pval.exposure","samplesize.exposure","exposure","id.exposure","gene-chr","gene-pos"
2,"rs11064001",12,6142807,"T","C",0.0788622,-0.082518,0.0149003,3.06e-08,30971,"VWF","ENSG00000110799",12,6145988
18,"rs183356",12,6150824,"G","A",0.103782,-0.245817,0.0130555,4.4e-79,31184,"VWF","ENSG00000110799",12,6145988
33,"rs216326",12,6145948,"G","A",0.415887,-0.18589,0.00804107,3.08e-118,31298,"VWF","ENSG00000110799",12,6145988
47,"rs216340",12,6149799,"A","G",0.208313,0.115398,0.00982024,6.98e-32,31300,"VWF","ENSG00000110799",12,6145988
56,"rs71181446",12,6142402,"A","G",0.0531037,-0.117763,0.0183673,1.44e-10,29433,"VWF","ENSG00000110799",12,6145988
60,"rs74927907",12,6150901,"T","C",0.0303951,0.197775,0.024777,1.44e-15,27573,"VWF","ENSG00000110799",12,6145988
61,"rs76838327",12,6146586,"A","G",0.0355258,0.204378,0.0234427,2.83e-18,26478,"VWF","ENSG00000110799",12,6145988
