"V1","SNP","chr","pos","effect_allele.exposure","other_allele.exposure","eaf.exposure","beta.exposure","se.exposure","pval.exposure","samplesize.exposure","exposure","id.exposure","gene-chr","gene-pos"
2,"rs114603881",1,154293923,"G","T",0.038736,0.687172,0.0216793,1.71e-220,27566,"AQP10","ENSG00000143595",1,154295683
7,"rs12563213",1,154291255,"C","G",0.242621,0.102934,0.00934796,3.37e-28,31017,"AQP10","ENSG00000143595",1,154295683
13,"rs35950207",1,154291958,"T","C",0.303356,0.215595,0.00858512,3.62e-139,31470,"AQP10","ENSG00000143595",1,154295683
15,"rs41308403",1,154294560,"T","C",0.0783044,-0.13745,0.0151885,1.43e-19,29949,"AQP10","ENSG00000143595",1,154295683
