"V1","SNP","chr","pos","effect_allele.exposure","other_allele.exposure","eaf.exposure","beta.exposure","se.exposure","pval.exposure","samplesize.exposure","exposure","id.exposure","gene-chr","gene-pos"
5,"rs147410928",3,124546823,"T","C",0.0189725,0.204728,0.0297813,6.23e-12,30243,"ITGB5","ENSG00000082781",3,124543734
7,"rs2076722",3,124547871,"C","T",0.240891,-0.059729,0.00929143,1.29e-10,31630,"ITGB5","ENSG00000082781",3,124543734
9,"rs4677946",3,124546047,"G","A",0.206791,0.149728,0.00977873,6.4e-53,31644,"ITGB5","ENSG00000082781",3,124543734
11,"rs4678166",3,124540556,"T","C",0.114665,-0.111911,0.01246,2.67e-19,31643,"ITGB5","ENSG00000082781",3,124543734
