"V1","SNP","chr","pos","effect_allele.exposure","other_allele.exposure","eaf.exposure","beta.exposure","se.exposure","pval.exposure","samplesize.exposure","exposure","id.exposure","gene-chr","gene-pos"
1,"rs111650398",5,180354343,"G","C",0.0249021,-0.44303,0.026595,2.63e-62,28835,"BTNL8","ENSG00000113303",5,180351991
5,"rs140906733",5,180353220,"T","G",0.0154268,0.235018,0.0469209,5.48e-07,14928,"BTNL8","ENSG00000113303",5,180351991
19,"rs6864181",5,180356028,"G","A",0.0875191,0.39743,0.0140488,4.69e-176,30922,"BTNL8","ENSG00000113303",5,180351991
23,"rs7703520",5,180347004,"T","C",0.390148,-0.426927,0.00795621,0,30318,"BTNL8","ENSG00000113303",5,180351991
