"V1","SNP","chr","pos","effect_allele.exposure","other_allele.exposure","eaf.exposure","beta.exposure","se.exposure","pval.exposure","samplesize.exposure","exposure","id.exposure","gene-chr","gene-pos"
3,"rs11959305",5,135386382,"A","C",0.0572374,-0.134195,0.0180151,9.41e-14,28495,"TGFBI","ENSG00000120708",5,135382045
17,"rs41298960",5,135382524,"T","C",0.0640915,0.22545,0.0167916,4.24e-41,29384,"TGFBI","ENSG00000120708",5,135382045
18,"rs45451099",5,135386016,"A","G",0.0457699,0.0925989,0.0216585,1.91e-05,24389,"TGFBI","ENSG00000120708",5,135382045
21,"rs6897320",5,135380764,"T","C",0.289661,0.0779822,0.00876283,5.63e-19,31568,"TGFBI","ENSG00000120708",5,135382045
