"V1","SNP","chr","pos","effect_allele.exposure","other_allele.exposure","eaf.exposure","beta.exposure","se.exposure","pval.exposure","samplesize.exposure","exposure","id.exposure","gene-chr","gene-pos"
2,"rs10824065",10,75822074,"T","C",0.441972,0.193937,0.00793983,9.1e-132,31562,"VCL","ENSG00000035403",10,75818895
5,"rs112800912",10,75819791,"T","G",0.0260203,0.275237,0.0256292,6.66e-27,29921,"VCL","ENSG00000035403",10,75818895
8,"rs139722462",10,75817281,"A","T",0.0172631,-0.446727,0.0360601,3.02e-35,22511,"VCL","ENSG00000035403",10,75818895
12,"rs75154343",10,75818457,"C","T",0.0171893,0.198042,0.0372469,1.05e-07,21306,"VCL","ENSG00000035403",10,75818895
