"V1","SNP","chr","pos","effect_allele.exposure","other_allele.exposure","eaf.exposure","beta.exposure","se.exposure","pval.exposure","samplesize.exposure","exposure","id.exposure","gene-chr","gene-pos"
7,"rs12770335",10,72604263,"T","G",0.128016,-0.0690966,0.0119781,7.99e-09,31185,"SGPL1","ENSG00000166224",10,72608323
8,"rs1338642",10,72612923,"G","C",0.372169,-0.0874266,0.00821848,1.99e-26,31567,"SGPL1","ENSG00000166224",10,72608323
9,"rs28604340",10,72603707,"C","A",0.0582207,0.699387,0.0165337,0,31569,"SGPL1","ENSG00000166224",10,72608323
