"V1","SNP","chr","pos","effect_allele.exposure","other_allele.exposure","eaf.exposure","beta.exposure","se.exposure","pval.exposure","samplesize.exposure","exposure","id.exposure","gene-chr","gene-pos"
6,"rs11465396",19,7807458,"G","A",0.0383783,-0.116631,0.0212265,3.92e-08,30037,"CD209","ENSG00000090659",19,7808671
11,"rs11465427",19,7804730,"T","C",0.458203,-0.128067,0.00804019,4.03e-57,30902,"CD209","ENSG00000090659",19,7808671
12,"rs11465428",19,7804672,"A","C",0.0784717,-0.153431,0.0153772,1.91e-23,29141,"CD209","ENSG00000090659",19,7808671
19,"rs7252229",19,7812181,"C","G",0.131524,-0.0590753,0.0118749,6.53e-07,31017,"CD209","ENSG00000090659",19,7808671
