"V1","SNP","chr","pos","effect_allele.exposure","other_allele.exposure","eaf.exposure","beta.exposure","se.exposure","pval.exposure","samplesize.exposure","exposure","id.exposure","gene-chr","gene-pos"
2,"rs10987752",9,130595251,"T","G",0.356662,-0.0801659,0.00964877,9.7e-17,23336,"ENG","ENSG00000106991",9,130597163
4,"rs117725674",9,130593768,"G","T",0.0285132,-0.211703,0.0243589,3.59e-18,30344,"ENG","ENSG00000106991",9,130597163
5,"rs11792480",9,130598125,"A","G",0.315167,0.145784,0.00961508,6.31e-52,24828,"ENG","ENSG00000106991",9,130597163
10,"rs2005129",9,130599958,"T","C",0.0704643,0.142498,0.0188425,3.95e-14,21445,"ENG","ENSG00000106991",9,130597163
12,"rs41476651",9,130601576,"T","C",0.102539,-0.432814,0.0129605,1.62e-244,31231,"ENG","ENSG00000106991",9,130597163
