"V1","SNP","chr","pos","effect_allele.exposure","other_allele.exposure","eaf.exposure","beta.exposure","se.exposure","pval.exposure","samplesize.exposure","exposure","id.exposure","gene-chr","gene-pos"
4,"rs117123246",16,53499051,"T","C",0.0268896,0.440677,0.0275423,1.28e-57,24934,"RBL2","ENSG00000103479",16,53496725
7,"rs147794746",16,53497043,"A","G",0.0148458,-0.501046,0.0481451,2.3e-25,14640,"RBL2","ENSG00000103479",16,53496725
8,"rs17801093",16,53496181,"A","C",0.131072,-0.538952,0.0113959,0,31568,"RBL2","ENSG00000103479",16,53496725
9,"rs2024449",16,53494617,"C","T",0.429806,-0.674299,0.00707448,0,31680,"RBL2","ENSG00000103479",16,53496725
