"V1","SNP","chr","pos","effect_allele.exposure","other_allele.exposure","eaf.exposure","beta.exposure","se.exposure","pval.exposure","samplesize.exposure","exposure","id.exposure","gene-chr","gene-pos"
7,"rs13380056",15,85601861,"C","T",0.228012,0.0664292,0.00947878,2.41e-12,31567,"PDE8A","ENSG00000073417",15,85603023
11,"rs34054841",15,85601346,"G","C",0.191881,-0.115466,0.0100856,2.39e-30,31568,"PDE8A","ENSG00000073417",15,85603023
21,"rs67703134",15,85603225,"G","C",0.0148307,0.223663,0.0377962,3.27e-09,23921,"PDE8A","ENSG00000073417",15,85603023
26,"rs79773011",15,85601065,"G","A",0.0309201,-0.163865,0.0239115,7.23e-12,29137,"PDE8A","ENSG00000073417",15,85603023
