"V1","SNP","chr","pos","effect_allele.exposure","other_allele.exposure","eaf.exposure","beta.exposure","se.exposure","pval.exposure","samplesize.exposure","exposure","id.exposure","gene-chr","gene-pos"
7,"rs144620789",4,176736306,"T","C",0.0172835,-0.534148,0.100889,1.19e-07,2864,"GPM6A","ENSG00000150625",4,176738950
8,"rs62338074",4,176735335,"T","C",0.480989,-0.068842,0.00798409,6.56e-18,31345,"GPM6A","ENSG00000150625",4,176738950
10,"rs78438550",4,176738434,"A","G",0.043813,-0.123853,0.0197861,3.86e-10,30447,"GPM6A","ENSG00000150625",4,176738950
