"V1","SNP","chr","pos","effect_allele.exposure","other_allele.exposure","eaf.exposure","beta.exposure","se.exposure","pval.exposure","samplesize.exposure","exposure","id.exposure","gene-chr","gene-pos"
1,"rs115874570",3,15531416,"T","C",0.0313894,0.142206,0.0238609,2.53e-09,28850,"COLQ","ENSG00000206561",3,15527449
3,"rs12631578",3,15528576,"C","A",0.317673,-0.12851,0.00853116,2.81e-51,31467,"COLQ","ENSG00000206561",3,15527449
5,"rs6773439",3,15530595,"A","G",0.156357,0.128243,0.0109512,1.13e-31,31470,"COLQ","ENSG00000206561",3,15527449
6,"rs79229736",3,15532267,"T","C",0.0500678,-0.108247,0.0192091,1.75e-08,28459,"COLQ","ENSG00000206561",3,15527449
