"V1","SNP","chr","pos","effect_allele.exposure","other_allele.exposure","eaf.exposure","beta.exposure","se.exposure","pval.exposure","samplesize.exposure","exposure","id.exposure","gene-chr","gene-pos"
1,"rs112883279",3,12669843,"G","A",0.0584718,0.0869773,0.0173455,5.32e-07,30164,"RAF1","ENSG00000132155",3,12665412
6,"rs11924289",3,12660951,"C","T",0.102914,0.119605,0.0130808,6.04e-20,31568,"RAF1","ENSG00000132155",3,12665412
8,"rs13069889",3,12667680,"T","G",0.392372,0.152178,0.00810546,1.21e-78,31569,"RAF1","ENSG00000132155",3,12665412
