"V1","SNP","chr","pos","effect_allele.exposure","other_allele.exposure","eaf.exposure","beta.exposure","se.exposure","pval.exposure","samplesize.exposure","exposure","id.exposure","gene-chr","gene-pos"
4,"rs13057866",22,38069622,"A","G",0.0210246,0.562926,0.0304347,2.22e-76,25884,"LGALS1","ENSG00000100097",22,38073714
5,"rs150762963",22,38074154,"T","C",0.0268904,0.135084,0.0273361,7.75e-07,25547,"LGALS1","ENSG00000100097",22,38073714
11,"rs62236671",22,38069305,"A","G",0.330431,-0.297678,0.00893676,2.8e-243,27187,"LGALS1","ENSG00000100097",22,38073714
16,"rs80062196",22,38069068,"A","C",0.0595252,0.452187,0.0166268,7.2e-163,31568,"LGALS1","ENSG00000100097",22,38073714
