"V1","SNP","chr","pos","effect_allele.exposure","other_allele.exposure","eaf.exposure","beta.exposure","se.exposure","pval.exposure","samplesize.exposure","exposure","id.exposure","gene-chr","gene-pos"
5,"rs13440146",9,123681451,"T","G",0.0664301,-0.218656,0.0159433,8.3e-43,31529,"TRAF1","ENSG00000056558",9,123678061
7,"rs2159778",9,123678129,"G","A",0.351929,-0.157249,0.00829136,3.3e-80,31529,"TRAF1","ENSG00000056558",9,123678061
11,"rs7025182",9,123677625,"C","G",0.0287795,0.113399,0.0265274,1.91e-05,25402,"TRAF1","ENSG00000056558",9,123678061
13,"rs78916292",9,123679085,"T","C",0.0217265,0.140769,0.0302598,3.29e-06,25672,"TRAF1","ENSG00000056558",9,123678061
