"V1","SNP","chr","pos","effect_allele.exposure","other_allele.exposure","eaf.exposure","beta.exposure","se.exposure","pval.exposure","samplesize.exposure","exposure","id.exposure","gene-chr","gene-pos"
3,"rs113212382",15,75136339,"C","T",0.0203366,0.447097,0.0334985,1.24e-40,22187,"ULK3","ENSG00000140474",15,75132072
13,"rs55973697",15,75129584,"C","A",0.0184447,-0.23319,0.049846,2.89e-06,11093,"ULK3","ENSG00000140474",15,75132072
18,"rs872263",15,75136444,"T","C",0.183841,-0.202332,0.0102615,1.52e-86,31258,"ULK3","ENSG00000140474",15,75132072
19,"rs873192",15,75137004,"C","T",0.0202666,-0.16708,0.0286077,5.21e-09,30733,"ULK3","ENSG00000140474",15,75132072
21,"rs9210",15,75128501,"T","C",0.265549,0.501706,0.00854221,0,31684,"ULK3","ENSG00000140474",15,75132072
