"V1","SNP","chr","pos","effect_allele.exposure","other_allele.exposure","eaf.exposure","beta.exposure","se.exposure","pval.exposure","samplesize.exposure","exposure","id.exposure","gene-chr","gene-pos"
4,"rs17268652",11,34474518,"G","T",0.0556288,0.48813,0.0188534,8.45e-148,26106,"CAT","ENSG00000121691",11,34477040
5,"rs191944922",11,34478667,"A","G",0.0150101,-0.235438,0.0443252,1.09e-07,17184,"CAT","ENSG00000121691",11,34477040
7,"rs2073059",11,34477876,"C","G",0.0883911,-0.466193,0.013961,1.76e-244,30721,"CAT","ENSG00000121691",11,34477040
8,"rs2076556",11,34473422,"G","A",0.133207,-0.570897,0.0114171,0,30721,"CAT","ENSG00000121691",11,34477040
12,"rs7933285",11,34477125,"T","C",0.244842,-0.219696,0.00929803,1.98e-123,30721,"CAT","ENSG00000121691",11,34477040
