"V1","SNP","chr","pos","effect_allele.exposure","other_allele.exposure","eaf.exposure","beta.exposure","se.exposure","pval.exposure","samplesize.exposure","exposure","id.exposure","gene-chr","gene-pos"
5,"rs111495139",15,79229232,"G","A",0.097369,0.492755,0.013135,5.36e-308,31567,"CTSH","ENSG00000103811",15,79227658
7,"rs113452494",15,79232126,"C","G",0.0885295,-0.339277,0.0138792,5.69e-132,31569,"CTSH","ENSG00000103811",15,79227658
20,"rs192710189",15,79225414,"T","C",0.0239417,0.166819,0.0298424,2.27e-08,23996,"CTSH","ENSG00000103811",15,79227658
31,"rs7496812",15,79222924,"C","T",0.341419,-0.361715,0.00814291,0,31563,"CTSH","ENSG00000103811",15,79227658
