"V1","SNP","chr","pos","effect_allele.exposure","other_allele.exposure","eaf.exposure","beta.exposure","se.exposure","pval.exposure","samplesize.exposure","exposure","id.exposure","gene-chr","gene-pos"
1,"rs115624851",2,219661614,"A","G",0.0134802,0.662392,0.0599428,2.18e-28,10342,"CYP27A1","ENSG00000135929",2,219663244
17,"rs182460951",2,219658424,"T","C",0.0133283,-0.560593,0.0768273,2.95e-13,6388,"CYP27A1","ENSG00000135929",2,219663244
18,"rs186660677",2,219663367,"G","A",0.0206589,-0.651287,0.0441144,2.51e-49,12481,"CYP27A1","ENSG00000135929",2,219663244
27,"rs6741592",2,219658609,"C","T",0.502445,-0.831365,0.0064925,0,31051,"CYP27A1","ENSG00000135929",2,219663244
