"V1","SNP","chr","pos","effect_allele.exposure","other_allele.exposure","eaf.exposure","beta.exposure","se.exposure","pval.exposure","samplesize.exposure","exposure","id.exposure","gene-chr","gene-pos"
2,"rs13058062",22,50684296,"T","C",0.255887,0.195032,0.0200977,2.89e-22,6407,"HDAC10","ENSG00000100429",22,50686723
6,"rs34402301",22,50686371,"T","C",0.0490666,-0.334881,0.0406379,1.71e-16,6421,"HDAC10","ENSG00000100429",22,50686723
14,"rs75847948",22,50690365,"A","G",0.026408,-0.298171,0.0553009,6.98e-08,6330,"HDAC10","ENSG00000100429",22,50686723
