"V1","SNP","chr","pos","effect_allele.exposure","other_allele.exposure","eaf.exposure","beta.exposure","se.exposure","pval.exposure","samplesize.exposure","exposure","id.exposure","gene-chr","gene-pos"
2,"rs34324219",11,59623378,"A","C",0.108607,-0.235821,0.0189263,1.23e-35,14263,"TCN1","ENSG00000134827",11,59627160
3,"rs34528912",11,59631535,"T","C",0.0420166,-0.475506,0.0325712,2.85e-48,11496,"TCN1","ENSG00000134827",11,59627160
5,"rs557564",11,59629305,"T","C",0.269829,0.155198,0.013278,1.46e-31,14258,"TCN1","ENSG00000134827",11,59627160
