"V1","SNP","chr","pos","effect_allele.exposure","other_allele.exposure","eaf.exposure","beta.exposure","se.exposure","pval.exposure","samplesize.exposure","exposure","id.exposure","gene-chr","gene-pos"
1,"rs10131976",14,75376036,"T","C",0.0854285,-0.103749,0.0142266,3.04e-13,31565,"RPS6KL1","ENSG00000198208",14,75380378
5,"rs12147862",14,75384471,"C","T",0.356149,0.210642,0.0082116,4.04e-145,31679,"RPS6KL1","ENSG00000198208",14,75380378
10,"rs3213717",14,75378347,"T","C",0.135644,-0.080118,0.011882,1.55e-11,30159,"RPS6KL1","ENSG00000198208",14,75380378
18,"rs759057",14,75378331,"T","C",0.0229961,-0.129148,0.0299591,1.63e-05,24774,"RPS6KL1","ENSG00000198208",14,75380378
