"V1","SNP","chr","pos","effect_allele.exposure","other_allele.exposure","eaf.exposure","beta.exposure","se.exposure","pval.exposure","samplesize.exposure","exposure","id.exposure","gene-chr","gene-pos"
1,"rs115430761",4,159614291,"T","C",0.0148225,0.244954,0.0395546,5.91e-10,21847,"ETFDH","ENSG00000171503",4,159612026
2,"rs12644851",4,159608162,"A","G",0.506019,-0.13751,0.0091573,5.73e-51,23628,"ETFDH","ENSG00000171503",4,159612026
5,"rs72693395",4,159612318,"C","T",0.114207,-0.251192,0.0137161,6.45e-75,25936,"ETFDH","ENSG00000171503",4,159612026
6,"rs78628731",4,159610141,"A","G",0.0201544,0.410908,0.0346168,1.69e-32,20988,"ETFDH","ENSG00000171503",4,159612026
