"V1","SNP","chr","pos","effect_allele.exposure","other_allele.exposure","eaf.exposure","beta.exposure","se.exposure","pval.exposure","samplesize.exposure","exposure","id.exposure","gene-chr","gene-pos"
1,"rs115365506",3,169779954,"A","G",0.0399595,-0.257484,0.0314649,2.76e-16,13097,"GPR160","ENSG00000173890",3,169779454
2,"rs11925129",3,169775228,"A","C",0.118066,0.829453,0.0169838,0,14262,"GPR160","ENSG00000173890",3,169779454
6,"rs2241296",3,169775249,"A","T",0.425018,0.475415,0.0112965,0,14262,"GPR160","ENSG00000173890",3,169779454
14,"rs6444891",3,169774821,"T","C",0.1703,-0.262916,0.0155965,9.26e-64,14263,"GPR160","ENSG00000173890",3,169779454
