"V1","SNP","chr","pos","effect_allele.exposure","other_allele.exposure","eaf.exposure","beta.exposure","se.exposure","pval.exposure","samplesize.exposure","exposure","id.exposure","gene-chr","gene-pos"
1,"rs117381526",21,44838466,"C","T",0.0222654,-0.187554,0.0295939,2.33e-10,26184,"SIK1","ENSG00000142178",21,44840701
4,"rs229344",21,44837082,"A","T",0.108563,-0.123112,0.0133945,3.88e-20,28711,"SIK1","ENSG00000142178",21,44840701
8,"rs492340",21,44838661,"T","C",0.202994,0.0617223,0.0107695,9.97e-09,26615,"SIK1","ENSG00000142178",21,44840701
