"V1","SNP","chr","pos","effect_allele.exposure","other_allele.exposure","eaf.exposure","beta.exposure","se.exposure","pval.exposure","samplesize.exposure","exposure","id.exposure","gene-chr","gene-pos"
1,"rs10776676",10,135201128,"A","G",0.122415,-0.153204,0.0141168,1.94e-27,23237,"PAOX","ENSG00000148832",10,135198946
12,"rs149014570",10,135202877,"T","C",0.0379063,-0.315022,0.0232279,6.71e-42,25227,"PAOX","ENSG00000148832",10,135198946
19,"rs61868270",10,135202882,"T","C",0.0827353,0.117665,0.0183663,1.49e-10,19492,"PAOX","ENSG00000148832",10,135198946
20,"rs73389490",10,135198184,"G","A",0.0228904,-0.294356,0.0374584,3.9e-15,15870,"PAOX","ENSG00000148832",10,135198946
