"V1","SNP","chr","pos","effect_allele.exposure","other_allele.exposure","eaf.exposure","beta.exposure","se.exposure","pval.exposure","samplesize.exposure","exposure","id.exposure","gene-chr","gene-pos"
2,"rs138686161",2,85772478,"T","C",0.0269171,0.726716,0.045609,3.7e-57,8923,"MAT2A","ENSG00000168906",2,85769345
3,"rs147348486",2,85766300,"A","G",0.0159061,-0.36414,0.0759795,1.65e-06,5510,"MAT2A","ENSG00000168906",2,85769345
9,"rs62165899",2,85772628,"T","C",0.116668,0.231026,0.022853,5.03e-24,9188,"MAT2A","ENSG00000168906",2,85769345
10,"rs6729475",2,85765205,"A","C",0.215059,-0.180504,0.0178555,5.03e-24,9188,"MAT2A","ENSG00000168906",2,85769345
