"V1","SNP","chr","pos","effect_allele.exposure","other_allele.exposure","eaf.exposure","beta.exposure","se.exposure","pval.exposure","samplesize.exposure","exposure","id.exposure","gene-chr","gene-pos"
7,"rs117742227",15,55549874,"G","A",0.0377293,-0.168105,0.0210479,1.38e-15,31023,"RAB27A","ENSG00000069974",15,55553237
14,"rs17819054",15,55554327,"T","A",0.0926753,0.142879,0.0138256,4.92e-25,31002,"RAB27A","ENSG00000069974",15,55553237
17,"rs56042059",15,55556773,"C","G",0.186754,-0.136492,0.0101896,6.45e-41,31527,"RAB27A","ENSG00000069974",15,55553237
19,"rs58228361",15,55548969,"G","A",0.387158,-0.0929202,0.00818637,7.37e-30,31315,"RAB27A","ENSG00000069974",15,55553237
