"V1","SNP","chr","pos","effect_allele.exposure","other_allele.exposure","eaf.exposure","beta.exposure","se.exposure","pval.exposure","samplesize.exposure","exposure","id.exposure","gene-chr","gene-pos"
3,"rs116263144",3,148595541,"C","A",0.0639404,0.0805664,0.0163467,8.28e-07,31240,"CPA3","ENSG00000163751",3,148599013
4,"rs13061278",3,148596830,"T","C",0.366328,0.107554,0.00823793,5.87e-39,31569,"CPA3","ENSG00000163751",3,148599013
5,"rs141199706",3,148594919,"T","C",0.0226357,-0.242841,0.029486,1.78e-16,25927,"CPA3","ENSG00000163751",3,148599013
6,"rs35793858",3,148599441,"C","T",0.0332786,-0.24088,0.0224719,8.27e-27,30662,"CPA3","ENSG00000163751",3,148599013
