"V1","SNP","chr","pos","effect_allele.exposure","other_allele.exposure","eaf.exposure","beta.exposure","se.exposure","pval.exposure","samplesize.exposure","exposure","id.exposure","gene-chr","gene-pos"
3,"rs1688267",19,49328385,"C","T",0.302864,0.076418,0.00935875,3.2e-16,26971,"HSD17B14","ENSG00000087076",19,49328104
7,"rs34582651",19,49324625,"T","C",0.0456493,0.122209,0.0208711,4.76e-09,26313,"HSD17B14","ENSG00000087076",19,49328104
10,"rs4802511",19,49329285,"A","G",0.17055,-0.232638,0.011289,2.36e-94,27309,"HSD17B14","ENSG00000087076",19,49328104
15,"rs662102",19,49331532,"T","G",0.404308,0.121761,0.00882329,2.55e-43,26477,"HSD17B14","ENSG00000087076",19,49328104
