"V1","SNP","chr","pos","effect_allele.exposure","other_allele.exposure","eaf.exposure","beta.exposure","se.exposure","pval.exposure","samplesize.exposure","exposure","id.exposure","gene-chr","gene-pos"
3,"rs178723",5,172193874,"A","G",0.492431,0.0418027,0.00795757,1.49e-07,31565,"DUSP1","ENSG00000120129",5,172196645
4,"rs191221",5,172200678,"T","C",0.167516,-0.0506435,0.0106537,2e-06,31565,"DUSP1","ENSG00000120129",5,172196645
9,"rs34683389",5,172198639,"A","C",0.0453867,-0.0859621,0.0198765,1.53e-05,29190,"DUSP1","ENSG00000120129",5,172196645
14,"rs7702178",5,172196997,"C","T",0.17231,0.107787,0.0105017,1.03e-24,31684,"DUSP1","ENSG00000120129",5,172196645
