"V1","SNP","chr","pos","effect_allele.exposure","other_allele.exposure","eaf.exposure","beta.exposure","se.exposure","pval.exposure","samplesize.exposure","exposure","id.exposure","gene-chr","gene-pos"
1,"rs115092994",1,46185726,"G","A",0.0387288,-0.239089,0.0229131,1.72e-25,25472,"IPP","ENSG00000197429",1,46188159
13,"rs28550303",1,46188914,"T","G",0.282348,-0.334083,0.00940959,4.17e-276,26609,"IPP","ENSG00000197429",1,46188159
21,"rs55659201",1,46192545,"A","G",0.23771,0.0657012,0.0101989,1.18e-10,26486,"IPP","ENSG00000197429",1,46188159
22,"rs72688502",1,46183259,"A","G",0.0299097,-0.28443,0.0284004,1.31e-23,21264,"IPP","ENSG00000197429",1,46188159
