"V1","SNP","chr","pos","effect_allele.exposure","other_allele.exposure","eaf.exposure","beta.exposure","se.exposure","pval.exposure","samplesize.exposure","exposure","id.exposure","gene-chr","gene-pos"
2,"rs11623400",14,25044212,"A","G",0.285261,-0.11533,0.00897479,8.56e-38,30280,"CTSG","ENSG00000100448",14,25044097
5,"rs12878578",14,25045589,"A","G",0.11044,0.722807,0.0120277,0,31569,"CTSG","ENSG00000100448",14,25044097
6,"rs12878759",14,25045684,"G","A",0.0416823,-0.133905,0.0207109,1.01e-10,29138,"CTSG","ENSG00000100448",14,25044097
9,"rs1957523",14,25044712,"C","T",0.509527,0.163032,0.00789358,9.02e-95,31684,"CTSG","ENSG00000100448",14,25044097
