"V1","SNP","chr","pos","effect_allele.exposure","other_allele.exposure","eaf.exposure","beta.exposure","se.exposure","pval.exposure","samplesize.exposure","exposure","id.exposure","gene-chr","gene-pos"
4,"rs1800799",12,15039295,"A","G",0.0451585,0.0986656,0.0199987,8.07e-07,28970,"MGP","ENSG00000111341",12,15036487
5,"rs1800801",12,15038788,"T","C",0.353283,0.177526,0.00836584,6.19e-100,30819,"MGP","ENSG00000111341",12,15036487
6,"rs1800802",12,15038919,"G","A",0.194118,-0.0601812,0.0101785,3.37e-09,30815,"MGP","ENSG00000111341",12,15036487
14,"rs71537691",12,15033918,"T","C",0.0225941,0.137301,0.0278028,7.88e-07,29267,"MGP","ENSG00000111341",12,15036487
