"V1","SNP","chr","pos","effect_allele.exposure","other_allele.exposure","eaf.exposure","beta.exposure","se.exposure","pval.exposure","samplesize.exposure","exposure","id.exposure","gene-chr","gene-pos"
10,"rs269918",19,55427480,"A","C",0.470483,-0.0702915,0.00804158,2.31e-18,30958,"NCR1","ENSG00000189430",19,55422508
13,"rs3765013",19,55420801,"A","C",0.207688,-0.0658077,0.0106097,5.55e-10,26954,"NCR1","ENSG00000189430",19,55422508
16,"rs3826881",19,55423828,"A","G",0.0572768,-0.0965499,0.0186815,2.36e-07,26506,"NCR1","ENSG00000189430",19,55422508
