"V1","SNP","chr","pos","effect_allele.exposure","other_allele.exposure","eaf.exposure","beta.exposure","se.exposure","pval.exposure","samplesize.exposure","exposure","id.exposure","gene-chr","gene-pos"
2,"rs1800396",4,186067510,"C","T",0.421034,0.0400134,0.00808614,7.48e-07,31347,"SLC25A4","ENSG00000151729",4,186066414
5,"rs60894332",4,186067675,"G","A",0.047569,-0.319864,0.0187734,4.28e-65,31023,"SLC25A4","ENSG00000151729",4,186066414
7,"rs67596855",4,186064967,"A","G",0.111634,-0.0688365,0.0127433,6.6e-08,31018,"SLC25A4","ENSG00000151729",4,186066414
9,"rs7660552",4,186068637,"A","G",0.133174,0.0702855,0.0117256,2.04e-09,31469,"SLC25A4","ENSG00000151729",4,186066414
