"V1","SNP","chr","pos","effect_allele.exposure","other_allele.exposure","eaf.exposure","beta.exposure","se.exposure","pval.exposure","samplesize.exposure","exposure","id.exposure","gene-chr","gene-pos"
5,"rs138848243",12,123196457,"A","G",0.0175824,-0.215653,0.0408944,1.34e-07,17281,"HCAR3","ENSG00000255398",12,123200371
13,"rs2262194",12,123198921,"G","T",0.210506,0.345084,0.0112592,2.73e-206,22793,"HCAR3","ENSG00000255398",12,123200371
31,"rs588293",12,123195427,"G","A",0.435548,-0.383527,0.0090969,0,22799,"HCAR3","ENSG00000255398",12,123200371
33,"rs61955030",12,123197906,"G","T",0.0991283,-0.167787,0.0181144,2e-20,16977,"HCAR3","ENSG00000255398",12,123200371
