"V1","SNP","chr","pos","effect_allele.exposure","other_allele.exposure","eaf.exposure","beta.exposure","se.exposure","pval.exposure","samplesize.exposure","exposure","id.exposure","gene-chr","gene-pos"
11,"rs12122956",1,53073630,"C","A",0.0656589,0.301926,0.015978,1.22e-79,31568,"GPX7","ENSG00000116157",1,53071383
13,"rs1416093",1,53067034,"T","C",0.268462,0.475927,0.00855603,0,31684,"GPX7","ENSG00000116157",1,53071383
15,"rs144223873",1,53075074,"A","G",0.0148727,-0.377653,0.0467276,6.37e-16,15564,"GPX7","ENSG00000116157",1,53071383
16,"rs146629787",1,53075107,"A","G",0.0334373,-0.348396,0.0225905,1.16e-53,30077,"GPX7","ENSG00000116157",1,53071383
23,"rs34766522",1,53072059,"G","T",0.0635127,0.194688,0.0163827,1.44e-32,31180,"GPX7","ENSG00000116157",1,53071383
25,"rs35455603",1,53069463,"A","G",0.0596973,0.548201,0.0165122,1.09e-241,31567,"GPX7","ENSG00000116157",1,53071383
28,"rs35947490",1,53071949,"A","C",0.0421474,-0.328902,0.0208271,3.53e-56,28303,"GPX7","ENSG00000116157",1,53071383
