"V1","SNP","chr","pos","effect_allele.exposure","other_allele.exposure","eaf.exposure","beta.exposure","se.exposure","pval.exposure","samplesize.exposure","exposure","id.exposure","gene-chr","gene-pos"
3,"rs10197533",2,55267153,"A","T",0.0662062,0.148952,0.0159844,1.18e-20,31568,"RTN4","ENSG00000115310",2,55269541
15,"rs2972082",2,55271364,"T","A",0.215832,-0.109579,0.0105443,2.69e-25,26462,"RTN4","ENSG00000115310",2,55269541
19,"rs62134853",2,55267202,"C","T",0.0529495,-0.0788774,0.0182781,1.59e-05,29825,"RTN4","ENSG00000115310",2,55269541
20,"rs6545467",2,55269948,"T","C",0.41303,0.28995,0.00791648,1.1e-293,31567,"RTN4","ENSG00000115310",2,55269541
