"V1","SNP","chr","pos","effect_allele.exposure","other_allele.exposure","eaf.exposure","beta.exposure","se.exposure","pval.exposure","samplesize.exposure","exposure","id.exposure","gene-chr","gene-pos"
2,"rs12805749",11,44616658,"A","G",0.0529348,-0.15927,0.018585,1.04e-17,28801,"CD82","ENSG00000085117",11,44613945
5,"rs7118753",11,44609129,"A","T",0.300009,-0.0444739,0.00945087,2.53e-06,26633,"CD82","ENSG00000085117",11,44613945
7,"rs7350506",11,44612353,"G","C",0.208071,0.0772536,0.011714,4.25e-11,22071,"CD82","ENSG00000085117",11,44613945
