"V1","SNP","chr","pos","effect_allele.exposure","other_allele.exposure","eaf.exposure","beta.exposure","se.exposure","pval.exposure","samplesize.exposure","exposure","id.exposure","gene-chr","gene-pos"
1,"rs1048512",1,159994898,"A","G",0.186799,-0.206443,0.0101451,4.74e-92,31566,"PIGM","ENSG00000143315",1,159999622
5,"rs1319086",1,159997004,"T","C",0.166823,-0.0855328,0.0106448,9.34e-16,31681,"PIGM","ENSG00000143315",1,159999622
8,"rs1934084",1,159996066,"C","T",0.385283,0.240817,0.00804987,1.24e-196,31684,"PIGM","ENSG00000143315",1,159999622
10,"rs2275404",1,159998440,"A","G",0.072411,0.379423,0.0153023,1.01e-135,31176,"PIGM","ENSG00000143315",1,159999622
