"V1","SNP","chr","pos","effect_allele.exposure","other_allele.exposure","eaf.exposure","beta.exposure","se.exposure","pval.exposure","samplesize.exposure","exposure","id.exposure","gene-chr","gene-pos"
2,"rs2676531",17,40704185,"C","T",0.440166,0.160813,0.0088383,5.65e-74,25644,"HSD17B1","ENSG00000108786",17,40704231
5,"rs2854973",17,40700448,"C","G",0.0585094,0.160254,0.0188614,1.96e-17,25443,"HSD17B1","ENSG00000108786",17,40704231
19,"rs78371914",17,40700006,"T","C",0.0157872,0.214559,0.0488456,1.12e-05,13468,"HSD17B1","ENSG00000108786",17,40704231
