"V1","SNP","chr","pos","effect_allele.exposure","other_allele.exposure","eaf.exposure","beta.exposure","se.exposure","pval.exposure","samplesize.exposure","exposure","id.exposure","gene-chr","gene-pos"
4,"rs3729912",22,22160384,"C","T",0.0943217,0.116371,0.0142214,2.77e-16,28873,"MAPK1","ENSG00000100030",22,22165379
6,"rs4821339",22,22169199,"T","G",0.414464,0.0483545,0.00896616,6.93e-08,25600,"MAPK1","ENSG00000100030",22,22165379
8,"rs9610355",22,22163633,"A","G",0.0496293,0.257834,0.0186534,1.87e-43,30276,"MAPK1","ENSG00000100030",22,22165379
