"V1","SNP","chr","pos","effect_allele.exposure","other_allele.exposure","eaf.exposure","beta.exposure","se.exposure","pval.exposure","samplesize.exposure","exposure","id.exposure","gene-chr","gene-pos"
1,"rs138249239",17,47308105,"G","A",0.0250385,0.415311,0.0276933,7.7e-51,26482,"PHOSPHO1","ENSG00000173868",17,47304426
2,"rs2293218",17,47300823,"A","G",0.181361,-0.104054,0.0104225,1.8e-23,30902,"PHOSPHO1","ENSG00000173868",17,47304426
4,"rs55978930",17,47299789,"G","A",0.317846,-0.112962,0.00855218,7.83e-40,31355,"PHOSPHO1","ENSG00000173868",17,47304426
5,"rs74584378",17,47306829,"T","C",0.251835,0.0776761,0.00920661,3.26e-17,31237,"PHOSPHO1","ENSG00000173868",17,47304426
