"V1","SNP","chr","pos","effect_allele.exposure","other_allele.exposure","eaf.exposure","beta.exposure","se.exposure","pval.exposure","samplesize.exposure","exposure","id.exposure","gene-chr","gene-pos"
6,"rs1212166",4,87626028,"G","A",0.320869,0.0425883,0.00853575,6.06e-07,31470,"PTPN13","ENSG00000163629",4,87625896
7,"rs17012007",4,87625733,"C","G",0.0415188,-0.134861,0.020003,1.56e-11,31355,"PTPN13","ENSG00000163629",4,87625896
17,"rs79391476",4,87630518,"G","A",0.23058,-0.0977981,0.00944726,4.1e-25,31470,"PTPN13","ENSG00000163629",4,87625896
