"V1","SNP","chr","pos","effect_allele.exposure","other_allele.exposure","eaf.exposure","beta.exposure","se.exposure","pval.exposure","samplesize.exposure","exposure","id.exposure","gene-chr","gene-pos"
5,"rs11175406",12,64869748,"T","C",0.110234,-0.145745,0.0126818,1.44e-30,31564,"TBK1","ENSG00000183735",12,64870774
8,"rs12367468",12,64869118,"T","C",0.444804,-0.162911,0.00794178,1.64e-93,31680,"TBK1","ENSG00000183735",12,64870774
10,"rs61933201",12,64875264,"T","C",0.11466,-0.385311,0.0122788,3.77e-216,31684,"TBK1","ENSG00000183735",12,64870774
13,"rs7972334",12,64874852,"C","T",0.0728137,0.12385,0.0152732,5.1e-16,31684,"TBK1","ENSG00000183735",12,64870774
