"V1","SNP","chr","pos","effect_allele.exposure","other_allele.exposure","eaf.exposure","beta.exposure","se.exposure","pval.exposure","samplesize.exposure","exposure","id.exposure","gene-chr","gene-pos"
4,"rs12711513",1,207262980,"T","G",0.478466,-0.253141,0.0079281,1.03e-223,30859,"C4BPB","ENSG00000123843",1,207267762
8,"rs56009508",1,207268072,"G","T",0.0218454,0.265588,0.0320751,1.23e-16,22676,"C4BPB","ENSG00000123843",1,207267762
11,"rs72468029",1,207272272,"A","T",0.0686004,0.0851461,0.0159467,9.33e-08,30744,"C4BPB","ENSG00000123843",1,207267762
14,"rs78667607",1,207271862,"G","T",0.051936,-0.0968398,0.0183736,1.36e-07,30051,"C4BPB","ENSG00000123843",1,207267762
