"V1","SNP","chr","pos","effect_allele.exposure","other_allele.exposure","eaf.exposure","beta.exposure","se.exposure","pval.exposure","samplesize.exposure","exposure","id.exposure","gene-chr","gene-pos"
50,"rs116371977",6,31140068,"T","C",0.0282348,0.943694,0.0451809,7.03e-97,8491,"PSORS1C3","ENSG00000204528",6,31143594
62,"rs117588763",6,31145402,"T","C",0.0220265,0.519471,0.0553406,6.19e-21,7491,"PSORS1C3","ENSG00000204528",6,31143594
65,"rs139804853",6,31144462,"A","G",0.0991007,-0.213052,0.0255777,8.11e-17,8491,"PSORS1C3","ENSG00000204528",6,31143594
73,"rs192460891",6,31145000,"G","T",0.155842,-0.113148,0.021227,9.8e-08,8406,"PSORS1C3","ENSG00000204528",6,31143594
