"V1","SNP","chr","pos","effect_allele.exposure","other_allele.exposure","eaf.exposure","beta.exposure","se.exposure","pval.exposure","samplesize.exposure","exposure","id.exposure","gene-chr","gene-pos"
2,"rs114002754",3,344758,"T","G",0.0675183,-0.128987,0.0160332,8.62e-16,30828,"CHL1","ENSG00000134121",3,344684
12,"rs193081",3,340919,"G","A",0.116473,-0.0692007,0.0123856,2.31e-08,31642,"CHL1","ENSG00000134121",3,344684
14,"rs331880",3,342405,"T","C",0.0914327,0.0652681,0.0141506,3.98e-06,30037,"CHL1","ENSG00000134121",3,344684
19,"rs459427",3,348733,"C","A",0.436375,-0.0797855,0.00800256,2.06e-23,31644,"CHL1","ENSG00000134121",3,344684
