"V1","SNP","chr","pos","effect_allele.exposure","other_allele.exposure","eaf.exposure","beta.exposure","se.exposure","pval.exposure","samplesize.exposure","exposure","id.exposure","gene-chr","gene-pos"
4,"rs12761234",10,135349914,"C","T",0.119286,0.106333,0.0124733,1.53e-17,30518,"CYP2E1","ENSG00000130649",10,135354317
8,"rs149360100",10,135358054,"A","G",0.0150291,0.326354,0.0546766,2.39e-09,11263,"CYP2E1","ENSG00000130649",10,135354317
17,"rs7082229",10,135352978,"T","C",0.026035,0.309009,0.0282618,7.95e-28,24568,"CYP2E1","ENSG00000130649",10,135354317
19,"rs71484084",10,135355203,"T","C",0.0917944,-0.0766708,0.0137763,2.62e-08,31569,"CYP2E1","ENSG00000130649",10,135354317
