"V1","SNP","chr","pos","effect_allele.exposure","other_allele.exposure","eaf.exposure","beta.exposure","se.exposure","pval.exposure","samplesize.exposure","exposure","id.exposure","gene-chr","gene-pos"
1,"rs10887942",10,91070051,"A","G",0.241252,-0.0556911,0.00929673,2.09e-09,31566,"IFIT2","ENSG00000119922",10,91065372
2,"rs114913089",10,91068399,"T","C",0.0149062,0.351414,0.0352443,2.05e-23,27314,"IFIT2","ENSG00000119922",10,91065372
4,"rs6586180",10,91064508,"C","A",0.285064,0.0556303,0.00949906,4.73e-09,27156,"IFIT2","ENSG00000119922",10,91065372
