"V1","SNP","chr","pos","effect_allele.exposure","other_allele.exposure","eaf.exposure","beta.exposure","se.exposure","pval.exposure","samplesize.exposure","exposure","id.exposure","gene-chr","gene-pos"
3,"rs10405449",19,4821949,"T","C",0.374825,0.204344,0.00814141,5.05e-139,31562,"TICAM1","ENSG00000127666",19,4823830
10,"rs28671596",19,4821898,"C","T",0.127898,-0.157342,0.0118854,5.28e-40,31557,"TICAM1","ENSG00000127666",19,4823830
20,"rs7246838",19,4826122,"A","G",0.0939904,-0.0927699,0.0137931,1.75e-11,30817,"TICAM1","ENSG00000127666",19,4823830
24,"rs9749025",19,4822294,"A","G",0.129153,-0.0668436,0.0118626,1.75e-08,31559,"TICAM1","ENSG00000127666",19,4823830
