"V1","SNP","chr","pos","effect_allele.exposure","other_allele.exposure","eaf.exposure","beta.exposure","se.exposure","pval.exposure","samplesize.exposure","exposure","id.exposure","gene-chr","gene-pos"
3,"rs112905116",20,60915182,"T","C",0.0622374,-0.0837004,0.0169407,7.78e-07,29827,"LAMA5","ENSG00000130702",20,60912689
9,"rs144240903",20,60911079,"A","G",0.0158526,-0.544243,0.0497398,7.27e-28,12834,"LAMA5","ENSG00000130702",20,60912689
12,"rs2427289",20,60912683,"T","C",0.092029,-0.429962,0.0136839,1.04e-216,30969,"LAMA5","ENSG00000130702",20,60912689
17,"rs4925380",20,60917294,"G","A",0.318428,-0.175437,0.00956934,4.5e-75,24822,"LAMA5","ENSG00000130702",20,60912689
