"V1","SNP","chr","pos","effect_allele.exposure","other_allele.exposure","eaf.exposure","beta.exposure","se.exposure","pval.exposure","samplesize.exposure","exposure","id.exposure","gene-chr","gene-pos"
3,"rs10847456",12,123164553,"T","C",0.409319,0.182833,0.00895694,1.3e-92,25361,"HCAR1","ENSG00000196917",12,123160107
5,"rs147433011",12,123162845,"C","T",0.0129726,0.422978,0.0848739,6.24e-07,5396,"HCAR1","ENSG00000196917",12,123160107
10,"rs4759404",12,123162656,"T","C",0.169637,-0.0722753,0.0119034,1.26e-09,25014,"HCAR1","ENSG00000196917",12,123160107
11,"rs598322",12,123156551,"T","C",0.491731,-0.044115,0.0100189,1.07e-05,19910,"HCAR1","ENSG00000196917",12,123160107
