"V1","SNP","chr","pos","effect_allele.exposure","other_allele.exposure","eaf.exposure","beta.exposure","se.exposure","pval.exposure","samplesize.exposure","exposure","id.exposure","gene-chr","gene-pos"
2,"rs11590967",1,161188587,"A","G",0.0412046,0.214903,0.0209547,1.12e-24,28718,"APOA2","ENSG00000158874",1,161192751
5,"rs12721035",1,161191339,"T","C",0.0583718,-0.115256,0.01762,6.1e-11,29257,"APOA2","ENSG00000158874",1,161192751
7,"rs41270849",1,161188649,"A","G",0.0626723,-0.112503,0.0189789,3.07e-09,23593,"APOA2","ENSG00000158874",1,161192751
9,"rs4348741",1,161190284,"C","A",0.39471,0.110398,0.00842578,3.19e-39,29307,"APOA2","ENSG00000158874",1,161192751
16,"rs67857806",1,161191228,"A","G",0.216299,-0.073883,0.0100015,1.5e-13,29432,"APOA2","ENSG00000158874",1,161192751
