"V1","SNP","chr","pos","effect_allele.exposure","other_allele.exposure","eaf.exposure","beta.exposure","se.exposure","pval.exposure","samplesize.exposure","exposure","id.exposure","gene-chr","gene-pos"
2,"rs114489411",21,43737564,"A","G",0.0857024,0.312075,0.0141099,2.15e-108,31562,"TFF3","ENSG00000160180",21,43733769
6,"rs225436",21,43729034,"C","T",0.480916,-0.0456051,0.00913197,5.91e-07,23991,"TFF3","ENSG00000160180",21,43733769
11,"rs538407",21,43732954,"A","G",0.461572,-0.0628328,0.00801868,4.66e-15,31228,"TFF3","ENSG00000160180",21,43733769
13,"rs8133510",21,43729979,"A","G",0.160942,-0.0635737,0.0108041,4e-09,31684,"TFF3","ENSG00000160180",21,43733769
