"V1","SNP","chr","pos","effect_allele.exposure","other_allele.exposure","eaf.exposure","beta.exposure","se.exposure","pval.exposure","samplesize.exposure","exposure","id.exposure","gene-chr","gene-pos"
5,"rs12803743",11,67801496,"C","T",0.165271,-0.0477319,0.010748,8.95e-06,31353,"NDUFS8","ENSG00000110717",11,67801097
7,"rs15518",11,67796632,"C","T",0.219042,0.37202,0.00937463,0,31684,"NDUFS8","ENSG00000110717",11,67801097
16,"rs4147779",11,67804807,"G","A",0.252415,-0.328156,0.00895711,7.48e-294,31684,"NDUFS8","ENSG00000110717",11,67801097
18,"rs4147783",11,67805686,"A","C",0.0523313,0.287447,0.0181355,1.41e-56,30404,"NDUFS8","ENSG00000110717",11,67801097
