"V1","SNP","chr","pos","effect_allele.exposure","other_allele.exposure","eaf.exposure","beta.exposure","se.exposure","pval.exposure","samplesize.exposure","exposure","id.exposure","gene-chr","gene-pos"
4,"rs139882398",1,1162015,"C","T",0.0376344,0.25431,0.0425595,2.3e-09,7586,"SDF4","ENSG00000078808",1,1159849
6,"rs4970422",1,1155757,"T","C",0.0310372,-0.218255,0.0304749,7.96e-13,17850,"SDF4","ENSG00000078808",1,1159849
8,"rs6603781",1,1158631,"A","G",0.112351,0.191906,0.019839,3.92e-22,12645,"SDF4","ENSG00000078808",1,1159849
11,"rs7515488",1,1163804,"T","C",0.137571,-0.193487,0.0132504,2.71e-48,23789,"SDF4","ENSG00000078808",1,1159849
13,"rs78548753",1,1163964,"A","G",0.0254139,-0.792667,0.0308148,6.37e-146,20598,"SDF4","ENSG00000078808",1,1159849
