"V1","SNP","chr","pos","effect_allele.exposure","other_allele.exposure","eaf.exposure","beta.exposure","se.exposure","pval.exposure","samplesize.exposure","exposure","id.exposure","gene-chr","gene-pos"
6,"rs34248545",12,48197207,"A","G",0.0478921,-0.170894,0.0187105,6.63e-20,31238,"HDAC7","ENSG00000061273",12,48201710
15,"rs7316233",12,48204804,"G","A",0.144996,0.0856936,0.0117993,3.8e-13,28917,"HDAC7","ENSG00000061273",12,48201710
17,"rs739842",12,48202046,"T","C",0.388815,-0.0436602,0.00819879,1.01e-07,31270,"HDAC7","ENSG00000061273",12,48201710
