"V1","SNP","chr","pos","effect_allele.exposure","other_allele.exposure","eaf.exposure","beta.exposure","se.exposure","pval.exposure","samplesize.exposure","exposure","id.exposure","gene-chr","gene-pos"
2,"rs11403",16,2262066,"A","G",0.455072,0.215802,0.0104176,2.53e-95,18150,"PGP","ENSG00000184207",16,2263403
6,"rs160546",16,2262093,"A","G",0.0290323,0.226087,0.0378577,2.34e-09,12341,"PGP","ENSG00000184207",16,2263403
9,"rs25850",16,2264853,"C","G",0.102402,-0.153467,0.0196909,6.5e-15,13969,"PGP","ENSG00000184207",16,2263403
23,"rs77316573",16,2265271,"T","C",0.215839,-0.210724,0.0145689,2.05e-47,13709,"PGP","ENSG00000184207",16,2263403
