"V1","SNP","chr","pos","effect_allele.exposure","other_allele.exposure","eaf.exposure","beta.exposure","se.exposure","pval.exposure","samplesize.exposure","exposure","id.exposure","gene-chr","gene-pos"
1,"rs11168690",12,49092479,"A","G",0.314805,-0.0561646,0.00959161,4.75e-09,25160,"CCNT1","ENSG00000129315",12,49096464
7,"rs151079394",12,49098587,"A","G",0.0228722,0.159112,0.0328027,1.23e-06,20770,"CCNT1","ENSG00000129315",12,49096464
8,"rs2162317",12,49098108,"C","T",0.259659,0.0738774,0.00995437,1.16e-13,26195,"CCNT1","ENSG00000129315",12,49096464
