"V1","SNP","chr","pos","effect_allele.exposure","other_allele.exposure","eaf.exposure","beta.exposure","se.exposure","pval.exposure","samplesize.exposure","exposure","id.exposure","gene-chr","gene-pos"
3,"rs117573928",19,50166145,"T","C",0.0411386,-0.175503,0.0208307,3.6e-17,29140,"IRF3","ENSG00000126456",19,50165979
9,"rs3204440",19,50168940,"G","A",0.0351631,0.379189,0.0231755,3.6e-60,27172,"IRF3","ENSG00000126456",19,50165979
15,"rs7047",19,50161807,"C","T",0.262089,0.290549,0.00891261,4.16e-233,31484,"IRF3","ENSG00000126456",19,50165979
17,"rs76387513",19,50161265,"T","G",0.0580306,-0.161573,0.019089,2.58e-17,25030,"IRF3","ENSG00000126456",19,50165979
