"V1","SNP","chr","pos","effect_allele.exposure","other_allele.exposure","eaf.exposure","beta.exposure","se.exposure","pval.exposure","samplesize.exposure","exposure","id.exposure","gene-chr","gene-pos"
1,"rs117653664",6,136992515,"T","C",0.0235065,-0.372664,0.0457672,3.87e-16,10333,"MAP3K5","ENSG00000197442",6,136995920
2,"rs12198737",6,136995787,"G","A",0.0784196,0.133076,0.022952,6.71e-09,13100,"MAP3K5","ENSG00000197442",6,136995920
3,"rs4363056",6,136997619,"C","T",0.371923,-0.246217,0.0120755,2.06e-92,14263,"MAP3K5","ENSG00000197442",6,136995920
