"V1","SNP","chr","pos","effect_allele.exposure","other_allele.exposure","eaf.exposure","beta.exposure","se.exposure","pval.exposure","samplesize.exposure","exposure","id.exposure","gene-chr","gene-pos"
7,"rs11917237",3,30686931,"G","T",0.359731,0.104198,0.00830023,3.8e-36,31353,"TGFBR2","ENSG00000163513",3,30691814
19,"rs151245473",3,30689332,"T","G",0.0212322,-0.215412,0.0300209,7.21e-13,26644,"TGFBR2","ENSG00000163513",3,30691814
36,"rs3821669",3,30694120,"A","G",0.130162,0.393963,0.0116574,2.34e-250,31355,"TGFBR2","ENSG00000163513",3,30691814
43,"rs6790424",3,30691338,"C","G",0.128557,-0.0633804,0.0119252,1.07e-07,31355,"TGFBR2","ENSG00000163513",3,30691814
54,"rs9831477",3,30693522,"A","T",0.427163,0.111458,0.0080708,2.22e-43,31180,"TGFBR2","ENSG00000163513",3,30691814
