"V1","SNP","chr","pos","effect_allele.exposure","other_allele.exposure","eaf.exposure","beta.exposure","se.exposure","pval.exposure","samplesize.exposure","exposure","id.exposure","gene-chr","gene-pos"
6,"rs12932628",16,89632725,"T","G",0.444895,0.228833,0.0103517,2.78e-108,18405,"RPL13","ENSG00000167526",16,89629007
22,"rs67689854",16,89625227,"A","C",0.106346,-0.20113,0.0154587,1.06e-38,21846,"RPL13","ENSG00000167526",16,89629007
27,"rs78016521",16,89628959,"T","C",0.0170696,0.520105,0.0403339,4.8e-38,18152,"RPL13","ENSG00000167526",16,89629007
28,"rs8044125",16,89624574,"T","A",0.170423,0.560647,0.0110745,0,26273,"RPL13","ENSG00000167526",16,89629007
