"V1","SNP","chr","pos","effect_allele.exposure","other_allele.exposure","eaf.exposure","beta.exposure","se.exposure","pval.exposure","samplesize.exposure","exposure","id.exposure","gene-chr","gene-pos"
13,"rs13111546",4,3007258,"A","G",0.0289972,-0.2161,0.024469,1.03e-18,29580,"GRK4","ENSG00000125388",4,3003904
15,"rs149661116",4,3003234,"T","C",0.103687,-0.272754,0.0138043,6.77e-87,27842,"GRK4","ENSG00000125388",4,3003904
18,"rs1978032",4,3006517,"T","C",0.148868,0.264495,0.0116154,8.89e-115,28730,"GRK4","ENSG00000125388",4,3003904
33,"rs73084109",4,3007475,"T","G",0.0333212,0.311806,0.0232701,6.1e-41,28487,"GRK4","ENSG00000125388",4,3003904
38,"rs7696434",4,3001668,"A","T",0.362422,-0.302058,0.00828123,2.76e-291,30222,"GRK4","ENSG00000125388",4,3003904
39,"rs78169053",4,3002818,"A","G",0.087693,0.11337,0.015991,1.35e-12,24391,"GRK4","ENSG00000125388",4,3003904
