"V1","SNP","chr","pos","effect_allele.exposure","other_allele.exposure","eaf.exposure","beta.exposure","se.exposure","pval.exposure","samplesize.exposure","exposure","id.exposure","gene-chr","gene-pos"
1,"rs116003063",2,219255695,"A","G",0.0482426,-0.19232,0.0205369,7.63e-21,25731,"SLC11A1","ENSG00000018280",2,219254184
9,"rs17221959",2,219252630,"T","C",0.0453772,0.470676,0.0199034,1.24e-123,28578,"SLC11A1","ENSG00000018280",2,219254184
17,"rs6734861",2,219249771,"G","C",0.253248,0.350409,0.00893848,0,31555,"SLC11A1","ENSG00000018280",2,219254184
18,"rs72961106",2,219253897,"G","A",0.0528117,-0.11398,0.0178769,1.82e-10,31234,"SLC11A1","ENSG00000018280",2,219254184
