"V1","SNP","chr","pos","effect_allele.exposure","other_allele.exposure","eaf.exposure","beta.exposure","se.exposure","pval.exposure","samplesize.exposure","exposure","id.exposure","gene-chr","gene-pos"
15,"rs1974881",16,83938563,"A","G",0.050951,-0.182662,0.0180375,4.2e-24,31679,"MLYCD","ENSG00000103150",16,83941259
26,"rs3815805",16,83940494,"T","C",0.232041,0.072713,0.00954439,2.57e-14,30745,"MLYCD","ENSG00000103150",16,83941259
47,"rs62047933",16,83943668,"A","G",0.202135,0.0689213,0.0100343,6.48e-12,30746,"MLYCD","ENSG00000103150",16,83941259
60,"rs9931691",16,83936496,"C","T",0.163109,-0.0978935,0.0107941,1.2e-19,31355,"MLYCD","ENSG00000103150",16,83941259
