"V1","SNP","chr","pos","effect_allele.exposure","other_allele.exposure","eaf.exposure","beta.exposure","se.exposure","pval.exposure","samplesize.exposure","exposure","id.exposure","gene-chr","gene-pos"
1,"rs141066966",1,222751009,"T","C",0.0144519,-0.226706,0.0462551,9.53e-07,16383,"TAF1A","ENSG00000143498",1,222747259
2,"rs2936032",1,222751791,"C","T",0.140409,-0.0919987,0.0124599,1.54e-13,26629,"TAF1A","ENSG00000143498",1,222747259
9,"rs4846766",1,222742676,"T","C",0.392505,-0.201532,0.008212,5.37e-133,30492,"TAF1A","ENSG00000143498",1,222747259
