"V1","SNP","chr","pos","effect_allele.exposure","other_allele.exposure","eaf.exposure","beta.exposure","se.exposure","pval.exposure","samplesize.exposure","exposure","id.exposure","gene-chr","gene-pos"
3,"rs1051470",12,118583232,"T","C",0.38346,0.39781,0.0117125,7.48e-253,14263,"PEBP1","ENSG00000089220",12,118578526
5,"rs11068845",12,118576867,"C","T",0.110962,0.144102,0.0188202,1.91e-14,14251,"PEBP1","ENSG00000089220",12,118578526
8,"rs17512051",12,118573667,"A","T",0.151561,-0.217953,0.0164116,3.01e-40,14260,"PEBP1","ENSG00000089220",12,118578526
15,"rs75514589",12,118575329,"T","C",0.0192938,-0.466734,0.0700549,2.69e-11,5340,"PEBP1","ENSG00000089220",12,118578526
