"V1","SNP","chr","pos","effect_allele.exposure","other_allele.exposure","eaf.exposure","beta.exposure","se.exposure","pval.exposure","samplesize.exposure","exposure","id.exposure","gene-chr","gene-pos"
10,"rs10093",6,32609173,"G","C",0.400052,0.432164,0.0167743,2.28e-146,6740,"HLA-DQA1","ENSG00000196735",6,32605397
37,"rs113551974",6,32610310,"T","C",0.0240917,0.529009,0.0500804,4.41e-26,8368,"HLA-DQA1","ENSG00000196735",6,32605397
95,"rs114883129",6,32600475,"A","G",0.0324637,0.381703,0.0552888,5.06e-12,5160,"HLA-DQA1","ENSG00000196735",6,32605397
216,"rs12722042",6,32605309,"G","A",0.0317069,0.213175,0.0431616,7.85e-07,8718,"HLA-DQA1","ENSG00000196735",6,32605397
233,"rs17426565",6,32607356,"A","G",0.115284,0.384001,0.0198004,8.74e-84,12128,"HLA-DQA1","ENSG00000196735",6,32605397
234,"rs17612468",6,32606150,"T","C",0.0174236,-0.57754,0.0680371,2.09e-17,6237,"HLA-DQA1","ENSG00000196735",6,32605397
257,"rs28383347",6,32605689,"A","C",0.121211,0.503246,0.0272393,3.28e-76,5985,"HLA-DQA1","ENSG00000196735",6,32605397
318,"rs28383456",6,32609453,"T","C",0.305187,-0.356427,0.0155032,5.79e-117,9282,"HLA-DQA1","ENSG00000196735",6,32605397
327,"rs28636516",6,32606701,"G","A",0.174515,0.271155,0.0224645,1.51e-33,6732,"HLA-DQA1","ENSG00000196735",6,32605397
357,"rs4457200",6,32609425,"G","C",0.0533107,0.296564,0.0379248,5.29e-15,6827,"HLA-DQA1","ENSG00000196735",6,32605397
399,"rs7763805",6,32607254,"A","G",0.106689,-0.360134,0.0275559,4.94e-39,6738,"HLA-DQA1","ENSG00000196735",6,32605397
404,"rs78496075",6,32608967,"G","A",0.0745128,0.650001,0.0288336,1.57e-112,8213,"HLA-DQA1","ENSG00000196735",6,32605397
421,"rs9272311",6,32603953,"A","G",0.225108,-0.735441,0.0162849,0,8769,"HLA-DQA1","ENSG00000196735",6,32605397
436,"rs9272346",6,32604372,"G","A",0.439877,0.642533,0.0119136,0,11389,"HLA-DQA1","ENSG00000196735",6,32605397
457,"rs9272383",6,32604749,"C","T",0.522928,0.355393,0.0178409,2.72e-88,5900,"HLA-DQA1","ENSG00000196735",6,32605397
500,"rs9272458",6,32605558,"G","A",0.176261,0.184672,0.019885,1.59e-20,8623,"HLA-DQA1","ENSG00000196735",6,32605397
564,"rs9272566",6,32607175,"A","G",0.296614,-0.458116,0.0184726,9.01e-136,6408,"HLA-DQA1","ENSG00000196735",6,32605397
654,"rs9272742",6,32609722,"T","C",0.155879,0.478314,0.0246026,3.43e-84,5900,"HLA-DQA1","ENSG00000196735",6,32605397
