"V1","SNP","chr","pos","effect_allele.exposure","other_allele.exposure","eaf.exposure","beta.exposure","se.exposure","pval.exposure","samplesize.exposure","exposure","id.exposure","gene-chr","gene-pos"
6,"rs113520017",22,24240050,"A","G",0.0318167,-0.308481,0.0395164,5.88e-15,10333,"MIF","ENSG00000240972",22,24236802
10,"rs12485068",22,24234934,"G","A",0.178623,-0.122265,0.0154239,2.25e-15,14262,"MIF","ENSG00000240972",22,24236802
12,"rs2000467",22,24241533,"A","G",0.345785,-0.186197,0.0123504,2.32e-51,14263,"MIF","ENSG00000240972",22,24236802
28,"rs5760088",22,24232044,"T","C",0.449467,0.0932714,0.0118772,4.06e-15,14263,"MIF","ENSG00000240972",22,24236802
