"V1","SNP","chr","pos","effect_allele.exposure","other_allele.exposure","eaf.exposure","beta.exposure","se.exposure","pval.exposure","samplesize.exposure","exposure","id.exposure","gene-chr","gene-pos"
1,"rs117604034",22,39352654,"A","G",0.0474374,0.174829,0.0226539,1.19e-14,21502,"APOBEC3A","ENSG00000128383",22,39353967
3,"rs12628403",22,39358037,"C","A",0.09304,-0.744595,0.0157812,0,21566,"APOBEC3A","ENSG00000128383",22,39353967
4,"rs17298479",22,39351466,"A","G",0.117307,0.0629677,0.0134806,3e-06,26550,"APOBEC3A","ENSG00000128383",22,39353967
11,"rs5757402",22,39350072,"T","C",0.353279,0.183599,0.0113549,8.32e-59,16712,"APOBEC3A","ENSG00000128383",22,39353967
