"V1","SNP","chr","pos","effect_allele.exposure","other_allele.exposure","eaf.exposure","beta.exposure","se.exposure","pval.exposure","samplesize.exposure","exposure","id.exposure","gene-chr","gene-pos"
1,"rs10823840",10,73517520,"A","G",0.255966,0.108348,0.0091133,1.35e-32,31470,"C10orf54","ENSG00000107738",10,73520285
2,"rs117554823",10,73517145,"A","G",0.0177699,-0.229554,0.0330665,3.86e-12,26150,"C10orf54","ENSG00000107738",10,73520285
7,"rs149320503",10,73519861,"C","T",0.0613197,-0.13975,0.0314045,8.59e-06,8788,"C10orf54","ENSG00000107738",10,73520285
8,"rs3747859",10,73516463,"T","C",0.128584,-0.133663,0.0118839,2.39e-29,31470,"C10orf54","ENSG00000107738",10,73520285
