"V1","SNP","chr","pos","effect_allele.exposure","other_allele.exposure","eaf.exposure","beta.exposure","se.exposure","pval.exposure","samplesize.exposure","exposure","id.exposure","gene-chr","gene-pos"
1,"rs1029528",7,100776674,"T","C",0.193288,0.0808301,0.0101215,1.39e-15,31238,"SERPINE1","ENSG00000106366",7,100776458
5,"rs2227666",7,100774705,"A","G",0.0447852,0.0906199,0.0210617,1.69e-05,26332,"SERPINE1","ENSG00000106366",7,100776458
6,"rs2227667",7,100774749,"G","A",0.213451,-0.0909017,0.0097321,9.6e-21,31355,"SERPINE1","ENSG00000106366",7,100776458
7,"rs2227668",7,100774855,"A","G",0.159155,0.0611891,0.0109902,2.58e-08,30902,"SERPINE1","ENSG00000106366",7,100776458
