"V1","SNP","chr","pos","effect_allele.exposure","other_allele.exposure","eaf.exposure","beta.exposure","se.exposure","pval.exposure","samplesize.exposure","exposure","id.exposure","gene-chr","gene-pos"
13,"rs147408352",2,37518585,"G","A",0.0309509,0.239572,0.0258154,1.69e-20,24929,"PRKD3","ENSG00000115825",2,37514798
15,"rs183753022",2,37514239,"A","G",0.0156517,-0.275129,0.041771,4.5e-11,18556,"PRKD3","ENSG00000115825",2,37514798
16,"rs2058716",2,37510013,"G","C",0.337334,0.320361,0.00822213,0,31568,"PRKD3","ENSG00000115825",2,37514798
24,"rs4670682",2,37510519,"G","T",0.0649958,-0.40041,0.0159856,1.83e-138,31569,"PRKD3","ENSG00000115825",2,37514798
