"V1","SNP","chr","pos","effect_allele.exposure","other_allele.exposure","eaf.exposure","beta.exposure","se.exposure","pval.exposure","samplesize.exposure","exposure","id.exposure","gene-chr","gene-pos"
2,"rs16966193",17,25865588,"A","G",0.0776402,-0.236509,0.0161684,1.87e-48,26494,"KSR1","ENSG00000141068",17,25868565
3,"rs16966194",17,25867329,"T","C",0.013365,-0.384181,0.0556493,5.07e-12,12196,"KSR1","ENSG00000141068",17,25868565
4,"rs17716285",17,25871059,"T","C",0.115271,0.211585,0.0139395,4.89e-52,25002,"KSR1","ENSG00000141068",17,25868565
15,"rs2948536",17,25864514,"T","C",0.406816,0.341892,0.00859256,0,26480,"KSR1","ENSG00000141068",17,25868565
