"V1","SNP","chr","pos","effect_allele.exposure","other_allele.exposure","eaf.exposure","beta.exposure","se.exposure","pval.exposure","samplesize.exposure","exposure","id.exposure","gene-chr","gene-pos"
1,"rs10230449",7,104899391,"G","A",0.14375,0.0795994,0.0113348,2.18e-12,31569,"SRPK2","ENSG00000135250",7,104895453
12,"rs4605996",7,104900257,"T","C",0.462792,0.119477,0.00795435,5.4e-51,31561,"SRPK2","ENSG00000135250",7,104895453
24,"rs77462620",7,104895766,"A","G",0.0524439,0.0965058,0.0180445,8.88e-08,30874,"SRPK2","ENSG00000135250",7,104895453
