"V1","SNP","chr","pos","effect_allele.exposure","other_allele.exposure","eaf.exposure","beta.exposure","se.exposure","pval.exposure","samplesize.exposure","exposure","id.exposure","gene-chr","gene-pos"
7,"rs12159423",22,22573637,"G","A",0.0876843,0.153267,0.0336421,5.22e-06,5502,"IGLV10-54","ENSG00000211642",22,22569422
10,"rs17569141",22,22570282,"C","G",0.103434,0.855692,0.0300383,1.72e-178,5164,"IGLV10-54","ENSG00000211642",22,22569422
20,"rs5750741",22,22569448,"T","A",0.309864,-0.681139,0.0184646,6.94e-298,5497,"IGLV10-54","ENSG00000211642",22,22569422
53,"rs9607671",22,22564991,"G","A",0.0480299,-0.580967,0.0589467,6.47e-23,3050,"IGLV10-54","ENSG00000211642",22,22569422
