"V1","SNP","chr","pos","effect_allele.exposure","other_allele.exposure","eaf.exposure","beta.exposure","se.exposure","pval.exposure","samplesize.exposure","exposure","id.exposure","gene-chr","gene-pos"
4,"rs13485",19,17513926,"C","G",0.134025,-0.0653039,0.0116936,2.34e-08,31473,"BST2","ENSG00000130303",19,17515102
8,"rs28753790",19,17518324,"C","T",0.0195411,0.236092,0.0310844,3.07e-14,26952,"BST2","ENSG00000130303",19,17515102
13,"rs919266",19,17514315,"T","C",0.0321319,-0.103298,0.0239694,1.64e-05,27965,"BST2","ENSG00000130303",19,17515102
