"V1","SNP","chr","pos","effect_allele.exposure","other_allele.exposure","eaf.exposure","beta.exposure","se.exposure","pval.exposure","samplesize.exposure","exposure","id.exposure","gene-chr","gene-pos"
2,"rs10789129",1,63293457,"T","C",0.423508,-0.215598,0.00796753,2.94e-161,31528,"ATG4C","ENSG00000125703",1,63290495
5,"rs11208041",1,63289985,"G","A",0.16423,0.0548521,0.010725,3.15e-07,31644,"ATG4C","ENSG00000125703",1,63290495
8,"rs114741175",1,63295255,"G","A",0.0152512,-0.183439,0.0394816,3.38e-06,21336,"ATG4C","ENSG00000125703",1,63290495
18,"rs67922190",1,63290942,"T","C",0.181324,0.136498,0.0103073,4.97e-40,31529,"ATG4C","ENSG00000125703",1,63290495
25,"rs7528963",1,63286247,"G","A",0.192691,0.143055,0.0101006,1.55e-45,31305,"ATG4C","ENSG00000125703",1,63290495
