"V1","SNP","chr","pos","effect_allele.exposure","other_allele.exposure","eaf.exposure","beta.exposure","se.exposure","pval.exposure","samplesize.exposure","exposure","id.exposure","gene-chr","gene-pos"
1,"rs117125065",19,49808138,"T","C",0.032646,-0.141164,0.0250726,1.8e-08,25154,"SLC6A16","ENSG00000063127",19,49810688
2,"rs2278405",19,49812403,"T","G",0.22064,0.19749,0.00951528,1.1e-95,31684,"SLC6A16","ENSG00000063127",19,49810688
6,"rs375491",19,49811432,"G","A",0.278724,-0.172106,0.00882414,1.02e-84,31560,"SLC6A16","ENSG00000063127",19,49810688
