"V1","SNP","chr","pos","effect_allele.exposure","other_allele.exposure","eaf.exposure","beta.exposure","se.exposure","pval.exposure","samplesize.exposure","exposure","id.exposure","gene-chr","gene-pos"
1,"rs1054713",19,51323501,"A","G",0.329494,-0.153884,0.00840724,7.72e-75,31684,"KLK1","ENSG00000167748",19,51324723
3,"rs143820692",19,51326950,"T","C",0.0209292,-0.179894,0.0292225,7.46e-10,28535,"KLK1","ENSG00000167748",19,51324723
23,"rs3212846",19,51321257,"T","C",0.112314,0.246416,0.0125058,1.98e-86,31679,"KLK1","ENSG00000167748",19,51324723
