"V1","SNP","chr","pos","effect_allele.exposure","other_allele.exposure","eaf.exposure","beta.exposure","se.exposure","pval.exposure","samplesize.exposure","exposure","id.exposure","gene-chr","gene-pos"
7,"rs2953163",2,241541536,"T","C",0.0690638,0.0723732,0.015691,3.98e-06,31565,"CAPN10","ENSG00000142330",2,241541627
11,"rs2975767",2,241538229,"A","G",0.161149,0.0857467,0.0116336,1.7e-13,27275,"CAPN10","ENSG00000142330",2,241541627
17,"rs56960757",2,241537047,"T","C",0.160137,-0.162035,0.0108136,9.29e-51,31568,"CAPN10","ENSG00000142330",2,241541627
