"V1","SNP","chr","pos","effect_allele.exposure","other_allele.exposure","eaf.exposure","beta.exposure","se.exposure","pval.exposure","samplesize.exposure","exposure","id.exposure","gene-chr","gene-pos"
4,"rs113225224",4,106340534,"T","A",0.0284894,0.213967,0.0243111,1.35e-18,30488,"PPA2","ENSG00000138777",4,106342736
7,"rs1490595",4,106343598,"T","C",0.463709,-0.0862722,0.00796574,2.47e-27,31569,"PPA2","ENSG00000138777",4,106342736
9,"rs2004290",4,106347401,"A","G",0.155337,0.187023,0.0109365,1.46e-65,31569,"PPA2","ENSG00000138777",4,106342736
21,"rs73836206",4,106343750,"G","A",0.0264706,-0.269174,0.0588308,4.75e-06,5585,"PPA2","ENSG00000138777",4,106342736
