"V1","SNP","chr","pos","effect_allele.exposure","other_allele.exposure","eaf.exposure","beta.exposure","se.exposure","pval.exposure","samplesize.exposure","exposure","id.exposure","gene-chr","gene-pos"
2,"rs35886023",3,24000672,"G","T",0.287401,0.0933893,0.00940381,3.05e-23,27509,"NR1D2","ENSG00000174738",3,24004430
3,"rs3935253",3,23999756,"T","C",0.0745857,0.223899,0.0151713,2.73e-49,31255,"NR1D2","ENSG00000174738",3,24004430
5,"rs4589882",3,24000496,"A","G",0.262505,-0.115766,0.00906644,2.46e-37,31256,"NR1D2","ENSG00000174738",3,24004430
10,"rs73036802",3,24006336,"G","A",0.0388114,0.0946118,0.0208112,5.46e-06,30927,"NR1D2","ENSG00000174738",3,24004430
