"V1","SNP","chr","pos","effect_allele.exposure","other_allele.exposure","eaf.exposure","beta.exposure","se.exposure","pval.exposure","samplesize.exposure","exposure","id.exposure","gene-chr","gene-pos"
1,"rs1055399",16,69362779,"A","C",0.0772006,-0.0813453,0.0171643,2.15e-06,23799,"PDF","ENSG00000258429",16,69363511
11,"rs35628469",16,69359293,"A","G",0.128976,0.0633855,0.0144038,1.08e-05,21434,"PDF","ENSG00000258429",16,69363511
14,"rs72795275",16,69365936,"A","G",0.0530895,-0.163218,0.0204641,1.51e-15,23686,"PDF","ENSG00000258429",16,69363511
18,"rs877534",16,69367996,"A","C",0.296696,-0.187651,0.00995962,3.47e-79,23801,"PDF","ENSG00000258429",16,69363511
