"V1","SNP","chr","pos","effect_allele.exposure","other_allele.exposure","eaf.exposure","beta.exposure","se.exposure","pval.exposure","samplesize.exposure","exposure","id.exposure","gene-chr","gene-pos"
8,"rs144344693",19,10550047,"C","T",0.0128935,-0.246699,0.0442796,2.53e-08,20005,"PDE4A","ENSG00000065989",19,10553877
9,"rs146187364",19,10553511,"C","T",0.0192308,1.27155,0.0959485,4.37e-40,2704,"PDE4A","ENSG00000065989",19,10553877
12,"rs34246431",19,10549968,"C","T",0.313614,0.0606383,0.008572,1.51e-12,31563,"PDE4A","ENSG00000065989",19,10553877
14,"rs55939834",19,10553252,"T","A",0.0876902,-0.228192,0.0140122,1.26e-59,31566,"PDE4A","ENSG00000065989",19,10553877
