"V1","SNP","chr","pos","effect_allele.exposure","other_allele.exposure","eaf.exposure","beta.exposure","se.exposure","pval.exposure","samplesize.exposure","exposure","id.exposure","gene-chr","gene-pos"
1,"rs10204525",2,242792321,"T","C",0.107078,-0.221734,0.0180768,1.38e-34,15853,"PDCD1","ENSG00000188389",2,242796546
4,"rs28539662",2,242799584,"A","G",0.199225,0.0731005,0.0133084,3.96e-08,17666,"PDCD1","ENSG00000188389",2,242796546
5,"rs28570544",2,242791738,"T","C",0.280483,-0.146368,0.0133118,4.02e-28,13860,"PDCD1","ENSG00000188389",2,242796546
20,"rs7565639",2,242797063,"T","C",0.301611,0.145519,0.0121684,5.84e-33,15888,"PDCD1","ENSG00000188389",2,242796546
