"V1","SNP","chr","pos","effect_allele.exposure","other_allele.exposure","eaf.exposure","beta.exposure","se.exposure","pval.exposure","samplesize.exposure","exposure","id.exposure","gene-chr","gene-pos"
11,"rs45488899",16,69748659,"G","A",0.41873,0.100388,0.00804726,1.02e-35,31567,"NQO1","ENSG00000181019",16,69750876
12,"rs45588934",16,69747459,"G","T",0.0386711,0.25188,0.0205546,1.6e-34,31684,"NQO1","ENSG00000181019",16,69750876
14,"rs689452",16,69752464,"C","G",0.128716,0.338534,0.0117088,8.29e-184,31684,"NQO1","ENSG00000181019",16,69750876
