"V1","SNP","chr","pos","effect_allele.exposure","other_allele.exposure","eaf.exposure","beta.exposure","se.exposure","pval.exposure","samplesize.exposure","exposure","id.exposure","gene-chr","gene-pos"
1,"rs112944764",14,24426320,"G","C",0.0413361,-0.206242,0.0454818,5.77e-06,6079,"DHRS4","ENSG00000157326",14,24430641
6,"rs149805904",14,24427377,"C","T",0.0770242,0.123953,0.0260614,1.97e-06,10333,"DHRS4","ENSG00000157326",14,24430641
7,"rs1885806",14,24435086,"A","G",0.0377622,-0.38671,0.0344201,2.74e-29,11488,"DHRS4","ENSG00000157326",14,24430641
13,"rs3742494",14,24429412,"G","A",0.178591,-0.176223,0.0173978,4.11e-24,11158,"DHRS4","ENSG00000157326",14,24430641
17,"rs76754832",14,24435144,"T","C",0.015866,-0.472685,0.0558148,2.48e-17,10207,"DHRS4","ENSG00000157326",14,24430641
