"V1","SNP","chr","pos","effect_allele.exposure","other_allele.exposure","eaf.exposure","beta.exposure","se.exposure","pval.exposure","samplesize.exposure","exposure","id.exposure","gene-chr","gene-pos"
4,"rs11868797",17,72609553,"C","G",0.0431426,0.147774,0.0294664,5.3e-07,13925,"CD300E","ENSG00000186407",17,72612961
10,"rs533419",17,72609256,"T","C",0.135426,0.0953982,0.0172854,3.41e-08,14263,"CD300E","ENSG00000186407",17,72612961
11,"rs581157",17,72613589,"G","T",0.438309,-0.245622,0.0118959,1.03e-94,13925,"CD300E","ENSG00000186407",17,72612961
12,"rs76314686",17,72613003,"T","C",0.0156132,0.521681,0.0580756,2.64e-19,9565,"CD300E","ENSG00000186407",17,72612961
