"V1","SNP","chr","pos","effect_allele.exposure","other_allele.exposure","eaf.exposure","beta.exposure","se.exposure","pval.exposure","samplesize.exposure","exposure","id.exposure","gene-chr","gene-pos"
11,"rs11567738",5,35868507,"T","A",0.126481,-0.256391,0.011945,3.36e-102,31256,"IL7R","ENSG00000168685",5,35866251
29,"rs7717955",5,35862841,"T","C",0.263595,-0.128509,0.00904888,8.95e-46,31256,"IL7R","ENSG00000168685",5,35866251
30,"rs7720993",5,35865229,"T","A",0.326395,0.291545,0.00836898,6.84e-266,31256,"IL7R","ENSG00000168685",5,35866251
31,"rs79322502",5,35863529,"T","C",0.035261,0.215618,0.0218582,5.94e-23,30667,"IL7R","ENSG00000168685",5,35866251
