"V1","SNP","chr","pos","effect_allele.exposure","other_allele.exposure","eaf.exposure","beta.exposure","se.exposure","pval.exposure","samplesize.exposure","exposure","id.exposure","gene-chr","gene-pos"
2,"rs117505815",9,139989651,"A","G",0.0251088,0.503886,0.0353897,5.31e-46,16107,"MAN1B1","ENSG00000177239",9,139992507
3,"rs12375806",9,139992744,"C","T",0.383497,-0.386863,0.00913721,0,23538,"MAN1B1","ENSG00000177239",9,139992507
4,"rs4880199",9,139990906,"T","C",0.22741,0.444797,0.0105066,0,23988,"MAN1B1","ENSG00000177239",9,139992507
