"V1","SNP","chr","pos","effect_allele.exposure","other_allele.exposure","eaf.exposure","beta.exposure","se.exposure","pval.exposure","samplesize.exposure","exposure","id.exposure","gene-chr","gene-pos"
4,"rs10993269",9,97388953,"G","T",0.493159,-0.0884978,0.00802614,2.86e-28,30931,"FBP1","ENSG00000165140",9,97383973
12,"rs28369675",9,97386384,"A","G",0.0361038,0.156936,0.0221373,1.35e-12,29268,"FBP1","ENSG00000165140",9,97383973
16,"rs28745271",9,97383222,"A","G",0.0904647,0.255691,0.0139667,7.25e-75,30817,"FBP1","ENSG00000165140",9,97383973
