"V1","SNP","chr","pos","effect_allele.exposure","other_allele.exposure","eaf.exposure","beta.exposure","se.exposure","pval.exposure","samplesize.exposure","exposure","id.exposure","gene-chr","gene-pos"
9,"rs12286100",11,133983854,"T","C",0.0560988,0.159537,0.0187973,2.12e-17,26653,"JAM3","ENSG00000166086",11,133980358
10,"rs12363210",11,133981910,"A","C",0.0369785,0.167997,0.0221761,3.57e-14,28494,"JAM3","ENSG00000166086",11,133980358
17,"rs148057824",11,133976708,"G","A",0.103195,-0.178891,0.0130794,1.39e-42,31394,"JAM3","ENSG00000166086",11,133980358
21,"rs470854",11,133977462,"C","G",0.0278989,0.199438,0.0262813,3.23e-14,26635,"JAM3","ENSG00000166086",11,133980358
