"V1","SNP","chr","pos","effect_allele.exposure","other_allele.exposure","eaf.exposure","beta.exposure","se.exposure","pval.exposure","samplesize.exposure","exposure","id.exposure","gene-chr","gene-pos"
1,"rs10197010",2,204740171,"C","A",0.188258,-0.14338,0.0101499,2.62e-45,31560,"CTLA4","ENSG00000163599",2,204735596
5,"rs11571317",2,204732008,"T","C",0.0653851,0.140492,0.0165402,2e-17,29836,"CTLA4","ENSG00000163599",2,204735596
13,"rs3087243",2,204738919,"A","G",0.438494,0.141032,0.00801528,2.67e-69,31300,"CTLA4","ENSG00000163599",2,204735596
18,"rs733618",2,204730944,"C","T",0.0746364,-0.0886896,0.0151074,4.34e-09,31684,"CTLA4","ENSG00000163599",2,204735596
