"V1","SNP","chr","pos","effect_allele.exposure","other_allele.exposure","eaf.exposure","beta.exposure","se.exposure","pval.exposure","samplesize.exposure","exposure","id.exposure","gene-chr","gene-pos"
6,"rs12484368",22,22451791,"T","C",0.0212835,-0.328236,0.0338172,2.84e-22,20895,"IGLV8-61","ENSG00000211638",22,22453366
18,"rs145643223",22,22451692,"T","C",0.0242822,-0.540312,0.085892,3.16e-10,2821,"IGLV8-61","ENSG00000211638",22,22453366
38,"rs5756844",22,22448456,"G","A",0.0227251,0.198636,0.0343139,7.09e-09,19088,"IGLV8-61","ENSG00000211638",22,22453366
46,"rs5756863",22,22458151,"A","G",0.189742,0.218832,0.0120384,7.74e-74,22111,"IGLV8-61","ENSG00000211638",22,22453366
83,"rs78826497",22,22456900,"T","C",0.019559,0.3041,0.0389641,5.97e-15,17114,"IGLV8-61","ENSG00000211638",22,22453366
