"V1","SNP","chr","pos","effect_allele.exposure","other_allele.exposure","eaf.exposure","beta.exposure","se.exposure","pval.exposure","samplesize.exposure","exposure","id.exposure","gene-chr","gene-pos"
1,"rs10137934",14,93193912,"A","G",0.190968,-0.0817703,0.0101143,6.24e-16,31569,"LGMN","ENSG00000100600",14,93192599
3,"rs118160186",14,93188114,"G","A",0.0146358,-0.244137,0.0430137,1.38e-08,18706,"LGMN","ENSG00000100600",14,93192599
9,"rs1271816",14,93197119,"C","T",0.301393,0.0911321,0.00865814,6.58e-26,31567,"LGMN","ENSG00000100600",14,93192599
11,"rs4904979",14,93189864,"G","A",0.0139962,0.263255,0.0513428,2.94e-07,13718,"LGMN","ENSG00000100600",14,93192599
12,"rs4904980",14,93190505,"T","C",0.222774,0.0776327,0.00958688,5.6e-16,31355,"LGMN","ENSG00000100600",14,93192599
14,"rs58522170",14,93189303,"G","T",0.065411,0.132173,0.016134,2.56e-16,31355,"LGMN","ENSG00000100600",14,93192599
