"V1","SNP","chr","pos","effect_allele.exposure","other_allele.exposure","eaf.exposure","beta.exposure","se.exposure","pval.exposure","samplesize.exposure","exposure","id.exposure","gene-chr","gene-pos"
9,"rs4949000",10,45904016,"G","A",0.397663,0.075095,0.00812102,2.31e-20,31566,"ALOX5","ENSG00000012779",10,45905611
12,"rs55866086",10,45902119,"C","T",0.166566,0.0726429,0.0106737,1e-11,31569,"ALOX5","ENSG00000012779",10,45905611
16,"rs78130427",10,45907400,"G","A",0.0377243,-0.200094,0.0209584,1.33e-21,31265,"ALOX5","ENSG00000012779",10,45905611
17,"rs7894352",10,45902912,"A","G",0.211872,-0.166404,0.00972689,1.3e-65,31355,"ALOX5","ENSG00000012779",10,45905611
