"V1","SNP","chr","pos","effect_allele.exposure","other_allele.exposure","eaf.exposure","beta.exposure","se.exposure","pval.exposure","samplesize.exposure","exposure","id.exposure","gene-chr","gene-pos"
3,"rs1805410",1,226568665,"C","T",0.146266,-0.0546558,0.0112373,1.15e-06,31684,"PARP1","ENSG00000143799",1,226572086
5,"rs1805415",1,226570840,"T","C",0.173569,-0.304545,0.0103483,2.31e-190,31684,"PARP1","ENSG00000143799",1,226572086
9,"rs2271343",1,226567563,"G","C",0.17114,0.441465,0.0102706,0,31568,"PARP1","ENSG00000143799",1,226572086
13,"rs2793383",1,226575303,"A","G",0.216743,-0.0432298,0.00970715,8.45e-06,31235,"PARP1","ENSG00000143799",1,226572086
19,"rs3219080",1,226567241,"T","C",0.0197833,0.425963,0.0293521,1.01e-47,29717,"PARP1","ENSG00000143799",1,226572086
