"V1","SNP","chr","pos","effect_allele.exposure","other_allele.exposure","eaf.exposure","beta.exposure","se.exposure","pval.exposure","samplesize.exposure","exposure","id.exposure","gene-chr","gene-pos"
1,"rs10933931",3,107787525,"T","C",0.0778872,-0.388211,0.0146618,1.75e-154,31684,"CD47","ENSG00000196776",3,107786008
7,"rs56087650",3,107790391,"G","A",0.162986,-0.308847,0.0106339,1.84e-185,31568,"CD47","ENSG00000196776",3,107786008
12,"rs765090",3,107785344,"A","G",0.441693,0.352602,0.00775046,0,31684,"CD47","ENSG00000196776",3,107786008
