"V1","SNP","chr","pos","effect_allele.exposure","other_allele.exposure","eaf.exposure","beta.exposure","se.exposure","pval.exposure","samplesize.exposure","exposure","id.exposure","gene-chr","gene-pos"
3,"rs112674696",3,101135120,"A","G",0.0200503,-0.474905,0.0302823,1.99e-55,27504,"SENP7","ENSG00000138468",3,101137567
4,"rs12486738",3,101135544,"A","C",0.0517137,-0.218318,0.0180074,7.9e-34,31295,"SENP7","ENSG00000138468",3,101137567
7,"rs144353381",3,101140489,"T","C",0.0161007,-0.251219,0.0387229,8.72e-11,21006,"SENP7","ENSG00000138468",3,101137567
17,"rs62280719",3,101139721,"A","G",0.13654,-0.0955318,0.0116173,1.98e-16,31355,"SENP7","ENSG00000138468",3,101137567
20,"rs6802335",3,101138123,"A","G",0.0258621,0.152975,0.0252802,1.44e-09,31019,"SENP7","ENSG00000138468",3,101137567
22,"rs7630419",3,101133037,"A","G",0.399812,-0.439172,0.0078146,0,30962,"SENP7","ENSG00000138468",3,101137567
