"V1","SNP","chr","pos","effect_allele.exposure","other_allele.exposure","eaf.exposure","beta.exposure","se.exposure","pval.exposure","samplesize.exposure","exposure","id.exposure","gene-chr","gene-pos"
2,"rs1398061",2,188257985,"C","T",0.340204,-0.195045,0.00831281,9.69e-122,31684,"CALCRL","ENSG00000064989",2,188260521
7,"rs3821183",2,188256158,"A","G",0.181319,0.12117,0.0102889,5.14e-32,31680,"CALCRL","ENSG00000064989",2,188260521
9,"rs6729250",2,188256685,"G","A",0.108731,0.119223,0.012767,9.78e-21,31567,"CALCRL","ENSG00000064989",2,188260521
11,"rs80301128",2,188257745,"G","A",0.0327198,-0.149271,0.0232661,1.4e-10,29143,"CALCRL","ENSG00000064989",2,188260521
