"V1","SNP","chr","pos","effect_allele.exposure","other_allele.exposure","eaf.exposure","beta.exposure","se.exposure","pval.exposure","samplesize.exposure","exposure","id.exposure","gene-chr","gene-pos"
1,"rs1697143",5,66481069,"T","G",0.255139,-0.16346,0.00906609,1.14e-72,31684,"CD180","ENSG00000134061",5,66485365
2,"rs5744482",5,66488030,"A","G",0.0997793,0.108409,0.0134074,6.18e-16,30902,"CD180","ENSG00000134061",5,66485365
4,"rs5744484",5,66487993,"A","C",0.020194,0.323988,0.0603576,7.97e-08,6908,"CD180","ENSG00000134061",5,66485365
