"V1","SNP","chr","pos","effect_allele.exposure","other_allele.exposure","eaf.exposure","beta.exposure","se.exposure","pval.exposure","samplesize.exposure","exposure","id.exposure","gene-chr","gene-pos"
1,"rs10739796",9,102966270,"G","A",0.398694,-0.242848,0.00801232,8.62e-202,31569,"INVS","ENSG00000119509",9,102962410
6,"rs72733341",9,102966101,"G","A",0.0150623,-0.19213,0.0366045,1.53e-07,25125,"INVS","ENSG00000119509",9,102962410
7,"rs76744444",9,102966123,"T","C",0.0168873,-0.236327,0.0388862,1.22e-09,19879,"INVS","ENSG00000119509",9,102962410
8,"rs79169178",9,102960167,"T","C",0.0361335,-0.11234,0.022234,4.36e-07,29014,"INVS","ENSG00000119509",9,102962410
