"V1","SNP","chr","pos","effect_allele.exposure","other_allele.exposure","eaf.exposure","beta.exposure","se.exposure","pval.exposure","samplesize.exposure","exposure","id.exposure","gene-chr","gene-pos"
3,"rs2905587",5,137008763,"C","A",0.238873,-0.173508,0.00928287,5.84e-78,31564,"KLHL3","ENSG00000146021",5,137012484
5,"rs2967790",5,137011761,"T","C",0.178306,0.208049,0.0103128,1.66e-90,31681,"KLHL3","ENSG00000146021",5,137012484
11,"rs6887537",5,137008932,"A","T",0.350289,-0.100706,0.0083232,1.06e-33,31566,"KLHL3","ENSG00000146021",5,137012484
12,"rs6888113",5,137012487,"C","A",0.22913,0.137406,0.0094213,3.52e-48,31680,"KLHL3","ENSG00000146021",5,137012484
