"V1","SNP","chr","pos","effect_allele.exposure","other_allele.exposure","eaf.exposure","beta.exposure","se.exposure","pval.exposure","samplesize.exposure","exposure","id.exposure","gene-chr","gene-pos"
2,"rs11628444",14,22358871,"C","T",0.221566,-0.286694,0.0226325,8.96e-37,5499,"TRAV8-4","ENSG00000211790",14,22362911
15,"rs2075480",14,22362582,"A","G",0.0546455,-0.4,0.0415973,6.84e-22,5501,"TRAV8-4","ENSG00000211790",14,22362911
23,"rs2293721",14,22360508,"T","G",0.41108,0.267256,0.0190367,9e-45,5502,"TRAV8-4","ENSG00000211790",14,22362911
36,"rs78669973",14,22361437,"C","T",0.0265535,-0.470131,0.0640366,2.11e-13,4663,"TRAV8-4","ENSG00000211790",14,22362911
47,"rs9323067",14,22362366,"C","T",0.0512642,-0.215229,0.0445166,1.33e-06,5164,"TRAV8-4","ENSG00000211790",14,22362911
