"V1","SNP","chr","pos","effect_allele.exposure","other_allele.exposure","eaf.exposure","beta.exposure","se.exposure","pval.exposure","samplesize.exposure","exposure","id.exposure","gene-chr","gene-pos"
2,"rs111322049",19,17601175,"T","C",0.0466306,0.157709,0.0210977,7.71e-14,25212,"SLC27A1","ENSG00000130304",19,17598277
6,"rs12982623",19,17601609,"T","G",0.374257,0.0712215,0.00883708,7.67e-16,27275,"SLC27A1","ENSG00000130304",19,17598277
10,"rs4808082",19,17595270,"A","G",0.0480223,0.0976216,0.0217857,7.43e-06,23025,"SLC27A1","ENSG00000130304",19,17598277
20,"rs7255307",19,17600244,"A","G",0.129998,-0.242789,0.0117335,4.09e-95,31683,"SLC27A1","ENSG00000130304",19,17598277
