"V1","SNP","chr","pos","effect_allele.exposure","other_allele.exposure","eaf.exposure","beta.exposure","se.exposure","pval.exposure","samplesize.exposure","exposure","id.exposure","gene-chr","gene-pos"
2,"rs113783409",1,43405445,"A","C",0.0224858,-0.133658,0.0303244,1.05e-05,24718,"SLC2A1","ENSG00000117394",1,43407791
3,"rs12130264",1,43406700,"T","C",0.0649865,0.118252,0.0163178,4.27e-13,30851,"SLC2A1","ENSG00000117394",1,43407791
16,"rs844500",1,43411290,"A","G",0.310711,-0.0757518,0.00861914,1.51e-18,31347,"SLC2A1","ENSG00000117394",1,43407791
