"V1","SNP","chr","pos","effect_allele.exposure","other_allele.exposure","eaf.exposure","beta.exposure","se.exposure","pval.exposure","samplesize.exposure","exposure","id.exposure","gene-chr","gene-pos"
1,"rs10793059",11,73093359,"T","C",0.184584,-0.0836582,0.0107924,9.07e-15,28460,"RELT","ENSG00000054967",11,73097914
2,"rs11235729",11,73098326,"A","G",0.220327,0.347304,0.00990066,1.42e-269,28463,"RELT","ENSG00000054967",11,73097914
5,"rs116911523",11,73096531,"A","G",0.0275979,0.219182,0.0347159,2.73e-10,15420,"RELT","ENSG00000054967",11,73097914
