"V1","SNP","chr","pos","effect_allele.exposure","other_allele.exposure","eaf.exposure","beta.exposure","se.exposure","pval.exposure","samplesize.exposure","exposure","id.exposure","gene-chr","gene-pos"
1,"rs111587129",14,53133506,"A","G",0.170601,0.152686,0.0107896,1.84e-45,30154,"ERO1L","ENSG00000197930",14,53134626
3,"rs12888882",14,53130181,"C","T",0.472217,0.326646,0.00775728,0,31566,"ERO1L","ENSG00000197930",14,53134626
5,"rs17125634",14,53129847,"A","G",0.121966,-0.566385,0.0120063,0,30164,"ERO1L","ENSG00000197930",14,53134626
12,"rs4901291",14,53131152,"C","T",0.06705,0.207002,0.0158411,5.06e-39,31682,"ERO1L","ENSG00000197930",14,53134626
