"V1","SNP","chr","pos","effect_allele.exposure","other_allele.exposure","eaf.exposure","beta.exposure","se.exposure","pval.exposure","samplesize.exposure","exposure","id.exposure","gene-chr","gene-pos"
5,"rs28698582",17,79479625,"A","G",0.292143,-0.0963445,0.0101805,2.98e-21,23239,"ACTG1","ENSG00000184009",17,79483935
10,"rs7211870",17,79487491,"G","A",0.0232366,-0.148725,0.0335268,9.16e-06,19578,"ACTG1","ENSG00000184009",17,79483935
21,"rs9646446",17,79485839,"C","T",0.368507,0.101297,0.00952434,2.04e-26,23573,"ACTG1","ENSG00000184009",17,79483935
23,"rs9899531",17,79480538,"T","C",0.0175845,-0.45486,0.0468977,3.04e-22,13065,"ACTG1","ENSG00000184009",17,79483935
