"V1","SNP","chr","pos","effect_allele.exposure","other_allele.exposure","eaf.exposure","beta.exposure","se.exposure","pval.exposure","samplesize.exposure","exposure","id.exposure","gene-chr","gene-pos"
6,"rs13220395",6,26055368,"A","G",0.0914169,0.0660199,0.0138042,1.73e-06,31569,"HIST1H1C","ENSG00000187837",6,26056333
7,"rs144346172",6,26053294,"T","C",0.0713427,-0.237769,0.0474343,5.37e-07,3329,"HIST1H1C","ENSG00000187837",6,26056333
10,"rs6922788",6,26052291,"C","T",0.351218,-0.159946,0.00828949,5.92e-83,31560,"HIST1H1C","ENSG00000187837",6,26056333
13,"rs8384",6,26056072,"C","G",0.211263,0.160092,0.00969007,2.58e-61,31684,"HIST1H1C","ENSG00000187837",6,26056333
