"V1","SNP","chr","pos","effect_allele.exposure","other_allele.exposure","eaf.exposure","beta.exposure","se.exposure","pval.exposure","samplesize.exposure","exposure","id.exposure","gene-chr","gene-pos"
5,"rs11627431",14,88380093,"A","G",0.304903,0.164171,0.00859552,2.54e-81,31567,"GALC","ENSG00000054983",14,88382086
14,"rs453780",14,88382577,"C","G",0.0858111,0.0679702,0.014531,2.9e-06,30165,"GALC","ENSG00000054983",14,88382086
16,"rs55735609",14,88382544,"A","G",0.246144,-0.23789,0.00935167,9.54e-143,30164,"GALC","ENSG00000054983",14,88382086
