"V1","SNP","chr","pos","effect_allele.exposure","other_allele.exposure","eaf.exposure","beta.exposure","se.exposure","pval.exposure","samplesize.exposure","exposure","id.exposure","gene-chr","gene-pos"
3,"rs1491961",3,46250348,"T","C",0.275798,0.581961,0.00831004,0,31346,"CCR1","ENSG00000163823",3,46246543
6,"rs3136671",3,46243175,"T","C",0.138468,-0.240287,0.0114219,2.98e-98,31684,"CCR1","ENSG00000163823",3,46246543
7,"rs3136672",3,46242785,"C","T",0.103858,0.0845372,0.013037,8.91e-11,31568,"CCR1","ENSG00000163823",3,46246543
10,"rs3176953",3,46243718,"A","T",0.131775,-0.280136,0.0129828,2.93e-103,25462,"CCR1","ENSG00000163823",3,46246543
