"V1","SNP","chr","pos","effect_allele.exposure","other_allele.exposure","eaf.exposure","beta.exposure","se.exposure","pval.exposure","samplesize.exposure","exposure","id.exposure","gene-chr","gene-pos"
2,"rs149440923",11,71708649,"G","A",0.0135653,-0.654534,0.104365,3.57e-10,3391,"IL18BP","ENSG00000137496",11,71713174
6,"rs2298455",11,71710478,"C","A",0.109643,-0.163755,0.012724,6.66e-38,31470,"IL18BP","ENSG00000137496",11,71713174
8,"rs2845857",11,71715215,"C","G",0.0702337,-0.165983,0.0167234,3.23e-23,27279,"IL18BP","ENSG00000137496",11,71713174
