"V1","SNP","chr","pos","effect_allele.exposure","other_allele.exposure","eaf.exposure","beta.exposure","se.exposure","pval.exposure","samplesize.exposure","exposure","id.exposure","gene-chr","gene-pos"
2,"rs14100",19,36640769,"T","C",0.0393484,-0.288854,0.023262,2.1e-35,24290,"CAPNS1","ENSG00000126247",19,36635866
3,"rs17882574",19,36637605,"G","A",0.0865439,0.111363,0.0155387,7.68e-13,26145,"CAPNS1","ENSG00000126247",19,36635866
4,"rs17884776",19,36635239,"T","G",0.0336843,0.113977,0.0248283,4.42e-06,24900,"CAPNS1","ENSG00000126247",19,36635866
5,"rs17885022",19,36631640,"C","A",0.0823117,0.0758908,0.0154974,9.73e-07,27537,"CAPNS1","ENSG00000126247",19,36635866
