"V1","SNP","chr","pos","effect_allele.exposure","other_allele.exposure","eaf.exposure","beta.exposure","se.exposure","pval.exposure","samplesize.exposure","exposure","id.exposure","gene-chr","gene-pos"
2,"rs59290313",11,130051165,"T","C",0.0399543,-0.635289,0.0201401,2.19e-218,31141,"ST14","ENSG00000149418",11,130054864
4,"rs61317951",11,130051547,"T","C",0.0400717,-0.366927,0.0203495,1.11e-72,31064,"ST14","ENSG00000149418",11,130054864
5,"rs620263",11,130050822,"G","A",0.263614,-0.199871,0.00897643,7.86e-110,31470,"ST14","ENSG00000149418",11,130054864
6,"rs73585195",11,130054043,"G","A",0.0373964,0.0991223,0.0227512,1.32e-05,26815,"ST14","ENSG00000149418",11,130054864
