"V1","SNP","chr","pos","effect_allele.exposure","other_allele.exposure","eaf.exposure","beta.exposure","se.exposure","pval.exposure","samplesize.exposure","exposure","id.exposure","gene-chr","gene-pos"
1,"rs11557049",8,66692011,"T","C",0.0635334,-0.11167,0.0178409,3.87e-10,26363,"PDE7A","ENSG00000205268",8,66692151
6,"rs6472222",8,66693445,"A","C",0.298369,0.113179,0.00865917,4.86e-39,31683,"PDE7A","ENSG00000205268",8,66692151
9,"rs72666551",8,66689071,"C","A",0.0273115,0.150557,0.0255806,3.97e-09,28728,"PDE7A","ENSG00000205268",8,66692151
11,"rs77541889",8,66687885,"T","C",0.0708974,-0.176022,0.0154758,5.63e-30,31564,"PDE7A","ENSG00000205268",8,66692151
