"V1","SNP","chr","pos","effect_allele.exposure","other_allele.exposure","eaf.exposure","beta.exposure","se.exposure","pval.exposure","samplesize.exposure","exposure","id.exposure","gene-chr","gene-pos"
2,"rs10774671",12,113357193,"G","A",0.326806,0.665465,0.00764601,0,31300,"OAS1","ENSG00000089127",12,113357286
18,"rs150837409",12,113355088,"A","G",0.0170745,-0.366724,0.035245,2.35e-25,23875,"OAS1","ENSG00000089127",12,113357286
20,"rs45495393",12,113352708,"A","C",0.211271,-0.279328,0.00972493,1.97e-181,30902,"OAS1","ENSG00000089127",12,113357286
