"V1","SNP","chr","pos","effect_allele.exposure","other_allele.exposure","eaf.exposure","beta.exposure","se.exposure","pval.exposure","samplesize.exposure","exposure","id.exposure","gene-chr","gene-pos"
2,"rs3024997",6,43745107,"A","G",0.317443,0.107882,0.00963625,4.29e-29,24726,"VEGFA","ENSG00000112715",6,43746072
10,"rs3025028",6,43750551,"C","G",0.409318,-0.0470881,0.0105117,7.48e-06,18695,"VEGFA","ENSG00000112715",6,43746072
11,"rs3025030",6,43750587,"C","G",0.129912,0.0555699,0.0129112,1.68e-05,26518,"VEGFA","ENSG00000112715",6,43746072
12,"rs4392721",6,43741201,"A","G",0.0549611,-0.171216,0.0189477,1.62e-19,26731,"VEGFA","ENSG00000112715",6,43746072
