"V1","SNP","chr","pos","effect_allele.exposure","other_allele.exposure","eaf.exposure","beta.exposure","se.exposure","pval.exposure","samplesize.exposure","exposure","id.exposure","gene-chr","gene-pos"
8,"rs35751033",3,3208474,"G","A",0.0976037,0.111042,0.0144458,1.51e-14,27145,"CRBN","ENSG00000113851",3,3206035
14,"rs4685610",3,3202292,"G","A",0.26665,-0.103133,0.0089955,1.98e-30,31467,"CRBN","ENSG00000113851",3,3206035
19,"rs698204",3,3205432,"G","C",0.398399,-0.187601,0.00815422,4e-117,30845,"CRBN","ENSG00000113851",3,3206035
24,"rs76622291",3,3209793,"A","C",0.0511253,0.0889737,0.0189807,2.76e-06,28587,"CRBN","ENSG00000113851",3,3206035
