"V1","SNP","chr","pos","effect_allele.exposure","other_allele.exposure","eaf.exposure","beta.exposure","se.exposure","pval.exposure","samplesize.exposure","exposure","id.exposure","gene-chr","gene-pos"
1,"rs139907663",15,65770657,"T","C",0.0164971,-0.180182,0.0411432,1.19e-05,18185,"DPP8","ENSG00000074603",15,65772421
4,"rs28894785",15,65769524,"T","C",0.202782,-0.173078,0.00984999,4.08e-69,31569,"DPP8","ENSG00000074603",15,65772421
7,"rs352459",15,65773405,"G","A",0.0532106,0.103438,0.0181299,1.16e-08,30164,"DPP8","ENSG00000074603",15,65772421
14,"rs72739495",15,65775713,"G","A",0.175906,0.0539971,0.0104625,2.46e-07,31484,"DPP8","ENSG00000074603",15,65772421
