"V1","SNP","chr","pos","effect_allele.exposure","other_allele.exposure","eaf.exposure","beta.exposure","se.exposure","pval.exposure","samplesize.exposure","exposure","id.exposure","gene-chr","gene-pos"
4,"rs12877284",13,95111832,"A","G",0.0429008,0.096252,0.0204705,2.58e-06,29039,"DCT","ENSG00000080166",13,95110747
5,"rs28577174",13,95115632,"T","C",0.355013,-0.042299,0.00857399,8.08e-07,29678,"DCT","ENSG00000080166",13,95110747
8,"rs7327109",13,95109483,"T","C",0.182823,0.077759,0.0106791,3.3e-13,29294,"DCT","ENSG00000080166",13,95110747
10,"rs76580717",13,95110320,"T","C",0.0776744,-0.0719923,0.0155109,3.46e-06,28985,"DCT","ENSG00000080166",13,95110747
