"V1","SNP","chr","pos","effect_allele.exposure","other_allele.exposure","eaf.exposure","beta.exposure","se.exposure","pval.exposure","samplesize.exposure","exposure","id.exposure","gene-chr","gene-pos"
4,"rs11019299",11,88052486,"C","T",0.377487,0.144977,0.00816948,1.84e-70,31566,"CTSC","ENSG00000109861",11,88048857
10,"rs184266",11,88048336,"C","G",0.200932,-0.467511,0.00957715,0,31569,"CTSC","ENSG00000109861",11,88048857
15,"rs217087",11,88046148,"G","T",0.14492,-0.333386,0.0111486,1.76e-196,31569,"CTSC","ENSG00000109861",11,88048857
19,"rs559342",11,88052072,"A","G",0.121272,0.16061,0.0121586,7.72e-40,31565,"CTSC","ENSG00000109861",11,88048857
24,"rs7112455",11,88051293,"A","T",0.0562909,0.259435,0.0173443,1.38e-50,31065,"CTSC","ENSG00000109861",11,88048857
27,"rs75660144",11,88044081,"C","T",0.0879067,0.659543,0.0135557,0,31569,"CTSC","ENSG00000109861",11,88048857
