"V1","SNP","chr","pos","effect_allele.exposure","other_allele.exposure","eaf.exposure","beta.exposure","se.exposure","pval.exposure","samplesize.exposure","exposure","id.exposure","gene-chr","gene-pos"
2,"rs11651540",17,19445189,"T","C",0.443589,0.0702563,0.00800222,1.64e-18,31559,"SLC47A1","ENSG00000142494",17,19440522
7,"rs2453581",17,19438560,"T","C",0.362591,0.10699,0.00893502,4.85e-33,26955,"SLC47A1","ENSG00000142494",17,19440522
12,"rs75781302",17,19444191,"A","C",0.0506258,-0.176197,0.0209231,3.73e-17,23692,"SLC47A1","ENSG00000142494",17,19440522
13,"rs8080953",17,19441220,"C","T",0.020553,-0.410586,0.0295841,8.54e-44,28186,"SLC47A1","ENSG00000142494",17,19440522
