"V1","SNP","chr","pos","effect_allele.exposure","other_allele.exposure","eaf.exposure","beta.exposure","se.exposure","pval.exposure","samplesize.exposure","exposure","id.exposure","gene-chr","gene-pos"
2,"rs12095407",1,161969457,"T","C",0.0436269,0.0984065,0.020047,9.16e-07,29796,"OLFML2B","ENSG00000162745",1,161973313
3,"rs12749007",1,161968735,"C","G",0.353706,0.0824859,0.0083547,5.45e-23,31238,"OLFML2B","ENSG00000162745",1,161973313
9,"rs4656343",1,161969986,"A","G",0.0502851,0.124708,0.0188968,4.13e-11,29277,"OLFML2B","ENSG00000162745",1,161973313
13,"rs77548444",1,161977460,"A","G",0.0158563,0.252128,0.0367738,7.07e-12,23648,"OLFML2B","ENSG00000162745",1,161973313
