"V1","SNP","chr","pos","effect_allele.exposure","other_allele.exposure","eaf.exposure","beta.exposure","se.exposure","pval.exposure","samplesize.exposure","exposure","id.exposure","gene-chr","gene-pos"
2,"rs111491984",15,82488239,"T","A",0.263882,-0.0648235,0.00902256,6.74e-13,31566,"EFTUD1","ENSG00000140598",15,82488837
3,"rs12439569",15,82490697,"A","G",0.0419813,0.185305,0.0203847,9.87e-20,29836,"EFTUD1","ENSG00000140598",15,82488837
7,"rs7164362",15,82486742,"C","G",0.360756,0.0440207,0.0082839,1.07e-07,31568,"EFTUD1","ENSG00000140598",15,82488837
