"V1","SNP","chr","pos","effect_allele.exposure","other_allele.exposure","eaf.exposure","beta.exposure","se.exposure","pval.exposure","samplesize.exposure","exposure","id.exposure","gene-chr","gene-pos"
7,"rs12417470",11,104933562,"A","G",0.0842455,0.428183,0.0141722,1.61e-200,31355,"CASP1","ENSG00000137752",11,104934164
8,"rs1699086",11,104932526,"G","T",0.435268,0.0636017,0.00804657,2.7e-15,31355,"CASP1","ENSG00000137752",11,104934164
39,"rs61891077",11,104937574,"A","G",0.0648564,-0.0968024,0.016813,8.53e-09,29130,"CASP1","ENSG00000137752",11,104934164
40,"rs79977540",11,104933430,"T","A",0.0232722,-0.770952,0.122853,3.49e-10,1418,"CASP1","ENSG00000137752",11,104934164
