"V1","SNP","chr","pos","effect_allele.exposure","other_allele.exposure","eaf.exposure","beta.exposure","se.exposure","pval.exposure","samplesize.exposure","exposure","id.exposure","gene-chr","gene-pos"
8,"rs2071398",17,38979070,"C","T",0.181852,0.383327,0.0150106,7.66e-144,14263,"KRT10","ENSG00000186395",17,38976608
11,"rs62065905",17,38980682,"A","G",0.191074,-0.151828,0.0153281,3.95e-23,13670,"KRT10","ENSG00000186395",17,38976608
14,"rs72824019",17,38972349,"T","C",0.0336896,0.43641,0.0326112,7.68e-41,14263,"KRT10","ENSG00000186395",17,38976608
17,"rs77919366",17,38978462,"T","C",0.224508,-0.203187,0.0140877,3.71e-47,14262,"KRT10","ENSG00000186395",17,38976608
