"V1","SNP","chr","pos","effect_allele.exposure","other_allele.exposure","eaf.exposure","beta.exposure","se.exposure","pval.exposure","samplesize.exposure","exposure","id.exposure","gene-chr","gene-pos"
3,"rs117618283",12,49211253,"C","A",0.037657,-0.106374,0.0214854,7.38e-07,29863,"CACNB3","ENSG00000167535",12,49215150
4,"rs117962372",12,49216201,"A","G",0.0265763,-0.139248,0.0270039,2.51e-07,26478,"CACNB3","ENSG00000167535",12,49215150
6,"rs2070615",12,49218171,"A","G",0.41003,-0.198216,0.00802681,1.23e-134,31470,"CACNB3","ENSG00000167535",12,49215150
8,"rs34014405",12,49211913,"T","C",0.177242,0.488418,0.0101563,0,30927,"CACNB3","ENSG00000167535",12,49215150
