"V1","SNP","chr","pos","effect_allele.exposure","other_allele.exposure","eaf.exposure","beta.exposure","se.exposure","pval.exposure","samplesize.exposure","exposure","id.exposure","gene-chr","gene-pos"
2,"rs112183766",14,91706955,"C","G",0.0395548,-0.135548,0.0207425,6.37e-11,30546,"GPR68","ENSG00000119714",14,91709572
18,"rs2540877",14,91710216,"A","C",0.198584,-0.232479,0.00992399,2.32e-121,31351,"GPR68","ENSG00000119714",14,91709572
31,"rs4904761",14,91709711,"A","G",0.416031,0.120839,0.00892288,8.76e-42,25666,"GPR68","ENSG00000119714",14,91709572
35,"rs76754188",14,91705781,"C","T",0.0292541,-0.153956,0.0245638,3.67e-10,29140,"GPR68","ENSG00000119714",14,91709572
