"V1","SNP","chr","pos","effect_allele.exposure","other_allele.exposure","eaf.exposure","beta.exposure","se.exposure","pval.exposure","samplesize.exposure","exposure","id.exposure","gene-chr","gene-pos"
1,"rs11265561",1,161143969,"G","A",0.364511,-0.185411,0.00820287,4.03e-113,31568,"PPOX","ENSG00000143224",1,161142001
2,"rs112810680",1,161143919,"T","C",0.0893066,-0.0905933,0.0139456,8.24e-11,31568,"PPOX","ENSG00000143224",1,161142001
6,"rs35587044",1,161141086,"G","A",0.0142429,-0.341408,0.054373,3.41e-10,12006,"PPOX","ENSG00000143224",1,161142001
8,"rs3813619",1,161143801,"A","G",0.0638318,-0.322809,0.016149,6.81e-89,31684,"PPOX","ENSG00000143224",1,161142001
