"V1","SNP","chr","pos","effect_allele.exposure","other_allele.exposure","eaf.exposure","beta.exposure","se.exposure","pval.exposure","samplesize.exposure","exposure","id.exposure","gene-chr","gene-pos"
9,"rs17121264",11,117690543,"C","A",0.0760274,-0.141079,0.0150453,6.79e-21,31355,"FXYD2","ENSG00000137731",11,117685929
16,"rs73018457",11,117688433,"T","C",0.0768441,0.121401,0.0152112,1.45e-15,30399,"FXYD2","ENSG00000137731",11,117685929
17,"rs73018459",11,117689383,"T","C",0.0510637,0.12755,0.0188022,1.17e-11,29143,"FXYD2","ENSG00000137731",11,117685929
19,"rs954319",11,117686194,"A","G",0.497538,0.0407625,0.00794219,2.86e-07,31681,"FXYD2","ENSG00000137731",11,117685929
