"V1","SNP","chr","pos","effect_allele.exposure","other_allele.exposure","eaf.exposure","beta.exposure","se.exposure","pval.exposure","samplesize.exposure","exposure","id.exposure","gene-chr","gene-pos"
3,"rs12929754",16,30512443,"G","A",0.448646,0.177218,0.00798278,3.43e-109,31227,"ITGAL","ENSG00000005844",16,30509242
5,"rs139199468",16,30508048,"A","G",0.0297115,-0.142672,0.0274253,1.97e-07,23031,"ITGAL","ENSG00000005844",16,30509242
9,"rs3087439",16,30505821,"T","C",0.0744944,0.166757,0.0154932,5.14e-27,30097,"ITGAL","ENSG00000005844",16,30509242
19,"rs71383762",16,30511629,"C","A",0.189888,-0.158526,0.0101764,1.03e-54,31143,"ITGAL","ENSG00000005844",16,30509242
