"V1","SNP","chr","pos","effect_allele.exposure","other_allele.exposure","eaf.exposure","beta.exposure","se.exposure","pval.exposure","samplesize.exposure","exposure","id.exposure","gene-chr","gene-pos"
10,"rs17513139",6,3088557,"T","C",0.0245492,0.274496,0.0267393,1.01e-24,29098,"RIPK1","ENSG00000137275",6,3089823
16,"rs7753662",6,3085129,"G","T",0.0444753,0.557747,0.0191809,6.77e-186,31134,"RIPK1","ENSG00000137275",6,3089823
17,"rs7765724",6,3087964,"A","G",0.210875,0.0475939,0.0109256,1.32e-05,25155,"RIPK1","ENSG00000137275",6,3089823
19,"rs80302302",6,3094377,"G","A",0.0587457,0.112259,0.0207664,6.45e-08,20940,"RIPK1","ENSG00000137275",6,3089823
