"V1","SNP","chr","pos","effect_allele.exposure","other_allele.exposure","eaf.exposure","beta.exposure","se.exposure","pval.exposure","samplesize.exposure","exposure","id.exposure","gene-chr","gene-pos"
4,"rs12996712",2,11401804,"G","T",0.452682,-0.138872,0.0079624,4.03e-68,31526,"ROCK2","ENSG00000134318",2,11404171
9,"rs4669702",2,11403452,"T","C",0.280831,-0.127303,0.00883249,4.29e-47,31526,"ROCK2","ENSG00000134318",2,11404171
10,"rs62121453",2,11408992,"C","T",0.0453123,0.114927,0.021416,8.03e-08,25173,"ROCK2","ENSG00000134318",2,11404171
19,"rs72787669",2,11407643,"C","A",0.0798664,-0.155944,0.015177,9.13e-25,29432,"ROCK2","ENSG00000134318",2,11404171
