"V1","SNP","chr","pos","effect_allele.exposure","other_allele.exposure","eaf.exposure","beta.exposure","se.exposure","pval.exposure","samplesize.exposure","exposure","id.exposure","gene-chr","gene-pos"
1,"rs108815",22,22025476,"G","A",0.361288,0.164578,0.00821782,3.2e-89,31684,"PPIL2","ENSG00000100023",22,22029562
5,"rs144368958",22,22029747,"T","C",0.027895,-0.140717,0.0272866,2.51e-07,24738,"PPIL2","ENSG00000100023",22,22029562
26,"rs2599424",22,22032885,"T","C",0.241923,-0.146334,0.00925651,2.71e-56,31569,"PPIL2","ENSG00000100023",22,22029562
32,"rs55671725",22,22026739,"A","G",0.0169474,-0.323388,0.0316019,1.41e-24,29946,"PPIL2","ENSG00000100023",22,22029562
