"V1","SNP","chr","pos","effect_allele.exposure","other_allele.exposure","eaf.exposure","beta.exposure","se.exposure","pval.exposure","samplesize.exposure","exposure","id.exposure","gene-chr","gene-pos"
1,"rs17708472",16,31105353,"A","G",0.219001,-0.0626062,0.0104974,2.46e-09,26493,"VKORC1","ENSG00000167397",16,31104732
6,"rs2884737",16,31105554,"C","A",0.241336,0.13213,0.0110368,4.99e-33,22276,"VKORC1","ENSG00000167397",16,31104732
7,"rs55894764",16,31106015,"T","C",0.0210387,-0.261308,0.0386173,1.32e-11,16232,"VKORC1","ENSG00000167397",16,31104732
9,"rs7294",16,31102321,"T","C",0.404224,-0.0597211,0.00882561,1.32e-11,26609,"VKORC1","ENSG00000167397",16,31104732
