"V1","SNP","chr","pos","effect_allele.exposure","other_allele.exposure","eaf.exposure","beta.exposure","se.exposure","pval.exposure","samplesize.exposure","exposure","id.exposure","gene-chr","gene-pos"
1,"rs12194000",6,110776012,"G","A",0.112496,0.0757097,0.0139413,5.62e-08,25738,"SLC22A16","ENSG00000004809",6,110771867
7,"rs75407366",6,110772775,"A","G",0.0464692,0.290924,0.0188011,5.21e-54,31684,"SLC22A16","ENSG00000004809",6,110771867
9,"rs77611548",6,110772626,"T","C",0.0128356,-0.479736,0.0481005,1.99e-23,16956,"SLC22A16","ENSG00000004809",6,110771867
11,"rs9487410",6,110770508,"T","A",0.213876,0.254052,0.00960013,2.57e-154,31567,"SLC22A16","ENSG00000004809",6,110771867
