"V1","SNP","chr","pos","effect_allele.exposure","other_allele.exposure","eaf.exposure","beta.exposure","se.exposure","pval.exposure","samplesize.exposure","exposure","id.exposure","gene-chr","gene-pos"
8,"rs34152298",6,160192980,"A","G",0.177967,-0.120858,0.0105715,2.88e-30,30451,"ACAT2","ENSG00000120437",6,160190752
9,"rs3798211",6,160186920,"A","C",0.425758,0.224886,0.00803479,2.21e-172,30895,"ACAT2","ENSG00000120437",6,160190752
12,"rs58827219",6,160189007,"A","C",0.0255442,0.369047,0.0262081,4.94e-45,29047,"ACAT2","ENSG00000120437",6,160190752
13,"rs62439362",6,160187222,"G","A",0.0361954,0.100985,0.0222512,5.67e-06,28930,"ACAT2","ENSG00000120437",6,160190752
