"V1","SNP","chr","pos","effect_allele.exposure","other_allele.exposure","eaf.exposure","beta.exposure","se.exposure","pval.exposure","samplesize.exposure","exposure","id.exposure","gene-chr","gene-pos"
6,"rs12629312",3,53272889,"A","G",0.18949,0.222705,0.0149968,6.94e-50,14255,"TKT","ENSG00000163931",3,53274395
36,"rs73840276",3,53269407,"A","G",0.193176,-0.573291,0.0142083,0,14263,"TKT","ENSG00000163931",3,53274395
45,"rs9284890",3,53273473,"C","T",0.448521,0.306812,0.011765,6.41e-150,13924,"TKT","ENSG00000163931",3,53274395
47,"rs9820968",3,53274688,"G","C",0.412359,-0.443411,0.0116527,0,13748,"TKT","ENSG00000163931",3,53274395
