"V1","SNP","chr","pos","effect_allele.exposure","other_allele.exposure","eaf.exposure","beta.exposure","se.exposure","pval.exposure","samplesize.exposure","exposure","id.exposure","gene-chr","gene-pos"
1,"rs112854904",11,316134,"T","G",0.0201212,-0.445681,0.0394911,1.55e-29,16133,"IFITM1","ENSG00000185885",11,314389
3,"rs141016101",11,314873,"A","G",0.0630913,0.159619,0.0233764,8.6e-12,15433,"IFITM1","ENSG00000185885",11,314389
5,"rs77612739",11,315745,"T","G",0.102336,-0.130639,0.0178108,2.22e-13,17104,"IFITM1","ENSG00000185885",11,314389
6,"rs7942247",11,316349,"A","G",0.541955,-0.112791,0.0106964,5.37e-26,17493,"IFITM1","ENSG00000185885",11,314389
