"V1","SNP","chr","pos","effect_allele.exposure","other_allele.exposure","eaf.exposure","beta.exposure","se.exposure","pval.exposure","samplesize.exposure","exposure","id.exposure","gene-chr","gene-pos"
3,"rs141932846",20,33783805,"A","G",0.116649,0.0601482,0.0123935,1.21e-06,31569,"EDEM2","ENSG00000088298",20,33784544
16,"rs6060302",20,33783493,"A","G",0.152428,-0.377429,0.0108676,2.78e-264,31563,"EDEM2","ENSG00000088298",20,33784544
17,"rs6060303",20,33785956,"A","G",0.259203,0.127551,0.00905466,4.58e-45,31562,"EDEM2","ENSG00000088298",20,33784544
29,"rs79566357",20,33782642,"T","C",0.0437683,0.107911,0.0219109,8.44e-07,24861,"EDEM2","ENSG00000088298",20,33784544
