"V1","SNP","chr","pos","effect_allele.exposure","other_allele.exposure","eaf.exposure","beta.exposure","se.exposure","pval.exposure","samplesize.exposure","exposure","id.exposure","gene-chr","gene-pos"
1,"rs112331101",5,61816669,"T","G",0.0911442,0.0770566,0.0138218,2.48e-08,31566,"IPO11","ENSG00000086200",5,61812104
3,"rs183191397",5,61809270,"A","G",0.0421509,0.100313,0.0229959,1.29e-05,23402,"IPO11","ENSG00000086200",5,61812104
4,"rs191620819",5,61810352,"T","G",0.0160955,0.320492,0.0349707,4.97e-20,25733,"IPO11","ENSG00000086200",5,61812104
9,"rs39935",5,61813541,"C","T",0.334088,0.107504,0.00841601,2.3e-37,31568,"IPO11","ENSG00000086200",5,61812104
