"V1","SNP","chr","pos","effect_allele.exposure","other_allele.exposure","eaf.exposure","beta.exposure","se.exposure","pval.exposure","samplesize.exposure","exposure","id.exposure","gene-chr","gene-pos"
16,"rs114870176",1,207513563,"C","T",0.017627,0.253571,0.0353913,7.79e-13,23002,"CD55","ENSG00000196352",1,207514582
17,"rs1507761",1,207509799,"T","C",0.300932,-0.743827,0.00758627,0,31684,"CD55","ENSG00000196352",1,207514582
18,"rs28371626",1,207510860,"A","G",0.0372524,0.221741,0.0235199,4.19e-21,25114,"CD55","ENSG00000196352",1,207514582
19,"rs28371667",1,207510515,"T","C",0.0213699,0.297651,0.0310661,9.59e-22,24682,"CD55","ENSG00000196352",1,207514582
