"V1","SNP","chr","pos","effect_allele.exposure","other_allele.exposure","eaf.exposure","beta.exposure","se.exposure","pval.exposure","samplesize.exposure","exposure","id.exposure","gene-chr","gene-pos"
2,"rs11791015",9,21329433,"A","C",0.0314925,-0.685536,0.025342,3.68e-161,24794,"KLHL9","ENSG00000198642",9,21332524
22,"rs77895351",9,21331370,"A","G",0.0163819,-0.645755,0.0341056,5.98e-80,26318,"KLHL9","ENSG00000198642",9,21332524
23,"rs7863385",9,21335404,"C","A",0.038845,0.533632,0.02099,1.4e-142,29750,"KLHL9","ENSG00000198642",9,21332524
24,"rs7872479",9,21330522,"T","G",0.216216,0.385853,0.00942068,0,31567,"KLHL9","ENSG00000198642",9,21332524
