"V1","SNP","chr","pos","effect_allele.exposure","other_allele.exposure","eaf.exposure","beta.exposure","se.exposure","pval.exposure","samplesize.exposure","exposure","id.exposure","gene-chr","gene-pos"
2,"rs116456835",1,24182986,"G","T",0.0437647,-0.130779,0.0217957,1.97e-09,25114,"FUCA1","ENSG00000179163",1,24183175
11,"rs144892149",1,24179694,"G","C",0.30588,-0.353278,0.00932684,0,25637,"FUCA1","ENSG00000179163",1,24183175
18,"rs61779510",1,24179019,"A","G",0.0260305,0.356723,0.0309317,9.04e-31,20480,"FUCA1","ENSG00000179163",1,24183175
20,"rs78199675",1,24185648,"C","A",0.0924672,-0.445587,0.0137128,1.28e-231,30630,"FUCA1","ENSG00000179163",1,24183175
