"V1","SNP","chr","pos","effect_allele.exposure","other_allele.exposure","eaf.exposure","beta.exposure","se.exposure","pval.exposure","samplesize.exposure","exposure","id.exposure","gene-chr","gene-pos"
3,"rs62094045",18,56382702,"A","T",0.139207,-0.154373,0.0114641,2.49e-41,31568,"MALT1","ENSG00000172175",18,56377994
4,"rs67802189",18,56379230,"A","C",0.483124,-0.167458,0.00790889,1.68e-99,31562,"MALT1","ENSG00000172175",18,56377994
9,"rs8099417",18,56380092,"A","G",0.0624481,-0.345277,0.0163321,3.34e-99,31569,"MALT1","ENSG00000172175",18,56377994
