"V1","SNP","chr","pos","effect_allele.exposure","other_allele.exposure","eaf.exposure","beta.exposure","se.exposure","pval.exposure","samplesize.exposure","exposure","id.exposure","gene-chr","gene-pos"
1,"rs113548942",4,166191531,"A","G",0.275186,-0.0722169,0.00900931,1.09e-15,30819,"KLHL2","ENSG00000109466",4,166186539
3,"rs142653933",4,166189619,"A","G",0.0217758,0.165315,0.0292139,1.52e-08,27471,"KLHL2","ENSG00000109466",4,166186539
12,"rs6823874",4,166190629,"G","T",0.0886434,0.135391,0.0142271,1.79e-21,30487,"KLHL2","ENSG00000109466",4,166186539
