"V1","SNP","chr","pos","effect_allele.exposure","other_allele.exposure","eaf.exposure","beta.exposure","se.exposure","pval.exposure","samplesize.exposure","exposure","id.exposure","gene-chr","gene-pos"
2,"rs1050533",17,7560294,"T","C",0.303227,-0.0673747,0.00872661,1.16e-14,31016,"ATP1B2","ENSG00000129244",17,7555515
3,"rs117613045",17,7558895,"T","C",0.0299983,0.272206,0.0242297,2.76e-29,29143,"ATP1B2","ENSG00000129244",17,7555515
16,"rs1641518",17,7551690,"A","G",0.132639,0.301653,0.0116101,7.91e-149,31568,"ATP1B2","ENSG00000129244",17,7555515
17,"rs1642762",17,7554772,"C","T",0.422623,0.0777572,0.0082536,4.47e-21,29992,"ATP1B2","ENSG00000129244",17,7555515
