"V1","SNP","chr","pos","effect_allele.exposure","other_allele.exposure","eaf.exposure","beta.exposure","se.exposure","pval.exposure","samplesize.exposure","exposure","id.exposure","gene-chr","gene-pos"
1,"rs11898024",2,58262016,"C","A",0.0861304,-0.153678,0.015423,2.19e-23,26605,"VRK2","ENSG00000028116",2,58260920
6,"rs17049318",2,58264510,"G","A",0.080521,-0.214549,0.0159123,1.96e-41,26490,"VRK2","ENSG00000028116",2,58260920
13,"rs75646848",2,58261937,"A","C",0.0736991,0.129136,0.0169345,2.43e-14,25482,"VRK2","ENSG00000028116",2,58260920
14,"rs77733682",2,58258466,"A","G",0.0350491,-0.241602,0.0239532,6.35e-24,25664,"VRK2","ENSG00000028116",2,58260920
