"V1","SNP","chr","pos","effect_allele.exposure","other_allele.exposure","eaf.exposure","beta.exposure","se.exposure","pval.exposure","samplesize.exposure","exposure","id.exposure","gene-chr","gene-pos"
7,"rs302672",2,238795011,"G","A",0.272927,0.215426,0.00961897,4.31e-111,26731,"RAMP1","ENSG00000132329",2,238794146
13,"rs6728476",2,238792133,"G","A",0.310628,0.0467776,0.00858085,5e-08,31684,"RAMP1","ENSG00000132329",2,238794146
20,"rs7586684",2,238791066,"C","G",0.0849872,0.077603,0.0143433,6.29e-08,31226,"RAMP1","ENSG00000132329",2,238794146
