"V1","SNP","chr","pos","effect_allele.exposure","other_allele.exposure","eaf.exposure","beta.exposure","se.exposure","pval.exposure","samplesize.exposure","exposure","id.exposure","gene-chr","gene-pos"
2,"rs11724565",4,56227146,"T","C",0.19252,-0.119884,0.0100727,1.16e-32,31558,"SRD5A3","ENSG00000128039",4,56225769
4,"rs13120635",4,56227367,"A","G",0.309821,0.343066,0.0083884,0,31558,"SRD5A3","ENSG00000128039",4,56225769
8,"rs13138693",4,56222962,"T","C",0.22283,-0.161359,0.00950398,1.19e-64,31676,"SRD5A3","ENSG00000128039",4,56225769
10,"rs143544510",4,56220990,"T","C",0.0170348,-0.185056,0.0335842,3.58e-08,26443,"SRD5A3","ENSG00000128039",4,56225769
13,"rs28653645",4,56221334,"G","A",0.0282224,-0.160901,0.0242073,3e-11,31065,"SRD5A3","ENSG00000128039",4,56225769
