"V1","SNP","chr","pos","effect_allele.exposure","other_allele.exposure","eaf.exposure","beta.exposure","se.exposure","pval.exposure","samplesize.exposure","exposure","id.exposure","gene-chr","gene-pos"
1,"rs111293243",14,97332896,"A","G",0.0141317,-0.373676,0.065424,1.12e-08,8352,"VRK1","ENSG00000100749",14,97330850
8,"rs1951312",14,97334742,"A","G",0.34906,-0.201156,0.0123063,4.66e-60,14263,"VRK1","ENSG00000100749",14,97330850
10,"rs67957817",14,97335116,"A","G",0.0982675,-0.131704,0.0198594,3.32e-11,14263,"VRK1","ENSG00000100749",14,97330850
12,"rs75297610",14,97327697,"G","A",0.121655,-0.137741,0.0180763,2.54e-14,14262,"VRK1","ENSG00000100749",14,97330850
13,"rs80217435",14,97326166,"T","C",0.0608845,0.126057,0.0247393,3.48e-07,14262,"VRK1","ENSG00000100749",14,97330850
