"V1","SNP","chr","pos","effect_allele.exposure","other_allele.exposure","eaf.exposure","beta.exposure","se.exposure","pval.exposure","samplesize.exposure","exposure","id.exposure","gene-chr","gene-pos"
6,"rs190650694",2,167139746,"G","T",0.0137537,-0.407211,0.0526222,1.01e-14,13251,"SCN9A","ENSG00000169432",2,167142099
9,"rs35825653",2,167137667,"C","T",0.0660716,-0.126142,0.0160302,3.57e-15,31470,"SCN9A","ENSG00000169432",2,167142099
11,"rs41268673",2,167141109,"T","G",0.0268657,0.192801,0.0261965,1.84e-13,27815,"SCN9A","ENSG00000169432",2,167142099
13,"rs4500963",2,167145941,"T","G",0.314534,-0.0859227,0.00857118,1.19e-23,31466,"SCN9A","ENSG00000169432",2,167142099
14,"rs4525717",2,167137120,"T","C",0.143139,0.0964076,0.0113691,2.26e-17,31468,"SCN9A","ENSG00000169432",2,167142099
