"V1","SNP","chr","pos","effect_allele.exposure","other_allele.exposure","eaf.exposure","beta.exposure","se.exposure","pval.exposure","samplesize.exposure","exposure","id.exposure","gene-chr","gene-pos"
10,"rs57525801",19,14566999,"T","C",0.11123,-0.163371,0.0136868,7.65e-33,26856,"PKN1","ENSG00000123143",19,14563272
12,"rs7245494",19,14568217,"G","A",0.218768,0.0951493,0.0137214,4.08e-12,15491,"PKN1","ENSG00000123143",19,14563272
14,"rs77990388",19,14564986,"A","G",0.0194446,0.176889,0.0376905,2.69e-06,18438,"PKN1","ENSG00000123143",19,14563272
