"V1","SNP","chr","pos","effect_allele.exposure","other_allele.exposure","eaf.exposure","beta.exposure","se.exposure","pval.exposure","samplesize.exposure","exposure","id.exposure","gene-chr","gene-pos"
10,"rs2276816",3,52860816,"T","C",0.115863,0.583149,0.0142485,0,22367,"ITIH4","ENSG00000055955",3,52856243
15,"rs3821831",3,52853401,"T","C",0.345391,-0.0777741,0.00910384,1.31e-17,26609,"ITIH4","ENSG00000055955",3,52856243
16,"rs41292864",3,52852410,"A","G",0.10118,0.569566,0.0147654,0,23730,"ITIH4","ENSG00000055955",3,52856243
19,"rs9831977",3,52854140,"G","T",0.106326,-0.698882,0.013423,0,26494,"ITIH4","ENSG00000055955",3,52856243
