"V1","SNP","chr","pos","effect_allele.exposure","other_allele.exposure","eaf.exposure","beta.exposure","se.exposure","pval.exposure","samplesize.exposure","exposure","id.exposure","gene-chr","gene-pos"
2,"rs35285779",17,63545622,"C","T",0.044993,0.211764,0.0206687,1.24e-24,27134,"AXIN2","ENSG00000168646",17,63541223
3,"rs35759823",17,63545946,"A","G",0.0221821,0.256399,0.0303222,2.77e-17,25001,"AXIN2","ENSG00000168646",17,63541223
4,"rs4791170",17,63541566,"A","G",0.103643,0.153383,0.0136425,2.51e-29,28791,"AXIN2","ENSG00000168646",17,63541223
5,"rs4791171",17,63541497,"T","C",0.329667,0.123393,0.00886785,5.16e-44,28579,"AXIN2","ENSG00000168646",17,63541223
