"V1","SNP","chr","pos","effect_allele.exposure","other_allele.exposure","eaf.exposure","beta.exposure","se.exposure","pval.exposure","samplesize.exposure","exposure","id.exposure","gene-chr","gene-pos"
6,"rs11703122",22,39231538,"C","T",0.418449,-0.0975087,0.00803414,6.74e-34,31684,"NPTXR","ENSG00000221890",22,39227222
16,"rs3817727",22,39231168,"T","C",0.0241319,-0.215427,0.0261434,1.72e-16,30995,"NPTXR","ENSG00000221890",22,39227222
18,"rs56034166",22,39222598,"A","G",0.0287529,-0.113858,0.0263842,1.59e-05,25699,"NPTXR","ENSG00000221890",22,39227222
32,"rs9611034",22,39230884,"T","C",0.184797,0.305589,0.0101083,9.16e-201,31569,"NPTXR","ENSG00000221890",22,39227222
