"V1","SNP","chr","pos","effect_allele.exposure","other_allele.exposure","eaf.exposure","beta.exposure","se.exposure","pval.exposure","samplesize.exposure","exposure","id.exposure","gene-chr","gene-pos"
1,"rs10948128",6,44214091,"C","G",0.194765,0.0564085,0.0108224,1.87e-07,27194,"HSP90AB1","ENSG00000096384",6,44218222
2,"rs13296",6,44218120,"A","G",0.323922,-0.0394651,0.00854705,3.89e-06,31231,"HSP90AB1","ENSG00000096384",6,44218222
4,"rs2070695",6,44219710,"C","A",0.142487,-0.0529837,0.0113626,3.12e-06,31674,"HSP90AB1","ENSG00000096384",6,44218222
5,"rs35074133",6,44214869,"A","T",0.0515523,0.0975899,0.0201591,1.29e-06,25142,"HSP90AB1","ENSG00000096384",6,44218222
