"V1","SNP","chr","pos","effect_allele.exposure","other_allele.exposure","eaf.exposure","beta.exposure","se.exposure","pval.exposure","samplesize.exposure","exposure","id.exposure","gene-chr","gene-pos"
6,"rs11541299",7,95216421,"A","G",0.0821669,-0.163413,0.0144764,1.5e-29,31509,"PDK4","ENSG00000004799",7,95219307
17,"rs45507091",7,95217027,"A","G",0.0546762,-0.122102,0.0177484,6e-12,30662,"PDK4","ENSG00000004799",7,95219307
20,"rs55879823",7,95214911,"C","T",0.0818896,-0.0661601,0.0144827,4.92e-06,31684,"PDK4","ENSG00000004799",7,95219307
21,"rs6956280",7,95219511,"A","T",0.489843,-0.135953,0.00792543,5.87e-66,31559,"PDK4","ENSG00000004799",7,95219307
