"V1","SNP","chr","pos","effect_allele.exposure","other_allele.exposure","eaf.exposure","beta.exposure","se.exposure","pval.exposure","samplesize.exposure","exposure","id.exposure","gene-chr","gene-pos"
2,"rs112943022",14,21428496,"A","G",0.042044,0.208802,0.0221681,4.55e-21,25173,"RNASE2","ENSG00000169385",14,21424103
3,"rs11624386",14,21419654,"C","T",0.23973,-0.362512,0.00939159,0,29613,"RNASE2","ENSG00000169385",14,21424103
8,"rs141439383",14,21419907,"A","G",0.0214473,0.263756,0.0287742,4.89e-20,28691,"RNASE2","ENSG00000169385",14,21424103
10,"rs148303314",14,21427178,"G","A",0.0147548,0.489045,0.0492374,3.01e-23,14089,"RNASE2","ENSG00000169385",14,21424103
14,"rs2013109",14,21423790,"C","G",0.24708,-0.256221,0.00932409,3.08e-166,30160,"RNASE2","ENSG00000169385",14,21424103
23,"rs4982383",14,21426282,"T","C",0.0489681,0.312237,0.0188836,2.06e-61,29836,"RNASE2","ENSG00000169385",14,21424103
