"V1","SNP","chr","pos","effect_allele.exposure","other_allele.exposure","eaf.exposure","beta.exposure","se.exposure","pval.exposure","samplesize.exposure","exposure","id.exposure","gene-chr","gene-pos"
10,"rs1713433",14,20813947,"G","A",0.110508,-0.280194,0.0127862,1.92e-106,30633,"PARP2","ENSG00000129484",14,20818902
33,"rs3093897",14,20817133,"C","G",0.265853,0.267037,0.00891229,3e-197,31355,"PARP2","ENSG00000129484",14,20818902
40,"rs3093921",14,20822308,"G","A",0.0331334,0.430715,0.0231127,1.66e-77,28870,"PARP2","ENSG00000129484",14,20818902
45,"rs79030532",14,20814865,"G","A",0.134561,-0.0739936,0.0119653,6.25e-10,29950,"PARP2","ENSG00000129484",14,20818902
