"V1","SNP","chr","pos","effect_allele.exposure","other_allele.exposure","eaf.exposure","beta.exposure","se.exposure","pval.exposure","samplesize.exposure","exposure","id.exposure","gene-chr","gene-pos"
3,"rs12468226",2,203337001,"G","A",0.12073,0.208765,0.0121439,3.1e-66,31644,"BMPR2","ENSG00000204217",2,203337066
9,"rs138257921",2,203337895,"A","G",0.0319498,-0.190472,0.0246025,9.79e-15,26647,"BMPR2","ENSG00000204217",2,203337066
10,"rs35223496",2,203333493,"G","A",0.127293,0.316878,0.0118139,1.77e-158,31529,"BMPR2","ENSG00000204217",2,203337066
14,"rs4675278",2,203334572,"A","G",0.30484,-0.11827,0.0088009,3.6e-41,30281,"BMPR2","ENSG00000204217",2,203337066
