"V1","SNP","chr","pos","effect_allele.exposure","other_allele.exposure","eaf.exposure","beta.exposure","se.exposure","pval.exposure","samplesize.exposure","exposure","id.exposure","gene-chr","gene-pos"
4,"rs12459704",19,36707022,"C","T",0.220625,0.0658095,0.0096061,7.34e-12,31465,"ZNF565","ENSG00000196357",19,36705173
6,"rs12982577",19,36701657,"A","G",0.0660647,0.203162,0.0162743,9.17e-36,30442,"ZNF565","ENSG00000196357",19,36705173
10,"rs2438514",19,36706633,"G","A",0.400334,-0.180532,0.00807131,8.21e-111,31470,"ZNF565","ENSG00000196357",19,36705173
12,"rs75333181",19,36707064,"G","A",0.0838894,-0.183487,0.015872,6.54e-31,25692,"ZNF565","ENSG00000196357",19,36705173
