"V1","SNP","chr","pos","effect_allele.exposure","other_allele.exposure","eaf.exposure","beta.exposure","se.exposure","pval.exposure","samplesize.exposure","exposure","id.exposure","gene-chr","gene-pos"
1,"rs10897173",11,61481867,"T","C",0.239935,-0.0695541,0.00934265,9.71e-14,31355,"DAGLA","ENSG00000134780",11,61481189
10,"rs2017861",11,61481928,"A","G",0.263534,0.0952715,0.0090185,4.38e-26,31563,"DAGLA","ENSG00000134780",11,61481189
14,"rs533292",11,61478530,"A","C",0.0907101,-0.0900878,0.0138482,7.75e-11,31566,"DAGLA","ENSG00000134780",11,61481189
