"V1","SNP","chr","pos","effect_allele.exposure","other_allele.exposure","eaf.exposure","beta.exposure","se.exposure","pval.exposure","samplesize.exposure","exposure","id.exposure","gene-chr","gene-pos"
3,"rs11653938",17,1769021,"T","C",0.458101,0.101888,0.00799448,3.33e-37,31353,"RPA1","ENSG00000132383",17,1768186
10,"rs12951484",17,1769576,"C","T",0.105851,-0.0917242,0.0129881,1.64e-12,31266,"RPA1","ENSG00000132383",17,1768186
12,"rs142666685",17,1769354,"G","A",0.0133857,0.473895,0.0790431,2.03e-09,6024,"RPA1","ENSG00000132383",17,1768186
13,"rs150911262",17,1767660,"A","G",0.0315315,-0.549593,0.023653,1.99e-119,28726,"RPA1","ENSG00000132383",17,1768186
