"V1","SNP","chr","pos","effect_allele.exposure","other_allele.exposure","eaf.exposure","beta.exposure","se.exposure","pval.exposure","samplesize.exposure","exposure","id.exposure","gene-chr","gene-pos"
2,"rs11704557",22,51061199,"T","G",0.0297917,0.14452,0.0277528,1.92e-07,22433,"ARSA","ENSG00000100299",22,51065026
3,"rs11912237",22,51060049,"A","G",0.0827941,-0.788668,0.0139781,0,30515,"ARSA","ENSG00000100299",22,51065026
6,"rs131715",22,51066921,"A","G",0.436582,0.213913,0.00811329,3.38e-153,30185,"ARSA","ENSG00000100299",22,51065026
13,"rs6151405",22,51066699,"C","T",0.0647127,0.137521,0.0165832,1.11e-16,29972,"ARSA","ENSG00000100299",22,51065026
16,"rs6151413",22,51065524,"A","C",0.0174893,0.448096,0.0418726,1e-26,16482,"ARSA","ENSG00000100299",22,51065026
17,"rs6151415",22,51065361,"A","C",0.0691792,0.148962,0.0176458,3.12e-17,24867,"ARSA","ENSG00000100299",22,51065026
22,"rs6151428",22,51063610,"T","C",0.0349931,-0.267468,0.0262095,1.88e-24,21450,"ARSA","ENSG00000100299",22,51065026
31,"rs77841946",22,51068751,"T","C",0.0555014,0.224562,0.0201709,8.67e-29,23320,"ARSA","ENSG00000100299",22,51065026
