"V1","SNP","chr","pos","effect_allele.exposure","other_allele.exposure","eaf.exposure","beta.exposure","se.exposure","pval.exposure","samplesize.exposure","exposure","id.exposure","gene-chr","gene-pos"
2,"rs144082574",14,78202777,"T","A",0.0423466,0.476779,0.0196823,1.25e-129,31240,"SNW1","ENSG00000100603",14,78205746
3,"rs35657726",14,78209334,"T","C",0.4013,-0.0832567,0.00829267,1.02e-23,30161,"SNW1","ENSG00000100603",14,78205746
4,"rs4383070",14,78202773,"A","T",0.171437,0.0543279,0.0107986,4.88e-07,30163,"SNW1","ENSG00000100603",14,78205746
12,"rs72687218",14,78207655,"A","G",0.213922,0.0663961,0.00969852,7.59e-12,31566,"SNW1","ENSG00000100603",14,78205746
