"V1","SNP","chr","pos","effect_allele.exposure","other_allele.exposure","eaf.exposure","beta.exposure","se.exposure","pval.exposure","samplesize.exposure","exposure","id.exposure","gene-chr","gene-pos"
4,"rs139163179",9,139944281,"A","G",0.0176597,0.35008,0.0488229,7.48e-13,12040,"ENTPD2","ENSG00000054179",9,139945523
12,"rs45526831",9,139944312,"T","C",0.0160207,-0.327957,0.0538995,1.17e-09,10880,"ENTPD2","ENSG00000054179",9,139945523
15,"rs62584466",9,139942812,"A","C",0.0588318,-0.151243,0.0215827,2.42e-12,19336,"ENTPD2","ENSG00000054179",9,139945523
20,"rs7861020",9,139947473,"G","T",0.307113,0.214584,0.0099382,2.14e-103,23324,"ENTPD2","ENSG00000054179",9,139945523
