"V1","SNP","chr","pos","effect_allele.exposure","other_allele.exposure","eaf.exposure","beta.exposure","se.exposure","pval.exposure","samplesize.exposure","exposure","id.exposure","gene-chr","gene-pos"
1,"rs10892341",11,119128897,"T","C",0.248717,0.155905,0.0136348,2.81e-30,14263,"CBL","ENSG00000110395",11,119127201
7,"rs12287028",11,119123949,"T","A",0.282665,-0.316967,0.0133201,3.66e-125,13332,"CBL","ENSG00000110395",11,119127201
9,"rs73003083",11,119125745,"T","C",0.0406146,0.201352,0.0351854,1.05e-08,10333,"CBL","ENSG00000110395",11,119127201
