"V1","SNP","chr","pos","effect_allele.exposure","other_allele.exposure","eaf.exposure","beta.exposure","se.exposure","pval.exposure","samplesize.exposure","exposure","id.exposure","gene-chr","gene-pos"
19,"rs4655085",1,22968425,"A","G",0.0968735,-0.231355,0.0133938,7.49e-67,31558,"C1QC","ENSG00000159189",1,22972363
25,"rs6690827",1,22967496,"A","G",0.311548,0.162359,0.00854047,1.39e-80,31599,"C1QC","ENSG00000159189",1,22972363
31,"rs7517504",1,22973092,"C","G",0.0771035,0.101867,0.0153423,3.15e-11,29808,"C1QC","ENSG00000159189",1,22972363
32,"rs76374480",1,22976166,"G","A",0.0188837,-0.170458,0.0346769,8.85e-07,22418,"C1QC","ENSG00000159189",1,22972363
