"V1","SNP","chr","pos","effect_allele.exposure","other_allele.exposure","eaf.exposure","beta.exposure","se.exposure","pval.exposure","samplesize.exposure","exposure","id.exposure","gene-chr","gene-pos"
2,"rs171140",19,45865002,"C","A",0.446582,0.239933,0.0117391,7.56e-93,14263,"ERCC2","ENSG00000104884",19,45863635
11,"rs3916836",19,45862901,"A","T",0.0320353,-0.218169,0.0335758,8.15e-11,14260,"ERCC2","ENSG00000104884",19,45863635
12,"rs3916855",19,45860202,"G","T",0.0578592,0.163351,0.0297511,4.01e-08,10333,"ERCC2","ENSG00000104884",19,45863635
13,"rs3916856",19,45860158,"A","G",0.0251372,-0.281063,0.0443499,2.34e-10,10333,"ERCC2","ENSG00000104884",19,45863635
