"V1","SNP","chr","pos","effect_allele.exposure","other_allele.exposure","eaf.exposure","beta.exposure","se.exposure","pval.exposure","samplesize.exposure","exposure","id.exposure","gene-chr","gene-pos"
2,"rs10078190",5,79938822,"T","C",0.0869664,0.179535,0.0312386,9.07e-09,6420,"DHFR","ENSG00000228716",5,79936424
7,"rs149907678",5,79932317,"T","C",0.0598814,0.456166,0.0367538,2.27e-35,6421,"DHFR","ENSG00000228716",5,79936424
21,"rs1650708",5,79938081,"C","T",0.0154036,-0.785979,0.0745668,5.61e-26,5818,"DHFR","ENSG00000228716",5,79936424
41,"rs245100",5,79933093,"G","A",0.260117,-0.101999,0.0200808,3.79e-07,6417,"DHFR","ENSG00000228716",5,79936424
42,"rs525054",5,79932099,"G","A",0.333069,0.663017,0.0167968,0,6420,"DHFR","ENSG00000228716",5,79936424
48,"rs67837398",5,79932496,"T","C",0.249849,-0.85246,0.0173894,0,6419,"DHFR","ENSG00000228716",5,79936424
