"V1","SNP","chr","pos","effect_allele.exposure","other_allele.exposure","eaf.exposure","beta.exposure","se.exposure","pval.exposure","samplesize.exposure","exposure","id.exposure","gene-chr","gene-pos"
1,"rs10860358",12,99080868,"C","T",0.338473,-0.0570661,0.00840419,1.12e-11,31569,"APAF1","ENSG00000120868",12,99084061
4,"rs117629149",12,99082977,"T","C",0.0502461,-0.167348,0.0185185,1.61e-19,30470,"APAF1","ENSG00000120868",12,99084061
17,"rs79053765",12,99086423,"G","A",0.0379324,-0.179314,0.0209176,1.01e-17,31240,"APAF1","ENSG00000120868",12,99084061
18,"rs919699",12,99084326,"A","G",0.111057,0.327101,0.0125091,1.01e-150,31683,"APAF1","ENSG00000120868",12,99084061
