"V1","SNP","chr","pos","effect_allele.exposure","other_allele.exposure","eaf.exposure","beta.exposure","se.exposure","pval.exposure","samplesize.exposure","exposure","id.exposure","gene-chr","gene-pos"
6,"rs34937778",19,18495997,"A","G",0.169218,-0.0573557,0.0115809,7.32e-07,26493,"GDF15","ENSG00000130513",19,18492764
7,"rs4808791",19,18491205,"A","G",0.219689,0.221242,0.0109126,2.18e-91,24082,"GDF15","ENSG00000130513",19,18492764
9,"rs75347775",19,18495908,"A","G",0.275067,-0.111929,0.0101506,2.84e-28,24214,"GDF15","ENSG00000130513",19,18492764
