"V1","SNP","chr","pos","effect_allele.exposure","other_allele.exposure","eaf.exposure","beta.exposure","se.exposure","pval.exposure","samplesize.exposure","exposure","id.exposure","gene-chr","gene-pos"
2,"rs1047760",2,128409905,"G","A",0.448093,-0.0496984,0.00954161,1.9e-07,22180,"GPR17","ENSG00000144230",2,128406826
4,"rs11552767",2,128411228,"A","G",0.137063,0.071582,0.0138365,2.3e-07,22054,"GPR17","ENSG00000144230",2,128406826
5,"rs11677393",2,128405353,"A","G",0.422094,0.0724169,0.00899387,8.16e-16,25276,"GPR17","ENSG00000144230",2,128406826
9,"rs2243934",2,128405921,"T","C",0.0617791,-0.0844902,0.0185905,5.5e-06,24938,"GPR17","ENSG00000144230",2,128406826
