"V1","SNP","chr","pos","effect_allele.exposure","other_allele.exposure","eaf.exposure","beta.exposure","se.exposure","pval.exposure","samplesize.exposure","exposure","id.exposure","gene-chr","gene-pos"
2,"rs138241338",11,65378101,"C","T",0.0165568,0.268332,0.0365107,1.99e-13,22983,"MAP3K11","ENSG00000173327",11,65374039
3,"rs138287989",11,65370184,"A","G",0.0219595,0.280783,0.0308329,8.5e-20,24406,"MAP3K11","ENSG00000173327",11,65374039
5,"rs7116712",11,65372518,"C","T",0.439569,0.407019,0.0076701,0,31684,"MAP3K11","ENSG00000173327",11,65374039
8,"rs76984126",11,65377237,"T","G",0.0289532,0.309855,0.0247516,5.91e-36,28872,"MAP3K11","ENSG00000173327",11,65374039
