"V1","SNP","chr","pos","effect_allele.exposure","other_allele.exposure","eaf.exposure","beta.exposure","se.exposure","pval.exposure","samplesize.exposure","exposure","id.exposure","gene-chr","gene-pos"
2,"rs13130858",4,140623953,"C","T",0.276583,0.136617,0.0131891,3.83e-25,14259,"MGST2","ENSG00000085871",4,140624410
3,"rs187640402",4,140625938,"C","T",0.0120498,-0.65525,0.0889826,1.79e-13,5250,"MGST2","ENSG00000085871",4,140624410
4,"rs1877237",4,140625847,"T","C",0.131161,-0.263894,0.0174084,6.61e-52,14248,"MGST2","ENSG00000085871",4,140624410
6,"rs7659704",4,140627125,"G","A",0.0266001,-0.224601,0.0390406,8.77e-09,12636,"MGST2","ENSG00000085871",4,140624410
