"V1","SNP","chr","pos","effect_allele.exposure","other_allele.exposure","eaf.exposure","beta.exposure","se.exposure","pval.exposure","samplesize.exposure","exposure","id.exposure","gene-chr","gene-pos"
1,"rs118050864",19,3980478,"G","T",0.0169706,0.239211,0.0530895,6.61e-06,10614,"EEF2","ENSG00000167658",19,3980760
12,"rs62130415",19,3979156,"C","G",0.0892408,0.147884,0.0159237,1.59e-20,24175,"EEF2","ENSG00000167658",19,3980760
13,"rs62131468",19,3984788,"G","C",0.185544,-0.104039,0.010995,3.01e-21,27280,"EEF2","ENSG00000167658",19,3980760
16,"rs72976912",19,3976224,"T","C",0.0239592,-0.481429,0.0334414,5.47e-47,18911,"EEF2","ENSG00000167658",19,3980760
