"V1","SNP","chr","pos","effect_allele.exposure","other_allele.exposure","eaf.exposure","beta.exposure","se.exposure","pval.exposure","samplesize.exposure","exposure","id.exposure","gene-chr","gene-pos"
5,"rs113131922",4,80930568,"T","C",0.0267057,0.201115,0.0271388,1.26e-13,26063,"ANTXR2","ENSG00000163297",4,80934455
20,"rs6820219",4,80939221,"T","C",0.094946,-0.252087,0.0135018,8.59e-78,31569,"ANTXR2","ENSG00000163297",4,80934455
23,"rs7682733",4,80933225,"G","A",0.0868216,-0.245791,0.0146968,8.73e-63,28917,"ANTXR2","ENSG00000163297",4,80934455
24,"rs79447181",4,80932730,"C","T",0.0201908,0.195278,0.0327538,2.49e-09,23524,"ANTXR2","ENSG00000163297",4,80934455
26,"rs9999865",4,80934065,"C","T",0.482826,0.210843,0.0078754,6.81e-158,31568,"ANTXR2","ENSG00000163297",4,80934455
