"V1","SNP","chr","pos","effect_allele.exposure","other_allele.exposure","eaf.exposure","beta.exposure","se.exposure","pval.exposure","samplesize.exposure","exposure","id.exposure","gene-chr","gene-pos"
1,"rs113456941",4,25221215,"G","T",0.0195159,0.153913,0.0291712,1.32e-07,30681,"PI4K2B","ENSG00000038210",4,25221488
3,"rs138973467",4,25221436,"A","G",0.0157653,0.260763,0.0341036,2.07e-14,27648,"PI4K2B","ENSG00000038210",4,25221488
8,"rs34928131",4,25222016,"G","A",0.467595,0.0668083,0.00802156,8.18e-17,31144,"PI4K2B","ENSG00000038210",4,25221488
9,"rs62411598",4,25219601,"G","T",0.0742272,0.0703617,0.0152801,4.13e-06,31144,"PI4K2B","ENSG00000038210",4,25221488
