"V1","SNP","chr","pos","effect_allele.exposure","other_allele.exposure","eaf.exposure","beta.exposure","se.exposure","pval.exposure","samplesize.exposure","exposure","id.exposure","gene-chr","gene-pos"
7,"rs1293291",8,11710301,"A","G",0.35514,0.181995,0.00824356,5.24e-108,31640,"CTSB","ENSG00000164733",8,11713495
9,"rs1293294",8,11710703,"A","G",0.0222845,-0.231389,0.0285778,5.64e-16,28033,"CTSB","ENSG00000164733",8,11713495
25,"rs2645417",8,11708800,"G","T",0.252812,-0.108954,0.00914255,9.63e-33,31525,"CTSB","ENSG00000164733",8,11713495
29,"rs3779659",8,11709804,"T","C",0.0267344,0.241931,0.0268175,1.86e-19,26639,"CTSB","ENSG00000164733",8,11713495
36,"rs73534703",8,11716588,"A","G",0.0282866,0.429132,0.0246404,6.26e-68,29658,"CTSB","ENSG00000164733",8,11713495
43,"rs79326726",8,11714698,"T","A",0.061299,0.451066,0.0170227,1.03e-154,29285,"CTSB","ENSG00000164733",8,11713495
