"V1","SNP","chr","pos","effect_allele.exposure","other_allele.exposure","eaf.exposure","beta.exposure","se.exposure","pval.exposure","samplesize.exposure","exposure","id.exposure","gene-chr","gene-pos"
3,"rs111825387",19,14765731,"T","C",0.0514625,-0.233716,0.0186023,3.34e-36,29442,"EMR3","ENSG00000131355",19,14765384
8,"rs144143703",19,14763656,"C","T",0.0345473,0.168742,0.0230793,2.64e-13,28090,"EMR3","ENSG00000131355",19,14765384
16,"rs6511953",19,14769890,"C","T",0.286793,-0.125338,0.00880221,5.22e-46,31347,"EMR3","ENSG00000131355",19,14765384
22,"rs75817127",19,14768116,"G","A",0.0411443,-0.40253,0.0200817,2.25e-89,31025,"EMR3","ENSG00000131355",19,14765384
