"V1","SNP","chr","pos","effect_allele.exposure","other_allele.exposure","eaf.exposure","beta.exposure","se.exposure","pval.exposure","samplesize.exposure","exposure","id.exposure","gene-chr","gene-pos"
3,"rs143704669",21,47413300,"G","A",0.0367308,-0.20518,0.0228587,2.81e-19,26964,"COL6A1","ENSG00000142156",21,47413307
5,"rs2276255",21,47417578,"G","A",0.294313,0.0507929,0.00940366,6.61e-08,27196,"COL6A1","ENSG00000142156",21,47413307
7,"rs2277814",21,47409503,"A","G",0.13796,0.0794319,0.0115279,5.56e-12,31590,"COL6A1","ENSG00000142156",21,47413307
9,"rs2776407",21,47413269,"T","G",0.135556,-0.104224,0.0116731,4.31e-19,31234,"COL6A1","ENSG00000142156",21,47413307
10,"rs2839076",21,47408790,"C","G",0.0785247,0.405193,0.0146981,2.71e-167,31226,"COL6A1","ENSG00000142156",21,47413307
11,"rs2839077",21,47417303,"T","C",0.452964,-0.0629274,0.00870077,4.75e-13,26601,"COL6A1","ENSG00000142156",21,47413307
15,"rs34495634",21,47409580,"A","C",0.227158,-0.176557,0.00956067,3.81e-76,30817,"COL6A1","ENSG00000142156",21,47413307
