"V1","SNP","chr","pos","effect_allele.exposure","other_allele.exposure","eaf.exposure","beta.exposure","se.exposure","pval.exposure","samplesize.exposure","exposure","id.exposure","gene-chr","gene-pos"
3,"rs2494480",1,159802627,"C","A",0.120165,0.291184,0.020704,6.3e-45,10835,"SLAMF8","ENSG00000158714",1,159801789
4,"rs2494519",1,159797073,"C","T",0.178044,-0.10671,0.0154514,4.98e-12,14263,"SLAMF8","ENSG00000158714",1,159801789
5,"rs2494523",1,159798306,"C","T",0.520942,0.0870536,0.0118299,1.86e-13,14263,"SLAMF8","ENSG00000158714",1,159801789
8,"rs2501342",1,159797664,"A","G",0.218163,0.129287,0.0167953,1.38e-14,10333,"SLAMF8","ENSG00000158714",1,159801789
10,"rs4076130",1,159797085,"A","G",0.021719,-0.201372,0.0418373,1.49e-06,13420,"SLAMF8","ENSG00000158714",1,159801789
11,"rs41264824",1,159800105,"T","C",0.136698,-0.219745,0.0173432,8.63e-37,13925,"SLAMF8","ENSG00000158714",1,159801789
