"V1","SNP","chr","pos","effect_allele.exposure","other_allele.exposure","eaf.exposure","beta.exposure","se.exposure","pval.exposure","samplesize.exposure","exposure","id.exposure","gene-chr","gene-pos"
1,"rs1981758",12,109024019,"T","C",0.32981,-0.0708336,0.00907146,5.79e-15,27427,"SELPLG","ENSG00000110876",12,109021710
2,"rs2228315",12,109017898,"T","C",0.0641945,-0.389658,0.0162129,1.23e-127,31086,"SELPLG","ENSG00000110876",12,109021710
7,"rs8179141",12,109018395,"T","C",0.169166,0.115791,0.0107265,3.64e-27,30803,"SELPLG","ENSG00000110876",12,109021710
8,"rs8179160",12,109020298,"G","A",0.0150057,-0.38493,0.0396819,3e-22,21388,"SELPLG","ENSG00000110876",12,109021710
