"V1","SNP","chr","pos","effect_allele.exposure","other_allele.exposure","eaf.exposure","beta.exposure","se.exposure","pval.exposure","samplesize.exposure","exposure","id.exposure","gene-chr","gene-pos"
3,"rs111928045",19,50418038,"T","C",0.210837,0.128968,0.00972992,4.23e-40,31567,"NUP62","ENSG00000213024",19,50421551
6,"rs1152238",19,50421665,"C","T",0.233135,-0.0447094,0.00939155,1.93e-06,31684,"NUP62","ENSG00000213024",19,50421551
12,"rs151121647",19,50419953,"A","G",0.0253205,-0.131917,0.0300124,1.11e-05,22472,"NUP62","ENSG00000213024",19,50421551
16,"rs3786666",19,50425035,"T","C",0.369255,-0.164778,0.00817912,2.91e-90,31684,"NUP62","ENSG00000213024",19,50421551
17,"rs4801811",19,50417283,"A","T",0.0909945,0.313618,0.0137005,5.71e-116,31681,"NUP62","ENSG00000213024",19,50421551
