"V1","SNP","chr","pos","effect_allele.exposure","other_allele.exposure","eaf.exposure","beta.exposure","se.exposure","pval.exposure","samplesize.exposure","exposure","id.exposure","gene-chr","gene-pos"
2,"rs12448999",16,68815549,"T","A",0.432792,-0.22467,0.00797082,8.54e-175,31264,"CDH1","ENSG00000039068",16,68820286
11,"rs34927202",16,68822020,"A","G",0.0520641,0.239703,0.0194909,9.26e-35,26517,"CDH1","ENSG00000039068",16,68820286
19,"rs62055762",16,68823593,"G","A",0.0246828,0.189022,0.0423931,8.24e-06,11537,"CDH1","ENSG00000039068",16,68820286
22,"rs7193538",16,68817256,"C","T",0.425481,-0.0845466,0.00806312,1.01e-25,31351,"CDH1","ENSG00000039068",16,68820286
26,"rs8049967",16,68822479,"A","G",0.0334665,0.144283,0.0222645,9.15e-11,31141,"CDH1","ENSG00000039068",16,68820286
34,"rs9929498",16,68815566,"A","G",0.123702,-0.256892,0.0120422,5.66e-101,31352,"CDH1","ENSG00000039068",16,68820286
