"V1","SNP","chr","pos","effect_allele.exposure","other_allele.exposure","eaf.exposure","beta.exposure","se.exposure","pval.exposure","samplesize.exposure","exposure","id.exposure","gene-chr","gene-pos"
3,"rs1065765",9,33135238,"A","G",0.0624413,0.220106,0.0163719,3.33e-41,31684,"B4GALT1","ENSG00000086062",9,33135717
13,"rs1411609",9,33137303,"T","C",0.411816,0.252668,0.00794575,6.68e-222,31684,"B4GALT1","ENSG00000086062",9,33135717
22,"rs7028949",9,33136516,"A","T",0.0970256,0.152189,0.0134184,8.15e-30,31568,"B4GALT1","ENSG00000086062",9,33135717
29,"rs958532",9,33138219,"T","C",0.0729601,-0.357623,0.0152492,1.26e-121,31240,"B4GALT1","ENSG00000086062",9,33135717
