"V1","SNP","chr","pos","effect_allele.exposure","other_allele.exposure","eaf.exposure","beta.exposure","se.exposure","pval.exposure","samplesize.exposure","exposure","id.exposure","gene-chr","gene-pos"
3,"rs111289027",22,39920564,"A","G",0.0342822,0.112504,0.0240178,2.81e-06,26159,"ATF4","ENSG00000128272",22,39917195
4,"rs117186267",22,39917047,"T","C",0.0153753,0.209216,0.0459472,5.28e-06,15625,"ATF4","ENSG00000128272",22,39917195
6,"rs4894",22,39917515,"C","A",0.323689,0.135301,0.00890264,3.66e-52,28587,"ATF4","ENSG00000128272",22,39917195
