"V1","SNP","chr","pos","effect_allele.exposure","other_allele.exposure","eaf.exposure","beta.exposure","se.exposure","pval.exposure","samplesize.exposure","exposure","id.exposure","gene-chr","gene-pos"
2,"rs13016371",2,69578923,"T","A",0.0349545,0.365804,0.0225699,4.46e-59,28835,"GFPT1","ENSG00000198380",2,69580643
6,"rs142314886",2,69584599,"G","A",0.0159704,0.328362,0.0380075,5.65e-18,21950,"GFPT1","ENSG00000198380",2,69580643
8,"rs147678423",2,69578048,"G","A",0.0145325,-0.475229,0.0421856,1.95e-29,19491,"GFPT1","ENSG00000198380",2,69580643
11,"rs4524165",2,69575823,"G","C",0.406451,0.476475,0.00767196,0,31355,"GFPT1","ENSG00000198380",2,69580643
19,"rs67560216",2,69584616,"A","C",0.154695,-0.188209,0.0109916,1e-65,31355,"GFPT1","ENSG00000198380",2,69580643
