"V1","SNP","chr","pos","effect_allele.exposure","other_allele.exposure","eaf.exposure","beta.exposure","se.exposure","pval.exposure","samplesize.exposure","exposure","id.exposure","gene-chr","gene-pos"
2,"rs10416139",19,10627322,"T","C",0.242111,-0.0404984,0.00944417,1.8e-05,30531,"S1PR5","ENSG00000180739",19,10626115
3,"rs10418435",19,10628041,"A","C",0.0477878,-0.107566,0.0201586,9.5e-08,27011,"S1PR5","ENSG00000180739",19,10626115
6,"rs12984270",19,10630474,"T","C",0.209303,0.118059,0.0107742,6.11e-28,25907,"S1PR5","ENSG00000180739",19,10626115
8,"rs34585310",19,10625953,"T","G",0.143915,0.0671407,0.0122056,3.78e-08,27211,"S1PR5","ENSG00000180739",19,10626115
