"V1","SNP","chr","pos","effect_allele.exposure","other_allele.exposure","eaf.exposure","beta.exposure","se.exposure","pval.exposure","samplesize.exposure","exposure","id.exposure","gene-chr","gene-pos"
2,"rs143798937",20,62723457,"A","G",0.0209215,0.210185,0.0369343,1.26e-08,17862,"OPRL1","ENSG00000125510",20,62721761
5,"rs55872076",20,62724253,"T","C",0.0293531,-0.289588,0.02437,1.45e-32,29407,"OPRL1","ENSG00000125510",20,62721761
6,"rs6010718",20,62719376,"T","C",0.0795364,0.337918,0.0146355,5.97e-118,31352,"OPRL1","ENSG00000125510",20,62721761
11,"rs6090043",20,62717930,"T","C",0.471585,-0.436714,0.00873878,0,23777,"OPRL1","ENSG00000125510",20,62721761
