"V1","SNP","chr","pos","effect_allele.exposure","other_allele.exposure","eaf.exposure","beta.exposure","se.exposure","pval.exposure","samplesize.exposure","exposure","id.exposure","gene-chr","gene-pos"
3,"rs117911736",17,61295101,"G","A",0.0231526,-0.240011,0.0378149,2.2e-10,15419,"TANC2","ENSG00000170921",17,61295988
6,"rs141296367",17,61299699,"C","T",0.0154297,0.461236,0.0808476,1.16e-08,5003,"TANC2","ENSG00000170921",17,61295988
9,"rs2440138",17,61291200,"A","G",0.0391139,-0.213309,0.0262276,4.19e-16,19273,"TANC2","ENSG00000170921",17,61295988
10,"rs2927291",17,61297892,"G","A",0.478518,-0.368731,0.00945197,0,20906,"TANC2","ENSG00000170921",17,61295988
14,"rs72845216",17,61297297,"G","A",0.0816021,0.254822,0.0187689,5.5e-42,18755,"TANC2","ENSG00000170921",17,61295988
15,"rs80296592",17,61295052,"T","C",0.0192887,0.452201,0.0548402,1.64e-16,8721,"TANC2","ENSG00000170921",17,61295988
