"V1","SNP","chr","pos","effect_allele.exposure","other_allele.exposure","eaf.exposure","beta.exposure","se.exposure","pval.exposure","samplesize.exposure","exposure","id.exposure","gene-chr","gene-pos"
6,"rs11772060",7,97782821,"T","G",0.235202,0.0416486,0.00936386,8.68e-06,31684,"LMTK2","ENSG00000164715",7,97787571
8,"rs17169406",7,97788809,"C","T",0.147813,0.118688,0.0111936,2.88e-26,31568,"LMTK2","ENSG00000164715",7,97787571
10,"rs6465655",7,97786359,"G","A",0.0568452,-0.489872,0.0169653,2.46e-183,31568,"LMTK2","ENSG00000164715",7,97787571
12,"rs78245063",7,97792220,"A","G",0.0147778,0.20369,0.0436953,3.14e-06,17966,"LMTK2","ENSG00000164715",7,97787571
