"V1","SNP","chr","pos","effect_allele.exposure","other_allele.exposure","eaf.exposure","beta.exposure","se.exposure","pval.exposure","samplesize.exposure","exposure","id.exposure","gene-chr","gene-pos"
4,"rs11771788",7,56158040,"T","C",0.292911,0.126487,0.0161583,4.96e-15,9185,"PHKG1","ENSG00000164776",7,56154564
6,"rs12673255",7,56158581,"C","T",0.247905,0.205412,0.0169496,8.38e-34,9188,"PHKG1","ENSG00000164776",7,56154564
7,"rs143794730",7,56159005,"T","C",0.0325097,0.267676,0.0532117,4.89e-07,5589,"PHKG1","ENSG00000164776",7,56154564
8,"rs17172508",7,56149847,"T","C",0.176018,-0.358984,0.0190058,1.43e-79,9187,"PHKG1","ENSG00000164776",7,56154564
12,"rs56389944",7,56152897,"A","G",0.203379,-0.0977442,0.0183021,9.26e-08,9184,"PHKG1","ENSG00000164776",7,56154564
