"V1","SNP","chr","pos","effect_allele.exposure","other_allele.exposure","eaf.exposure","beta.exposure","se.exposure","pval.exposure","samplesize.exposure","exposure","id.exposure","gene-chr","gene-pos"
4,"rs12204262",6,130396201,"G","A",0.0155791,0.72731,0.0430142,3.89e-64,17335,"L3MBTL3","ENSG00000198945",6,130398719
5,"rs12528442",6,130395240,"T","G",0.0634372,-0.250452,0.0162366,1.11e-53,31684,"L3MBTL3","ENSG00000198945",6,130398719
18,"rs62421346",6,130397319,"T","C",0.0955002,-0.168898,0.0136583,3.99e-35,30876,"L3MBTL3","ENSG00000198945",6,130398719
24,"rs7769599",6,130393782,"G","A",0.250104,0.673191,0.00837225,0,31568,"L3MBTL3","ENSG00000198945",6,130398719
