"V1","SNP","chr","pos","effect_allele.exposure","other_allele.exposure","eaf.exposure","beta.exposure","se.exposure","pval.exposure","samplesize.exposure","exposure","id.exposure","gene-chr","gene-pos"
42,"rs1049225",6,32627747,"A","G",0.248039,0.501652,0.0112488,0,19197,"HLA-DQB1","ENSG00000179344",6,32631702
51,"rs111951747",6,32627242,"T","C",0.0961715,-0.285007,0.0197798,4.54e-47,14495,"HLA-DQB1","ENSG00000179344",6,32631702
69,"rs1130410",6,32629170,"G","C",0.148027,-0.340373,0.0155656,5.36e-106,15885,"HLA-DQB1","ENSG00000179344",6,32631702
70,"rs1130420",6,32627852,"A","G",0.380325,-0.38898,0.0108817,7.47e-280,16639,"HLA-DQB1","ENSG00000179344",6,32631702
163,"rs191329273",6,32627227,"C","T",0.036303,-0.227218,0.0301639,4.97e-14,15651,"HLA-DQB1","ENSG00000179344",6,32631702
174,"rs28451423",6,32627192,"A","T",0.171945,0.570442,0.0140349,0,16176,"HLA-DQB1","ENSG00000179344",6,32631702
175,"rs28534808",6,32633855,"A","G",0.0433171,0.214851,0.0283243,3.31e-14,14982,"HLA-DQB1","ENSG00000179344",6,32631702
179,"rs2854277",6,32628084,"T","C",0.109661,-0.277119,0.0178678,3e-54,15800,"HLA-DQB1","ENSG00000179344",6,32631702
185,"rs28718232",6,32626750,"G","A",0.236747,0.547473,0.0116607,0,18146,"HLA-DQB1","ENSG00000179344",6,32631702
188,"rs28724236",6,32628985,"G","A",0.0460886,-0.296789,0.0279704,2.65e-26,14424,"HLA-DQB1","ENSG00000179344",6,32631702
207,"rs28746784",6,32632261,"T","C",0.236537,-0.310587,0.0138644,3.78e-111,13902,"HLA-DQB1","ENSG00000179344",6,32631702
277,"rs36058358",6,32636282,"A","G",0.041875,0.476774,0.0265004,2.28e-72,17422,"HLA-DQB1","ENSG00000179344",6,32631702
355,"rs62404143",6,32633467,"G","A",0.0701765,0.13007,0.0225315,7.8e-09,15061,"HLA-DQB1","ENSG00000179344",6,32631702
427,"rs9273402",6,32627155,"G","A",0.544943,0.476075,0.0105297,0,16141,"HLA-DQB1","ENSG00000179344",6,32631702
468,"rs9273505",6,32628420,"T","C",0.379255,-0.444356,0.010218,0,18451,"HLA-DQB1","ENSG00000179344",6,32631702
478,"rs9273531",6,32628712,"T","C",0.0998287,-0.264454,0.0178381,1.01e-49,17266,"HLA-DQB1","ENSG00000179344",6,32631702
497,"rs9273651",6,32629199,"C","T",0.119378,-0.180201,0.0188961,1.48e-21,13229,"HLA-DQB1","ENSG00000179344",6,32631702
553,"rs9274193",6,32630684,"T","C",0.374285,-0.403724,0.0110566,6.51e-292,16131,"HLA-DQB1","ENSG00000179344",6,32631702
775,"rs9469211",6,32636514,"G","A",0.262789,-0.31242,0.0128389,8.61e-131,15065,"HLA-DQB1","ENSG00000179344",6,32631702
