"V1","SNP","chr","pos","effect_allele.exposure","other_allele.exposure","eaf.exposure","beta.exposure","se.exposure","pval.exposure","samplesize.exposure","exposure","id.exposure","gene-chr","gene-pos"
3,"rs10799732",1,22400771,"A","G",0.0565119,-0.181626,0.0172056,4.76e-26,31565,"CDC42","ENSG00000070831",1,22399278
4,"rs12038474",1,22403357,"A","G",0.174997,0.376135,0.0102392,2.03e-295,31684,"CDC42","ENSG00000070831",1,22399278
8,"rs2473318",1,22394575,"A","G",0.078414,0.175619,0.0147713,1.35e-32,31569,"CDC42","ENSG00000070831",1,22399278
