"V1","SNP","chr","pos","effect_allele.exposure","other_allele.exposure","eaf.exposure","beta.exposure","se.exposure","pval.exposure","samplesize.exposure","exposure","id.exposure","gene-chr","gene-pos"
1,"rs10920374",1,202223764,"C","T",0.326162,0.0376286,0.00848676,9.26e-06,31568,"LGR6","ENSG00000133067",1,202225969
9,"rs4500379",1,202221594,"G","C",0.137093,-0.117705,0.0115519,2.22e-24,31568,"LGR6","ENSG00000133067",1,202225969
11,"rs72748711",1,202221093,"T","G",0.0294995,-0.159009,0.0253151,3.36e-10,27211,"LGR6","ENSG00000133067",1,202225969
