"V1","SNP","chr","pos","effect_allele.exposure","other_allele.exposure","eaf.exposure","beta.exposure","se.exposure","pval.exposure","samplesize.exposure","exposure","id.exposure","gene-chr","gene-pos"
3,"rs17163737",1,223303151,"T","G",0.0851027,0.146029,0.0142875,1.6e-24,31355,"TLR5","ENSG00000187554",1,223299686
7,"rs34709111",1,223300496,"C","A",0.0443503,-0.105524,0.0197455,9.08e-08,30227,"TLR5","ENSG00000187554",1,223299686
10,"rs76057664",1,223298959,"A","G",0.0326661,0.189185,0.0233515,5.42e-16,28953,"TLR5","ENSG00000187554",1,223299686
13,"rs851190",1,223300403,"T","C",0.40886,-0.197563,0.00806071,1.17e-132,31238,"TLR5","ENSG00000187554",1,223299686
