"V1","SNP","chr","pos","effect_allele.exposure","other_allele.exposure","eaf.exposure","beta.exposure","se.exposure","pval.exposure","samplesize.exposure","exposure","id.exposure","gene-chr","gene-pos"
2,"rs28895285",13,96582495,"A","G",0.0366548,-0.0936749,0.0212839,1.08e-05,31238,"UGGT2","ENSG00000102595",13,96579785
5,"rs61972930",13,96583112,"C","G",0.0316223,-0.806578,0.0229227,3.18e-271,29836,"UGGT2","ENSG00000102595",13,96579785
11,"rs9516625",13,96581766,"A","G",0.191296,-0.31445,0.00996247,1.17e-218,31568,"UGGT2","ENSG00000102595",13,96579785
13,"rs9525086",13,96579462,"C","T",0.398282,0.240304,0.00800175,3.84e-198,31683,"UGGT2","ENSG00000102595",13,96579785
