"V1","SNP","chr","pos","effect_allele.exposure","other_allele.exposure","eaf.exposure","beta.exposure","se.exposure","pval.exposure","samplesize.exposure","exposure","id.exposure","gene-chr","gene-pos"
3,"rs10221508",19,52027145,"T","C",0.0879888,-0.168157,0.0140649,6.05e-33,31353,"SIGLEC6","ENSG00000105492",19,52028944
18,"rs12972472",19,52026953,"A","G",0.212595,0.0705656,0.00975336,4.66e-13,31348,"SIGLEC6","ENSG00000105492",19,52028944
28,"rs2305772",19,52033742,"G","A",0.40795,-0.128246,0.00812808,4.4e-56,31086,"SIGLEC6","ENSG00000105492",19,52028944
53,"rs79864857",19,52032339,"T","C",0.08417,-0.0656446,0.0143781,4.98e-06,31355,"SIGLEC6","ENSG00000105492",19,52028944
