"V1","SNP","chr","pos","effect_allele.exposure","other_allele.exposure","eaf.exposure","beta.exposure","se.exposure","pval.exposure","samplesize.exposure","exposure","id.exposure","gene-chr","gene-pos"
2,"rs12442713",15,40280766,"C","A",0.369274,-0.143311,0.00819182,1.58e-68,31684,"EIF2AK4","ENSG00000128829",15,40277072
8,"rs145259377",15,40275289,"G","A",0.0445949,-0.118536,0.023367,3.92e-07,21467,"EIF2AK4","ENSG00000128829",15,40277072
10,"rs16970132",15,40281772,"G","A",0.0468471,0.205403,0.018863,1.3e-27,31352,"EIF2AK4","ENSG00000128829",15,40277072
15,"rs35647585",15,40273637,"A","G",0.123164,0.15736,0.0120788,8.5e-39,31564,"EIF2AK4","ENSG00000128829",15,40277072
