"V1","SNP","chr","pos","effect_allele.exposure","other_allele.exposure","eaf.exposure","beta.exposure","se.exposure","pval.exposure","samplesize.exposure","exposure","id.exposure","gene-chr","gene-pos"
17,"rs3795733",1,156564922,"C","T",0.304835,-0.257715,0.00858881,8.2e-198,31085,"APOA1BP","ENSG00000163382",1,156562822
34,"rs6666910",1,156566111,"C","T",0.112213,0.0619477,0.013012,1.93e-06,29622,"APOA1BP","ENSG00000163382",1,156562822
37,"rs7355216",1,156567730,"C","T",0.0304527,-0.507465,0.0231635,2.18e-106,31082,"APOA1BP","ENSG00000163382",1,156562822
43,"rs79090141",1,156566570,"A","G",0.033203,0.185856,0.0229838,6.15e-16,29422,"APOA1BP","ENSG00000163382",1,156562822
