"V1","SNP","chr","pos","effect_allele.exposure","other_allele.exposure","eaf.exposure","beta.exposure","se.exposure","pval.exposure","samplesize.exposure","exposure","id.exposure","gene-chr","gene-pos"
1,"rs1000409",2,100058189,"A","G",0.436759,0.24171,0.00790776,3.47e-205,31569,"REV1","ENSG00000135945",2,100061717
6,"rs13416265",2,100061324,"T","C",0.151959,-0.0967566,0.0110726,2.36e-18,31569,"REV1","ENSG00000135945",2,100061717
16,"rs3792136",2,100061773,"A","G",0.135293,-0.129795,0.0115913,4.19e-29,31684,"REV1","ENSG00000135945",2,100061717
