"V1","SNP","chr","pos","effect_allele.exposure","other_allele.exposure","eaf.exposure","beta.exposure","se.exposure","pval.exposure","samplesize.exposure","exposure","id.exposure","gene-chr","gene-pos"
1,"rs10141217",14,73646704,"A","T",0.208586,-0.0743046,0.0100282,1.27e-13,30064,"PSEN1","ENSG00000080815",14,73646762
2,"rs12882830",14,73647233,"A","G",0.169556,0.360271,0.0106673,4.88e-250,30065,"PSEN1","ENSG00000080815",14,73646762
3,"rs147049211",14,73644735,"A","T",0.0523535,0.127466,0.0178815,1.02e-12,31469,"PSEN1","ENSG00000080815",14,73646762
4,"rs214267",14,73647174,"C","G",0.178477,-0.359618,0.010446,1.01e-259,30066,"PSEN1","ENSG00000080815",14,73646762
