"V1","SNP","chr","pos","effect_allele.exposure","other_allele.exposure","eaf.exposure","beta.exposure","se.exposure","pval.exposure","samplesize.exposure","exposure","id.exposure","gene-chr","gene-pos"
1,"rs111865319",14,23507554,"T","G",0.0795642,0.150262,0.0189648,2.31e-15,18921,"PSMB11","ENSG00000222028",14,23512322
2,"rs11622855",14,23511047,"C","T",0.374828,-0.164035,0.0167626,1.3e-22,7498,"PSMB11","ENSG00000222028",14,23512322
4,"rs11628336",14,23512922,"A","G",0.373256,0.146138,0.0138849,6.63e-26,10976,"PSMB11","ENSG00000222028",14,23512322
6,"rs144114087",14,23507556,"C","T",0.0398361,0.214687,0.0305734,2.19e-12,13936,"PSMB11","ENSG00000222028",14,23512322
10,"rs36034747",14,23508976,"T","G",0.152575,0.204751,0.0152938,7.13e-41,16354,"PSMB11","ENSG00000222028",14,23512322
