"V1","SNP","chr","pos","effect_allele.exposure","other_allele.exposure","eaf.exposure","beta.exposure","se.exposure","pval.exposure","samplesize.exposure","exposure","id.exposure","gene-chr","gene-pos"
5,"rs114845813",1,227344961,"T","C",0.0236161,-0.119028,0.0273553,1.35e-05,28957,"CDC42BPA","ENSG00000143776",1,227341870
8,"rs1877622",1,227342346,"A","G",0.124925,-0.157367,0.0120045,2.92e-39,31567,"CDC42BPA","ENSG00000143776",1,227341870
13,"rs56219094",1,227340191,"C","T",0.36763,0.0389953,0.00825124,2.29e-06,31569,"CDC42BPA","ENSG00000143776",1,227341870
22,"rs77220222",1,227342972,"T","G",0.0753001,0.166752,0.0150528,1.61e-28,31569,"CDC42BPA","ENSG00000143776",1,227341870
