"V1","SNP","chr","pos","effect_allele.exposure","other_allele.exposure","eaf.exposure","beta.exposure","se.exposure","pval.exposure","samplesize.exposure","exposure","id.exposure","gene-chr","gene-pos"
6,"rs191049654",6,116602857,"T","C",0.0195983,-0.172866,0.0337287,2.97e-07,22848,"TSPYL1","ENSG00000189241",6,116599403
7,"rs1931892",6,116594511,"C","A",0.32566,-0.0890621,0.00856399,2.49e-25,30935,"TSPYL1","ENSG00000189241",6,116599403
15,"rs62423798",6,116601607,"T","A",0.218908,0.204794,0.00967186,1.65e-99,30812,"TSPYL1","ENSG00000189241",6,116599403
