"V1","SNP","chr","pos","effect_allele.exposure","other_allele.exposure","eaf.exposure","beta.exposure","se.exposure","pval.exposure","samplesize.exposure","exposure","id.exposure","gene-chr","gene-pos"
4,"rs1207043",6,18189203,"T","C",0.214543,0.0599819,0.0108872,3.6e-08,25002,"KDM1B","ENSG00000165097",6,18189822
6,"rs1207045",6,18189070,"G","A",0.0939116,-0.366903,0.0147211,4.13e-137,26493,"KDM1B","ENSG00000165097",6,18189822
12,"rs17420046",6,18192553,"T","G",0.112468,0.132874,0.0138125,6.6e-22,26163,"KDM1B","ENSG00000165097",6,18189822
29,"rs764099",6,18187584,"G","T",0.037882,0.166773,0.0228249,2.74e-13,26279,"KDM1B","ENSG00000165097",6,18189822
