"V1","SNP","chr","pos","effect_allele.exposure","other_allele.exposure","eaf.exposure","beta.exposure","se.exposure","pval.exposure","samplesize.exposure","exposure","id.exposure","gene-chr","gene-pos"
1,"rs117430213",17,57954285,"T","C",0.0514992,0.125021,0.0212895,4.3e-09,22551,"TUBD1","ENSG00000108423",17,57953577
3,"rs1292047",17,57955166,"T","C",0.360254,-0.0704766,0.00828064,1.72e-17,31566,"TUBD1","ENSG00000108423",17,57953577
5,"rs1292058",17,57957982,"A","T",0.310224,0.0587078,0.0118534,7.32e-07,16607,"TUBD1","ENSG00000108423",17,57953577
8,"rs73318912",17,57951445,"G","C",0.236475,-0.111404,0.0100914,2.47e-28,27071,"TUBD1","ENSG00000108423",17,57953577
