"V1","SNP","chr","pos","effect_allele.exposure","other_allele.exposure","eaf.exposure","beta.exposure","se.exposure","pval.exposure","samplesize.exposure","exposure","id.exposure","gene-chr","gene-pos"
2,"rs11107875",12,95442118,"C","T",0.0424813,-0.0859368,0.0197257,1.32e-05,31569,"NR2C1","ENSG00000120798",12,95441574
5,"rs166066",12,95442333,"C","T",0.165585,0.201854,0.0106463,3.65e-80,31569,"NR2C1","ENSG00000120798",12,95441574
6,"rs183656",12,95442724,"C","T",0.222925,-0.0716853,0.0095537,6.22e-14,31566,"NR2C1","ENSG00000120798",12,95441574
10,"rs7971079",12,95443489,"G","A",0.296753,-0.0483914,0.00869161,2.58e-08,31683,"NR2C1","ENSG00000120798",12,95441574
