"V1","SNP","chr","pos","effect_allele.exposure","other_allele.exposure","eaf.exposure","beta.exposure","se.exposure","pval.exposure","samplesize.exposure","exposure","id.exposure","gene-chr","gene-pos"
1,"rs1967373",15,101533090,"A","T",0.2063,0.0466623,0.0107324,1.38e-05,26493,"LRRK1","ENSG00000154237",15,101534868
6,"rs76138484",15,101539574,"T","A",0.0607685,-0.118447,0.018169,7.07e-11,26494,"LRRK1","ENSG00000154237",15,101534868
7,"rs76991800",15,101539362,"C","T",0.0318389,-0.120362,0.0248877,1.32e-06,26163,"LRRK1","ENSG00000154237",15,101534868
