"V1","SNP","chr","pos","effect_allele.exposure","other_allele.exposure","eaf.exposure","beta.exposure","se.exposure","pval.exposure","samplesize.exposure","exposure","id.exposure","gene-chr","gene-pos"
1,"rs1144946",12,69216665,"T","C",0.0159958,-0.584796,0.05664,5.44e-25,9795,"MDM2","ENSG00000135679",12,69220585
4,"rs142603793",12,69215638,"A","G",0.0195961,0.157048,0.0345845,5.6e-06,21739,"MDM2","ENSG00000135679",12,69220585
7,"rs1695143",12,69223766,"G","C",0.15331,-0.455616,0.0107446,0,31567,"MDM2","ENSG00000135679",12,69220585
14,"rs3730581",12,69219492,"A","G",0.337611,0.194544,0.00832907,1.16e-120,31684,"MDM2","ENSG00000135679",12,69220585
17,"rs3730607",12,69222809,"T","C",0.0174538,0.178421,0.0331503,7.36e-08,26503,"MDM2","ENSG00000135679",12,69220585
18,"rs3730617",12,69224892,"G","T",0.055376,-0.380445,0.0172368,5.93e-108,31684,"MDM2","ENSG00000135679",12,69220585
19,"rs79105140",12,69224398,"A","G",0.0126638,-0.703861,0.0732273,7.12e-22,7365,"MDM2","ENSG00000135679",12,69220585
