"V1","SNP","chr","pos","effect_allele.exposure","other_allele.exposure","eaf.exposure","beta.exposure","se.exposure","pval.exposure","samplesize.exposure","exposure","id.exposure","gene-chr","gene-pos"
1,"rs115010010",1,155169252,"A","G",0.0356986,-0.412768,0.0237081,6.88e-68,25538,"THBS3","ENSG00000169231",1,155172110
5,"rs2974937",1,155168849,"C","T",0.48022,-0.487739,0.00747813,0,31566,"THBS3","ENSG00000169231",1,155172110
8,"rs41264915",1,155167786,"G","A",0.0947612,0.342883,0.013426,7.31e-144,31684,"THBS3","ENSG00000169231",1,155172110
12,"rs72704117",1,155175089,"T","C",0.0193796,0.499923,0.0341188,1.3e-48,22387,"THBS3","ENSG00000169231",1,155172110
14,"rs76545395",1,155177047,"T","C",0.0168093,0.303192,0.0456312,3.04e-11,14486,"THBS3","ENSG00000169231",1,155172110
