"V1","SNP","chr","pos","effect_allele.exposure","other_allele.exposure","eaf.exposure","beta.exposure","se.exposure","pval.exposure","samplesize.exposure","exposure","id.exposure","gene-chr","gene-pos"
2,"rs142563960",15,89870867,"G","A",0.0223208,0.251679,0.0405934,5.65e-10,13866,"POLG","ENSG00000140521",15,89868813
5,"rs2074885",15,89869666,"A","G",0.149488,0.0682249,0.0113425,1.8e-09,30532,"POLG","ENSG00000140521",15,89868813
7,"rs2351000",15,89869733,"G","A",0.103351,-0.105134,0.0131852,1.54e-15,30971,"POLG","ENSG00000140521",15,89868813
11,"rs3176205",15,89865692,"C","T",0.391466,0.112616,0.00815692,2.34e-43,31355,"POLG","ENSG00000140521",15,89868813
