"V1","SNP","chr","pos","effect_allele.exposure","other_allele.exposure","eaf.exposure","beta.exposure","se.exposure","pval.exposure","samplesize.exposure","exposure","id.exposure","gene-chr","gene-pos"
6,"rs144706987",5,94847611,"A","G",0.0135011,1.07549,0.101253,2.36e-26,3549,"TTC37","ENSG00000198677",5,94845155
8,"rs17458644",5,94848477,"G","A",0.0524506,-0.450809,0.0308862,2.99e-48,10333,"TTC37","ENSG00000198677",5,94845155
10,"rs7349776",5,94841246,"A","G",0.104873,0.846749,0.0179767,0,14263,"TTC37","ENSG00000198677",5,94845155
15,"rs80198247",5,94845589,"C","T",0.0204527,1.01326,0.0466762,1.71e-104,10984,"TTC37","ENSG00000198677",5,94845155
