"V1","SNP","chr","pos","effect_allele.exposure","other_allele.exposure","eaf.exposure","beta.exposure","se.exposure","pval.exposure","samplesize.exposure","exposure","id.exposure","gene-chr","gene-pos"
1,"rs111987009",7,100443717,"A","G",0.0380575,-0.155594,0.0219474,1.35e-12,28303,"SLC12A9","ENSG00000146828",7,100444536
6,"rs55980512",7,100444061,"T","C",0.0336353,0.21949,0.0221564,3.9e-23,31238,"SLC12A9","ENSG00000146828",7,100444536
9,"rs62482461",7,100449097,"A","G",0.0257081,-0.191387,0.0278275,6.09e-12,25730,"SLC12A9","ENSG00000146828",7,100444536
11,"rs7384255",7,100444045,"T","C",0.239436,-0.157205,0.00933465,1.22e-63,31226,"SLC12A9","ENSG00000146828",7,100444536
