"V1","SNP","chr","pos","effect_allele.exposure","other_allele.exposure","eaf.exposure","beta.exposure","se.exposure","pval.exposure","samplesize.exposure","exposure","id.exposure","gene-chr","gene-pos"
5,"rs11247730",1,28270737,"T","C",0.289761,-0.144541,0.00878196,7.25e-61,31231,"SMPDL3B","ENSG00000130768",1,28273586
6,"rs113879261",1,28273709,"A","G",0.0264853,-0.149716,0.0259906,8.39e-09,28673,"SMPDL3B","ENSG00000130768",1,28273586
8,"rs141404787",1,28271804,"T","C",0.0208667,0.127364,0.0285326,8.05e-06,30043,"SMPDL3B","ENSG00000130768",1,28273586
12,"rs4908341",1,28268706,"A","G",0.473032,0.0813673,0.00795799,1.54e-24,31569,"SMPDL3B","ENSG00000130768",1,28273586
