"V1","SNP","chr","pos","effect_allele.exposure","other_allele.exposure","eaf.exposure","beta.exposure","se.exposure","pval.exposure","samplesize.exposure","exposure","id.exposure","gene-chr","gene-pos"
3,"rs13441",4,10099340,"T","C",0.319943,0.191235,0.00850007,4.34e-112,31300,"WDR1","ENSG00000071127",4,10097268
11,"rs2241487",4,10101104,"C","A",0.0720863,-0.118816,0.0153457,9.74e-15,31682,"WDR1","ENSG00000071127",4,10097268
17,"rs34517659",4,10094042,"A","G",0.0603729,0.121078,0.0168829,7.41e-13,30873,"WDR1","ENSG00000071127",4,10097268
39,"rs6830786",4,10101443,"T","C",0.288383,-0.136017,0.00873606,1.17e-54,31682,"WDR1","ENSG00000071127",4,10097268
