"V1","SNP","chr","pos","effect_allele.exposure","other_allele.exposure","eaf.exposure","beta.exposure","se.exposure","pval.exposure","samplesize.exposure","exposure","id.exposure","gene-chr","gene-pos"
2,"rs111625745",1,76225749,"C","G",0.289628,-0.145771,0.00888423,1.68e-60,30520,"ACADM","ENSG00000117054",1,76221648
21,"rs1767459",1,76217857,"A","G",0.0871804,-0.256821,0.0142933,3.47e-72,30431,"ACADM","ENSG00000117054",1,76221648
29,"rs57443433",1,76217786,"A","G",0.0261328,-0.800174,0.0257349,2.98e-212,28698,"ACADM","ENSG00000117054",1,76221648
33,"rs61799967",1,76216649,"A","G",0.283559,0.352722,0.00875004,0,30521,"ACADM","ENSG00000117054",1,76221648
