"V1","SNP","chr","pos","effect_allele.exposure","other_allele.exposure","eaf.exposure","beta.exposure","se.exposure","pval.exposure","samplesize.exposure","exposure","id.exposure","gene-chr","gene-pos"
4,"rs17476839",19,12762783,"T","C",0.327838,-0.470255,0.0149367,1.47e-217,9179,"MAN2B1","ENSG00000104774",19,12767440
8,"rs62108387",19,12771749,"C","T",0.0183417,-1.21103,0.0686142,1.02e-69,5587,"MAN2B1","ENSG00000104774",19,12767440
9,"rs73002389",19,12762773,"C","T",0.0591419,0.187236,0.0412597,5.68e-06,5258,"MAN2B1","ENSG00000104774",19,12767440
