"V1","SNP","chr","pos","effect_allele.exposure","other_allele.exposure","eaf.exposure","beta.exposure","se.exposure","pval.exposure","samplesize.exposure","exposure","id.exposure","gene-chr","gene-pos"
4,"rs140202901",4,70077189,"C","T",0.197448,0.129554,0.0151087,9.93e-18,13749,"UGT2B11","ENSG00000213759",4,70073059
17,"rs4543201",4,70072918,"T","G",0.184081,0.200112,0.0154651,2.69e-38,13752,"UGT2B11","ENSG00000213759",4,70073059
21,"rs58510074",4,70077829,"C","T",0.161542,-0.517641,0.0164889,2.47e-216,12592,"UGT2B11","ENSG00000213759",4,70073059
25,"rs72639753",4,70071685,"G","A",0.0259264,-0.481484,0.0467642,7.35e-25,8947,"UGT2B11","ENSG00000213759",4,70073059
