"V1","SNP","chr","pos","effect_allele.exposure","other_allele.exposure","eaf.exposure","beta.exposure","se.exposure","pval.exposure","samplesize.exposure","exposure","id.exposure","gene-chr","gene-pos"
14,"rs2084202",2,120125029,"A","G",0.155272,0.134536,0.0163126,1.62e-16,14258,"DBI","ENSG00000155368",2,120127311
21,"rs3091406",2,120125384,"A","G",0.203688,-0.362697,0.0143841,2.73e-140,14263,"DBI","ENSG00000155368",2,120127311
22,"rs3091407",2,120125973,"C","G",0.234695,0.157467,0.0139083,1.02e-29,14263,"DBI","ENSG00000155368",2,120127311
32,"rs8192506",2,120129841,"G","A",0.0312192,-0.284183,0.0378285,5.81e-14,11496,"DBI","ENSG00000155368",2,120127311
