"V1","SNP","chr","pos","effect_allele.exposure","other_allele.exposure","eaf.exposure","beta.exposure","se.exposure","pval.exposure","samplesize.exposure","exposure","id.exposure","gene-chr","gene-pos"
1,"rs11207539",1,60379390,"G","A",0.0226827,0.311472,0.0390179,1.43e-15,14752,"CYP2J2","ENSG00000134716",1,60375721
2,"rs1155002",1,60373775,"T","C",0.380679,-0.0421509,0.00817765,2.54e-07,31684,"CYP2J2","ENSG00000134716",1,60375721
3,"rs11572250",1,60379433,"T","C",0.142863,-0.0843053,0.0113628,1.18e-13,31569,"CYP2J2","ENSG00000134716",1,60375721
5,"rs11572278",1,60374012,"A","C",0.0646561,0.226448,0.0161329,9.33e-45,31569,"CYP2J2","ENSG00000134716",1,60375721
