"V1","SNP","chr","pos","effect_allele.exposure","other_allele.exposure","eaf.exposure","beta.exposure","se.exposure","pval.exposure","samplesize.exposure","exposure","id.exposure","gene-chr","gene-pos"
2,"rs11264345",1,155213124,"A","T",0.293839,0.2597,0.012817,2.77e-91,14258,"GBA","ENSG00000177628",1,155209446
3,"rs12752133",1,155205378,"T","C",0.0195713,0.574489,0.0711318,6.67e-16,5085,"GBA","ENSG00000177628",1,155209446
4,"rs149732676",1,155214007,"A","G",0.0241316,-0.256909,0.0452576,1.37e-08,10333,"GBA","ENSG00000177628",1,155209446
7,"rs188978150",1,155211106,"C","T",0.0225158,-0.256967,0.045951,2.24e-08,10728,"GBA","ENSG00000177628",1,155209446
12,"rs28678003",1,155207733,"T","C",0.0383572,0.203571,0.0307844,3.77e-11,14260,"GBA","ENSG00000177628",1,155209446
