"V1","SNP","chr","pos","effect_allele.exposure","other_allele.exposure","eaf.exposure","beta.exposure","se.exposure","pval.exposure","samplesize.exposure","exposure","id.exposure","gene-chr","gene-pos"
5,"rs140036415",12,10585178,"A","G",0.0164123,0.670927,0.0811416,1.36e-16,4636,"KLRC2","ENSG00000205809",12,10587176
7,"rs149164469",12,10590579,"G","C",0.228727,0.0933983,0.0122496,2.45e-14,18831,"KLRC2","ENSG00000205809",12,10587176
9,"rs2734418",12,10583182,"G","C",0.040162,-0.230546,0.0294929,5.41e-15,14850,"KLRC2","ENSG00000205809",12,10587176
26,"rs78326895",12,10584254,"C","T",0.140241,0.325243,0.0147768,2.29e-107,18507,"KLRC2","ENSG00000205809",12,10587176
