"V1","SNP","chr","pos","effect_allele.exposure","other_allele.exposure","eaf.exposure","beta.exposure","se.exposure","pval.exposure","samplesize.exposure","exposure","id.exposure","gene-chr","gene-pos"
1,"rs117493712",8,22048312,"A","C",0.0210579,0.217986,0.0401004,5.45e-08,15055,"BMP1","ENSG00000168487",8,22046044
2,"rs12114940",8,22048790,"G","T",0.427454,-0.142841,0.00865177,3.11e-61,27021,"BMP1","ENSG00000168487",8,22046044
4,"rs139018681",8,22044973,"C","A",0.0860307,-0.0751838,0.0152956,8.86e-07,27155,"BMP1","ENSG00000168487",8,22046044
8,"rs4507761",8,22042197,"C","T",0.0633252,0.155733,0.0187856,1.13e-16,23819,"BMP1","ENSG00000168487",8,22046044
