"V1","SNP","chr","pos","effect_allele.exposure","other_allele.exposure","eaf.exposure","beta.exposure","se.exposure","pval.exposure","samplesize.exposure","exposure","id.exposure","gene-chr","gene-pos"
13,"rs1544922",12,102109893,"C","T",0.109538,-0.203645,0.0127345,1.46e-57,31354,"CHPT1","ENSG00000111666",12,102114321
16,"rs2041149",12,102110105,"G","A",0.415795,-0.331191,0.00788411,0,31350,"CHPT1","ENSG00000111666",12,102114321
18,"rs222507",12,102118873,"G","T",0.0237607,0.189115,0.0286026,3.8e-11,26304,"CHPT1","ENSG00000111666",12,102114321
23,"rs7137327",12,102115020,"T","G",0.0932475,-0.603381,0.0133036,0,31355,"CHPT1","ENSG00000111666",12,102114321
