"V1","SNP","chr","pos","effect_allele.exposure","other_allele.exposure","eaf.exposure","beta.exposure","se.exposure","pval.exposure","samplesize.exposure","exposure","id.exposure","gene-chr","gene-pos"
1,"rs117602337",19,45693752,"T","C",0.046273,0.177025,0.0207712,1.56e-17,26188,"MARK4","ENSG00000007047",19,45695543
4,"rs3859420",19,45699129,"A","G",0.292247,-0.0560526,0.00946578,3.19e-09,26943,"MARK4","ENSG00000007047",19,45695543
6,"rs62118471",19,45691049,"C","T",0.0216283,-0.151149,0.0320898,2.47e-06,22922,"MARK4","ENSG00000007047",19,45695543
