"V1","SNP","chr","pos","effect_allele.exposure","other_allele.exposure","eaf.exposure","beta.exposure","se.exposure","pval.exposure","samplesize.exposure","exposure","id.exposure","gene-chr","gene-pos"
1,"rs10241576",7,37859423,"T","C",0.347101,-0.0672142,0.00872572,1.33e-14,28917,"EPDR1","ENSG00000086289",7,37857494
2,"rs117818312",7,37858842,"C","T",0.0170988,0.207348,0.0346145,2.1e-09,24795,"EPDR1","ENSG00000086289",7,37857494
5,"rs2718065",7,37859525,"G","A",0.246999,0.0951575,0.00964519,5.86e-23,28800,"EPDR1","ENSG00000086289",7,37857494
