"V1","SNP","chr","pos","effect_allele.exposure","other_allele.exposure","eaf.exposure","beta.exposure","se.exposure","pval.exposure","samplesize.exposure","exposure","id.exposure","gene-chr","gene-pos"
3,"rs12371131",12,26740540,"T","G",0.338291,0.0687912,0.00840311,2.69e-16,31567,"ITPR2","ENSG00000123104",12,26738236
4,"rs139021992",12,26741644,"T","C",0.018142,-0.164014,0.0317058,2.3e-07,27895,"ITPR2","ENSG00000123104",12,26738236
10,"rs60341183",12,26738202,"C","T",0.22793,-0.109831,0.00944948,3.15e-31,31684,"ITPR2","ENSG00000123104",12,26738236
13,"rs80094220",12,26740825,"A","G",0.0304334,-0.106428,0.0238243,7.93e-06,29834,"ITPR2","ENSG00000123104",12,26738236
