"V1","SNP","chr","pos","effect_allele.exposure","other_allele.exposure","eaf.exposure","beta.exposure","se.exposure","pval.exposure","samplesize.exposure","exposure","id.exposure","gene-chr","gene-pos"
3,"rs117740111",12,32678993,"A","G",0.100159,0.0681744,0.0132527,2.69e-07,31563,"FGD4","ENSG00000139132",12,32675723
5,"rs12367520",12,32680489,"A","G",0.0683072,-0.072419,0.0158668,5.01e-06,31185,"FGD4","ENSG00000139132",12,32675723
6,"rs77583397",12,32675022,"A","C",0.0235006,0.127155,0.028459,7.9e-06,26883,"FGD4","ENSG00000139132",12,32675723
8,"rs7966856",12,32680236,"T","G",0.243282,-0.0624124,0.00925177,1.52e-11,31684,"FGD4","ENSG00000139132",12,32675723
