"V1","SNP","chr","pos","effect_allele.exposure","other_allele.exposure","eaf.exposure","beta.exposure","se.exposure","pval.exposure","samplesize.exposure","exposure","id.exposure","gene-chr","gene-pos"
1,"rs10883464",10,102120223,"G","A",0.0908527,-0.193201,0.0137794,1.16e-44,31684,"SCD","ENSG00000099194",10,102115736
7,"rs2234970",10,102116311,"C","A",0.384709,0.122618,0.00818569,9.98e-51,31300,"SCD","ENSG00000099194",10,102115736
19,"rs55965531",10,102118114,"T","C",0.023767,-0.184262,0.0384423,1.64e-06,14558,"SCD","ENSG00000099194",10,102115736
