"V1","SNP","chr","pos","effect_allele.exposure","other_allele.exposure","eaf.exposure","beta.exposure","se.exposure","pval.exposure","samplesize.exposure","exposure","id.exposure","gene-chr","gene-pos"
4,"rs28547880",1,160781278,"G","T",0.0237509,-0.154358,0.0309212,5.98e-07,22527,"LY9","ENSG00000122224",1,160781970
6,"rs4017732",1,160780555,"G","T",0.300526,0.0919882,0.00865104,2.09e-26,31670,"LY9","ENSG00000122224",1,160781970
9,"rs4656932",1,160779495,"A","G",0.215754,-0.246702,0.00955734,6.37e-147,31684,"LY9","ENSG00000122224",1,160781970
14,"rs560681",1,160786670,"G","A",0.313165,0.105165,0.00854516,8.31e-35,31684,"LY9","ENSG00000122224",1,160781970
