"V1","SNP","chr","pos","effect_allele.exposure","other_allele.exposure","eaf.exposure","beta.exposure","se.exposure","pval.exposure","samplesize.exposure","exposure","id.exposure","gene-chr","gene-pos"
7,"rs2289919",2,98341195,"T","C",0.102635,0.251589,0.0130374,5.65e-83,31567,"ZAP70","ENSG00000115085",2,98343174
14,"rs6712517",2,98340364,"A","C",0.25792,-0.130141,0.00905075,7.01e-47,31684,"ZAP70","ENSG00000115085",2,98343174
16,"rs6724539",2,98343258,"A","G",0.480946,-0.207978,0.00786447,4.12e-154,31684,"ZAP70","ENSG00000115085",2,98343174
17,"rs72815665",2,98342701,"C","T",0.0261851,-0.122459,0.0276532,9.49e-06,25621,"ZAP70","ENSG00000115085",2,98343174
