"V1","SNP","chr","pos","effect_allele.exposure","other_allele.exposure","eaf.exposure","beta.exposure","se.exposure","pval.exposure","samplesize.exposure","exposure","id.exposure","gene-chr","gene-pos"
1,"rs11252918",10,5116148,"C","T",0.198684,0.0469038,0.0103203,5.5e-06,29468,"AKR1C3","ENSG00000196139",10,5113713
2,"rs116855361",10,5112398,"G","A",0.0191305,-0.146601,0.030896,2.09e-06,27892,"AKR1C3","ENSG00000196139",10,5113713
3,"rs117005452",10,5110515,"G","A",0.015758,0.20091,0.0356844,1.8e-08,25287,"AKR1C3","ENSG00000196139",10,5113713
4,"rs1937878",10,5117327,"T","C",0.441336,-0.152769,0.00795407,3.27e-82,31684,"AKR1C3","ENSG00000196139",10,5113713
5,"rs28943575",10,5113570,"C","G",0.106921,0.0703211,0.0132437,1.1e-07,29827,"AKR1C3","ENSG00000196139",10,5113713
9,"rs72772197",10,5117563,"T","C",0.0195135,-0.241401,0.0331131,3.1e-13,23780,"AKR1C3","ENSG00000196139",10,5113713
13,"rs80261696",10,5115735,"T","C",0.0145427,0.27253,0.0406906,2.12e-11,21028,"AKR1C3","ENSG00000196139",10,5113713
