"V1","SNP","chr","pos","effect_allele.exposure","other_allele.exposure","eaf.exposure","beta.exposure","se.exposure","pval.exposure","samplesize.exposure","exposure","id.exposure","gene-chr","gene-pos"
2,"rs118092964",11,17162642,"T","C",0.013271,0.304188,0.0474581,1.46e-10,16912,"PIK3C2A","ENSG00000011405",11,17164403
7,"rs4356203",11,17160148,"G","A",0.407268,0.388989,0.00856102,0,26196,"PIK3C2A","ENSG00000011405",11,17164403
8,"rs4757497",11,17163007,"C","T",0.0488717,0.278342,0.0215552,3.8e-38,22985,"PIK3C2A","ENSG00000011405",11,17164403
12,"rs72872377",11,17166142,"C","T",0.017436,-0.494616,0.0388708,4.32e-37,19154,"PIK3C2A","ENSG00000011405",11,17164403
