"V1","SNP","chr","pos","effect_allele.exposure","other_allele.exposure","eaf.exposure","beta.exposure","se.exposure","pval.exposure","samplesize.exposure","exposure","id.exposure","gene-chr","gene-pos"
6,"rs145650095",11,65647885,"T","C",0.0571857,0.192593,0.0182369,4.54e-26,27773,"CTSW","ENSG00000172543",11,65649246
7,"rs180886350",11,65646247,"A","G",0.0164865,-0.884943,0.0370384,3.66e-126,21907,"CTSW","ENSG00000172543",11,65649246
14,"rs41302417",11,65647288,"T","C",0.0247702,-1.35719,0.026508,0,26835,"CTSW","ENSG00000172543",11,65649246
23,"rs679147",11,65644363,"A","G",0.324713,-0.54384,0.0080208,0,30847,"CTSW","ENSG00000172543",11,65649246
