"V1","SNP","chr","pos","effect_allele.exposure","other_allele.exposure","eaf.exposure","beta.exposure","se.exposure","pval.exposure","samplesize.exposure","exposure","id.exposure","gene-chr","gene-pos"
2,"rs17220898",6,86185879,"C","T",0.0901763,0.0608796,0.0138652,1.13e-05,31684,"NT5E","ENSG00000135318",6,86182654
5,"rs4593336",6,86181931,"A","G",0.367301,0.271172,0.00809849,8.24e-246,31684,"NT5E","ENSG00000135318",6,86182654
6,"rs4707206",6,86178324,"T","G",0.0393265,0.25542,0.0204942,1.19e-35,31355,"NT5E","ENSG00000135318",6,86182654
10,"rs9359656",6,86179835,"C","T",0.107764,-0.709664,0.012175,0,31684,"NT5E","ENSG00000135318",6,86182654
