"V1","SNP","chr","pos","effect_allele.exposure","other_allele.exposure","eaf.exposure","beta.exposure","se.exposure","pval.exposure","samplesize.exposure","exposure","id.exposure","gene-chr","gene-pos"
2,"rs10797834",1,183048749,"T","G",0.470275,0.546076,0.00735757,0,31568,"LAMC1","ENSG00000135862",1,183053661
14,"rs112574410",1,183055233,"T","C",0.0174419,-0.496246,0.0395535,4.17e-36,18491,"LAMC1","ENSG00000135862",1,183053661
18,"rs116351644",1,183051933,"T","C",0.0164443,0.371574,0.0381101,1.84e-22,21190,"LAMC1","ENSG00000135862",1,183053661
37,"rs75858070",1,183055618,"G","C",0.0302707,-0.370551,0.0243352,2.34e-52,28530,"LAMC1","ENSG00000135862",1,183053661
38,"rs79733088",1,183049934,"C","T",0.114743,0.0783156,0.0124794,3.48e-10,31569,"LAMC1","ENSG00000135862",1,183053661
