"V1","SNP","chr","pos","effect_allele.exposure","other_allele.exposure","eaf.exposure","beta.exposure","se.exposure","pval.exposure","samplesize.exposure","exposure","id.exposure","gene-chr","gene-pos"
1,"rs11204849",1,151538412,"A","G",0.111151,0.0805925,0.0132969,1.35e-09,28588,"TUFT1","ENSG00000143367",1,151534420
3,"rs12037928",1,151537266,"T","C",0.046013,0.135246,0.019116,1.49e-12,31122,"TUFT1","ENSG00000143367",1,151534420
5,"rs12564097",1,151539293,"T","C",0.34181,0.0488553,0.00846684,7.92e-09,30971,"TUFT1","ENSG00000143367",1,151534420
10,"rs72692719",1,151531723,"A","G",0.257211,0.0985835,0.00908888,2.07e-27,31563,"TUFT1","ENSG00000143367",1,151534420
