"V1","SNP","chr","pos","effect_allele.exposure","other_allele.exposure","eaf.exposure","beta.exposure","se.exposure","pval.exposure","samplesize.exposure","exposure","id.exposure","gene-chr","gene-pos"
2,"rs10103091",8,6793006,"T","A",0.131797,0.310515,0.0215695,5.48e-47,9185,"DEFA4","ENSG00000164821",8,6794602
3,"rs112279855",8,6794766,"G","A",0.0272289,0.377072,0.0543786,4.09e-12,6336,"DEFA4","ENSG00000164821",8,6794602
20,"rs2738103",8,6792520,"G","A",0.487824,0.0766902,0.0147368,1.95e-07,9188,"DEFA4","ENSG00000164821",8,6794602
25,"rs2741678",8,6795089,"A","G",0.376332,0.106999,0.0151862,1.84e-12,9188,"DEFA4","ENSG00000164821",8,6794602
