"V1","SNP","chr","pos","effect_allele.exposure","other_allele.exposure","eaf.exposure","beta.exposure","se.exposure","pval.exposure","samplesize.exposure","exposure","id.exposure","gene-chr","gene-pos"
6,"rs112707891",12,49361054,"C","T",0.0671725,0.0898424,0.0159742,1.86e-08,31239,"WNT10B","ENSG00000169884",12,49362334
9,"rs79640667",12,49358392,"C","T",0.0540547,-0.0843641,0.0195152,1.54e-05,25656,"WNT10B","ENSG00000169884",12,49362334
14,"rs833843",12,49364391,"A","G",0.45911,-0.115246,0.00794546,1.13e-47,31683,"WNT10B","ENSG00000169884",12,49362334
