"V1","SNP","chr","pos","effect_allele.exposure","other_allele.exposure","eaf.exposure","beta.exposure","se.exposure","pval.exposure","samplesize.exposure","exposure","id.exposure","gene-chr","gene-pos"
2,"rs10999913",10,73369921,"T","C",0.03498,-0.232061,0.0228061,2.55e-24,28374,"CDH23","ENSG00000107736",10,73366196
5,"rs4747171",10,73371038,"C","G",0.0353171,0.126569,0.0216639,5.15e-09,31238,"CDH23","ENSG00000107736",10,73366196
7,"rs61851974",10,73366287,"C","T",0.121528,-0.225489,0.0126823,1.01e-70,28802,"CDH23","ENSG00000107736",10,73366196
11,"rs77252019",10,73365744,"T","C",0.0366912,0.24917,0.0221563,2.42e-29,28691,"CDH23","ENSG00000107736",10,73366196
