"V1","SNP","chr","pos","effect_allele.exposure","other_allele.exposure","eaf.exposure","beta.exposure","se.exposure","pval.exposure","samplesize.exposure","exposure","id.exposure","gene-chr","gene-pos"
1,"rs1862737",16,75281964,"A","C",0.466997,0.0638292,0.00811066,3.55e-15,30475,"BCAR1","ENSG00000050820",16,75282439
4,"rs28595463",16,75281235,"T","C",0.111071,0.266643,0.0127201,1.45e-97,30859,"BCAR1","ENSG00000050820",16,75282439
8,"rs57613349",16,75284855,"C","G",0.526853,0.0532088,0.00808374,4.64e-11,30653,"BCAR1","ENSG00000050820",16,75282439
