"V1","SNP","chr","pos","effect_allele.exposure","other_allele.exposure","eaf.exposure","beta.exposure","se.exposure","pval.exposure","samplesize.exposure","exposure","id.exposure","gene-chr","gene-pos"
2,"rs112080665",22,19938759,"G","A",0.0437262,-0.274106,0.0194044,2.63e-45,31558,"COMT","ENSG00000093010",22,19943314
4,"rs11704299",22,19940643,"C","T",0.0215571,0.232731,0.0289373,8.8e-16,28246,"COMT","ENSG00000093010",22,19943314
9,"rs174690",22,19939432,"A","G",0.439594,-0.197176,0.00801146,9.44e-134,31016,"COMT","ENSG00000093010",22,19943314
15,"rs35788262",22,19940583,"A","G",0.121707,0.303401,0.0121177,2.37e-138,31228,"COMT","ENSG00000093010",22,19943314
27,"rs74451762",22,19941703,"T","C",0.0622757,-0.0975773,0.018548,1.43e-07,24858,"COMT","ENSG00000093010",22,19943314
