"V1","SNP","chr","pos","effect_allele.exposure","other_allele.exposure","eaf.exposure","beta.exposure","se.exposure","pval.exposure","samplesize.exposure","exposure","id.exposure","gene-chr","gene-pos"
1,"rs148713124",11,118225200,"T","G",0.0128029,-0.589496,0.113017,1.83e-07,3070,"CD3G","ENSG00000160654",11,118220467
3,"rs3181258",11,118218478,"A","T",0.0309012,0.200016,0.0341745,4.83e-09,14262,"CD3G","ENSG00000160654",11,118220467
9,"rs3753059",11,118221349,"C","T",0.160069,-0.139081,0.0161534,7.31e-18,14178,"CD3G","ENSG00000160654",11,118220467
