"V1","SNP","chr","pos","effect_allele.exposure","other_allele.exposure","eaf.exposure","beta.exposure","se.exposure","pval.exposure","samplesize.exposure","exposure","id.exposure","gene-chr","gene-pos"
6,"rs1987786",21,30247960,"A","G",0.120896,0.144761,0.0127996,1.17e-29,28588,"N6AMT1","ENSG00000156239",21,30251103
16,"rs2705669",21,30255876,"G","A",0.0643873,0.0910603,0.017519,2.02e-07,27016,"N6AMT1","ENSG00000156239",21,30251103
23,"rs62222237",21,30247241,"G","A",0.204837,-0.105277,0.00985869,1.28e-26,31470,"N6AMT1","ENSG00000156239",21,30251103
