"V1","SNP","chr","pos","effect_allele.exposure","other_allele.exposure","eaf.exposure","beta.exposure","se.exposure","pval.exposure","samplesize.exposure","exposure","id.exposure","gene-chr","gene-pos"
2,"rs138516336",2,242591541,"T","C",0.0165479,0.4016,0.0814505,8.2e-07,4607,"ATG4B","ENSG00000168397",2,242594950
8,"rs35263340",2,242599074,"T","C",0.155973,0.123865,0.022163,2.29e-08,7701,"ATG4B","ENSG00000168397",2,242594950
10,"rs35731596",2,242590338,"G","A",0.129836,0.308665,0.0217168,7.59e-46,9182,"ATG4B","ENSG00000168397",2,242594950
18,"rs6712888",2,242594622,"T","C",0.314976,-0.304076,0.0166506,1.65e-74,8025,"ATG4B","ENSG00000168397",2,242594950
