"V1","SNP","chr","pos","effect_allele.exposure","other_allele.exposure","eaf.exposure","beta.exposure","se.exposure","pval.exposure","samplesize.exposure","exposure","id.exposure","gene-chr","gene-pos"
4,"rs112526106",8,22953862,"A","G",0.020981,-0.296686,0.031434,3.79e-21,24545,"TNFRSF10C","ENSG00000173535",8,22958409
10,"rs12549481",8,22960058,"A","G",0.391956,0.146878,0.00815392,1.53e-72,31231,"TNFRSF10C","ENSG00000173535",8,22958409
18,"rs62501084",8,22955335,"T","C",0.0248348,0.118848,0.0264024,6.75e-06,29597,"TNFRSF10C","ENSG00000173535",8,22958409
19,"rs6557616",8,22960704,"G","C",0.199397,-0.316895,0.0097964,1.47e-229,31590,"TNFRSF10C","ENSG00000173535",8,22958409
20,"rs6991075",8,22956913,"G","A",0.120576,0.0854316,0.0124878,7.85e-12,30192,"TNFRSF10C","ENSG00000173535",8,22958409
27,"rs76904191",8,22957101,"G","A",0.0398021,0.124068,0.0204153,1.22e-09,31355,"TNFRSF10C","ENSG00000173535",8,22958409
