"V1","SNP","chr","pos","effect_allele.exposure","other_allele.exposure","eaf.exposure","beta.exposure","se.exposure","pval.exposure","samplesize.exposure","exposure","id.exposure","gene-chr","gene-pos"
2,"rs11666394",19,50860608,"A","G",0.233398,0.144278,0.0139453,4.36e-25,14263,"NAPSA","ENSG00000131400",19,50865410
3,"rs11670727",19,50862768,"T","C",0.0371635,0.167512,0.038229,1.18e-05,9542,"NAPSA","ENSG00000131400",19,50865410
5,"rs143116942",19,50868358,"T","C",0.0171,-0.265016,0.0572835,3.72e-06,9044,"NAPSA","ENSG00000131400",19,50865410
8,"rs60132559",19,50867106,"T","C",0.313184,-0.221234,0.0126309,1.1e-68,14263,"NAPSA","ENSG00000131400",19,50865410
