"V1","SNP","chr","pos","effect_allele.exposure","other_allele.exposure","eaf.exposure","beta.exposure","se.exposure","pval.exposure","samplesize.exposure","exposure","id.exposure","gene-chr","gene-pos"
1,"rs34987335",6,169634896,"A","G",0.0561103,0.164716,0.0198765,1.16e-16,23828,"THBS2","ENSG00000186340",6,169635007
2,"rs35631991",6,169637847,"A","G",0.0388263,-0.199155,0.023824,6.3e-17,23535,"THBS2","ENSG00000186340",6,169635007
4,"rs73240180",6,169638853,"C","T",0.0271223,-0.15928,0.0318573,5.74e-07,18646,"THBS2","ENSG00000186340",6,169635007
