"V1","SNP","chr","pos","effect_allele.exposure","other_allele.exposure","eaf.exposure","beta.exposure","se.exposure","pval.exposure","samplesize.exposure","exposure","id.exposure","gene-chr","gene-pos"
1,"rs112095418",15,75186667,"T","C",0.131932,-0.247024,0.0125055,7.53e-87,27526,"MPI","ENSG00000178802",15,75187072
2,"rs1130741",15,75189930,"A","G",0.499561,-0.279715,0.00783569,4.28e-279,31300,"MPI","ENSG00000178802",15,75187072
6,"rs117375132",15,75190429,"A","G",0.0210466,0.168109,0.0279335,1.76e-09,31065,"MPI","ENSG00000178802",15,75187072
8,"rs139190144",15,75188506,"T","C",0.0360227,-0.420764,0.0231151,4.89e-74,26617,"MPI","ENSG00000178802",15,75187072
