"V1","SNP","chr","pos","effect_allele.exposure","other_allele.exposure","eaf.exposure","beta.exposure","se.exposure","pval.exposure","samplesize.exposure","exposure","id.exposure","gene-chr","gene-pos"
18,"rs308059",19,3107997,"T","C",0.140646,0.259024,0.0131428,1.83e-86,23561,"GNA11","ENSG00000088256",19,3109205
24,"rs385443",19,3113888,"C","G",0.461403,0.225442,0.00914157,2.79e-134,23468,"GNA11","ENSG00000088256",19,3109205
27,"rs41276846",19,3110361,"T","C",0.124109,-0.124033,0.0156766,2.53e-15,18653,"GNA11","ENSG00000088256",19,3109205
28,"rs55702727",19,3113156,"A","G",0.0488323,-0.214463,0.0257818,8.92e-17,16125,"GNA11","ENSG00000088256",19,3109205
