"V1","SNP","chr","pos","effect_allele.exposure","other_allele.exposure","eaf.exposure","beta.exposure","se.exposure","pval.exposure","samplesize.exposure","exposure","id.exposure","gene-chr","gene-pos"
5,"rs17282181",3,127474541,"A","G",0.248459,0.0989185,0.00922438,7.89e-27,31355,"MGLL","ENSG00000074416",3,127474980
9,"rs664910",3,127474030,"G","A",0.292157,-0.145648,0.00869706,5.98e-63,31684,"MGLL","ENSG00000074416",3,127474980
12,"rs76652641",3,127472172,"C","T",0.0514099,0.0993088,0.0200276,7.1e-07,25538,"MGLL","ENSG00000074416",3,127474980
13,"rs9832418",3,127478666,"C","T",0.0383007,-0.122867,0.0210287,5.13e-09,30662,"MGLL","ENSG00000074416",3,127474980
