"V1","SNP","chr","pos","effect_allele.exposure","other_allele.exposure","eaf.exposure","beta.exposure","se.exposure","pval.exposure","samplesize.exposure","exposure","id.exposure","gene-chr","gene-pos"
1,"rs2116447",6,36837364,"T","C",0.475031,0.144837,0.00795475,4.49e-74,31354,"PPIL1","ENSG00000137168",6,36832701
2,"rs236346",6,36832103,"C","T",0.105107,0.102296,0.0130085,3.73e-15,31353,"PPIL1","ENSG00000137168",6,36832701
4,"rs71569353",6,36835843,"A","G",0.0166526,0.158272,0.0341589,3.6e-06,26149,"PPIL1","ENSG00000137168",6,36832701
5,"rs76207768",6,36830360,"A","G",0.0942672,-0.155601,0.01371,7.47e-30,31026,"PPIL1","ENSG00000137168",6,36832701
