"V1","SNP","chr","pos","effect_allele.exposure","other_allele.exposure","eaf.exposure","beta.exposure","se.exposure","pval.exposure","samplesize.exposure","exposure","id.exposure","gene-chr","gene-pos"
1,"rs247819",16,84445176,"T","G",0.389436,0.0504101,0.0101233,6.37e-07,20495,"ATP2C2","ENSG00000064270",16,84449963
2,"rs247820",16,84445437,"C","T",0.47913,-0.0506818,0.0103079,8.8e-07,18831,"ATP2C2","ENSG00000064270",16,84449963
3,"rs74497210",16,84448103,"C","A",0.0697901,0.0759502,0.0171538,9.53e-06,26157,"ATP2C2","ENSG00000064270",16,84449963
4,"rs8052881",16,84444994,"T","C",0.24052,-0.0495574,0.0101374,1.02e-06,26609,"ATP2C2","ENSG00000064270",16,84449963
