"V1","SNP","chr","pos","effect_allele.exposure","other_allele.exposure","eaf.exposure","beta.exposure","se.exposure","pval.exposure","samplesize.exposure","exposure","id.exposure","gene-chr","gene-pos"
2,"rs12618279",2,202127383,"A","T",0.0626815,0.161746,0.0165368,1.36e-22,31025,"CASP8","ENSG00000064012",2,202125300
3,"rs17860418",2,202122715,"G","T",0.0345882,0.0995528,0.0219618,5.82e-06,31026,"CASP8","ENSG00000064012",2,202125300
9,"rs6435074",2,202127947,"A","C",0.257795,-0.195914,0.00906211,1.19e-103,31353,"CASP8","ENSG00000064012",2,202125300
