"V1","SNP","chr","pos","effect_allele.exposure","other_allele.exposure","eaf.exposure","beta.exposure","se.exposure","pval.exposure","samplesize.exposure","exposure","id.exposure","gene-chr","gene-pos"
1,"rs11236389",11,75020708,"G","A",0.0720621,0.233764,0.015358,2.57e-52,31470,"ARRB1","ENSG00000137486",11,75019049
7,"rs56117769",11,75023303,"A","G",0.0431845,-0.199108,0.0200669,3.33e-23,29951,"ARRB1","ENSG00000137486",11,75019049
8,"rs611908",11,75017087,"T","C",0.299316,0.0743098,0.00869385,1.26e-17,31470,"ARRB1","ENSG00000137486",11,75019049
9,"rs657561",11,75020379,"T","C",0.291687,-0.0644167,0.00876155,1.95e-13,31470,"ARRB1","ENSG00000137486",11,75019049
