"V1","SNP","chr","pos","effect_allele.exposure","other_allele.exposure","eaf.exposure","beta.exposure","se.exposure","pval.exposure","samplesize.exposure","exposure","id.exposure","gene-chr","gene-pos"
1,"rs111611390",1,224374270,"T","C",0.0702737,0.211387,0.0156065,8.5e-42,31237,"DEGS1","ENSG00000143753",1,224372300
5,"rs11589025",1,224375385,"G","A",0.318424,-0.151886,0.00848477,1.16e-71,31681,"DEGS1","ENSG00000143753",1,224372300
14,"rs71644778",1,224370813,"T","C",0.0786936,-0.137457,0.0160656,1.17e-17,26646,"DEGS1","ENSG00000143753",1,224372300
16,"rs72753995",1,224368202,"G","A",0.103235,0.590762,0.0126513,0,31563,"DEGS1","ENSG00000143753",1,224372300
