"V1","SNP","chr","pos","effect_allele.exposure","other_allele.exposure","eaf.exposure","beta.exposure","se.exposure","pval.exposure","samplesize.exposure","exposure","id.exposure","gene-chr","gene-pos"
1,"rs11670365",19,11004833,"T","C",0.0726634,-0.254397,0.0152883,3.58e-62,31470,"CARM1","ENSG00000142453",19,11007821
6,"rs76541227",19,11009265,"C","G",0.0395129,-0.312518,0.0205328,2.59e-52,31017,"CARM1","ENSG00000142453",19,11007821
8,"rs8105092",19,11005621,"A","G",0.257907,0.149925,0.0090886,3.92e-61,31355,"CARM1","ENSG00000142453",19,11007821
