"V1","SNP","chr","pos","effect_allele.exposure","other_allele.exposure","eaf.exposure","beta.exposure","se.exposure","pval.exposure","samplesize.exposure","exposure","id.exposure","gene-chr","gene-pos"
3,"rs10770822",12,21682239,"C","T",0.384945,0.380872,0.0154224,1.18e-134,8269,"C12orf39","ENSG00000134548",12,21684776
8,"rs11612897",12,21687660,"A","G",0.180389,0.165008,0.020147,2.61e-16,8265,"C12orf39","ENSG00000134548",12,21684776
9,"rs117584874",12,21679911,"A","G",0.0208869,0.368434,0.0550016,2.1e-11,8037,"C12orf39","ENSG00000134548",12,21684776
16,"rs71448606",12,21681322,"T","C",0.211628,-0.255507,0.0230827,1.77e-28,5502,"C12orf39","ENSG00000134548",12,21684776
