"V1","SNP","chr","pos","effect_allele.exposure","other_allele.exposure","eaf.exposure","beta.exposure","se.exposure","pval.exposure","samplesize.exposure","exposure","id.exposure","gene-chr","gene-pos"
8,"rs1163248",10,104896563,"A","G",0.229114,-0.118592,0.00944669,3.79e-36,31564,"NT5C2","ENSG00000076685",10,104899498
11,"rs12415199",10,104895536,"C","T",0.321092,-0.167179,0.00847165,1.1e-86,31569,"NT5C2","ENSG00000076685",10,104899498
20,"rs732998",10,104897901,"C","T",0.095097,0.560951,0.0131941,0,31569,"NT5C2","ENSG00000076685",10,104899498
22,"rs78436955",10,104900841,"T","C",0.0218219,-0.156936,0.029652,1.21e-07,26613,"NT5C2","ENSG00000076685",10,104899498
