"V1","SNP","chr","pos","effect_allele.exposure","other_allele.exposure","eaf.exposure","beta.exposure","se.exposure","pval.exposure","samplesize.exposure","exposure","id.exposure","gene-chr","gene-pos"
3,"rs116900244",19,919009,"A","G",0.0831298,0.268814,0.0208648,5.57e-38,14903,"KISS1R","ENSG00000116014",19,919151
6,"rs34134744",19,917254,"A","G",0.0335279,-0.161485,0.0361976,8.15e-06,11756,"KISS1R","ENSG00000116014",19,919151
10,"rs350133",19,921317,"C","T",0.375796,-0.19177,0.0102771,1.05e-77,19833,"KISS1R","ENSG00000116014",19,919151
18,"rs62132332",19,923456,"T","C",0.0374025,0.230926,0.0294331,4.3e-15,15970,"KISS1R","ENSG00000116014",19,919151
