"V1","SNP","chr","pos","effect_allele.exposure","other_allele.exposure","eaf.exposure","beta.exposure","se.exposure","pval.exposure","samplesize.exposure","exposure","id.exposure","gene-chr","gene-pos"
1,"rs10158357",1,228480964,"G","A",0.401502,0.132177,0.00808454,4.39e-60,31568,"OBSCN","ENSG00000154358",1,228481204
2,"rs114775166",1,228486099,"T","C",0.0174468,-0.149331,0.0327163,5.01e-06,27228,"OBSCN","ENSG00000154358",1,228481204
8,"rs56218706",1,228482059,"A","G",0.0354071,0.19211,0.0239133,9.47e-16,25537,"OBSCN","ENSG00000154358",1,228481204
