"V1","SNP","chr","pos","effect_allele.exposure","other_allele.exposure","eaf.exposure","beta.exposure","se.exposure","pval.exposure","samplesize.exposure","exposure","id.exposure","gene-chr","gene-pos"
1,"rs307826",5,180051003,"C","T",0.106261,0.180468,0.0144015,5.04e-36,25228,"FLT4","ENSG00000037280",5,180052565
2,"rs34221241",5,180057293,"C","T",0.0950828,-0.108449,0.0159527,1.06e-11,22787,"FLT4","ENSG00000037280",5,180052565
3,"rs4700964",5,180053387,"T","C",0.415385,-0.0951837,0.0109131,2.73e-18,17212,"FLT4","ENSG00000037280",5,180052565
