"V1","SNP","chr","pos","effect_allele.exposure","other_allele.exposure","eaf.exposure","beta.exposure","se.exposure","pval.exposure","samplesize.exposure","exposure","id.exposure","gene-chr","gene-pos"
1,"rs2229046",12,56487201,"C","T",0.0754322,-0.0668423,0.0150647,9.12e-06,31569,"ERBB3","ENSG00000065361",12,56485465
2,"rs2292239",12,56482180,"T","G",0.317134,-0.161779,0.008585,3.27e-79,30971,"ERBB3","ENSG00000065361",12,56485465
6,"rs78663322",12,56481775,"G","A",0.0163754,-0.160581,0.0369203,1.37e-05,22754,"ERBB3","ENSG00000065361",12,56485465
