"V1","SNP","chr","pos","effect_allele.exposure","other_allele.exposure","eaf.exposure","beta.exposure","se.exposure","pval.exposure","samplesize.exposure","exposure","id.exposure","gene-chr","gene-pos"
8,"rs34250639",1,158221091,"A","G",0.0912848,-0.680362,0.0132767,0,31569,"CD1A","ENSG00000158477",1,158225993
13,"rs61818715",1,158222676,"G","A",0.0539876,0.0836623,0.0193136,1.48e-05,26228,"CD1A","ENSG00000158477",1,158225993
14,"rs6660005",1,158223481,"G","A",0.0683174,0.187123,0.0157394,1.35e-32,31569,"CD1A","ENSG00000158477",1,158225993
