"V1","SNP","chr","pos","effect_allele.exposure","other_allele.exposure","eaf.exposure","beta.exposure","se.exposure","pval.exposure","samplesize.exposure","exposure","id.exposure","gene-chr","gene-pos"
13,"rs11059920",12,129289632,"C","T",0.0630544,-0.322983,0.0164795,1.58e-85,30779,"SLC15A4","ENSG00000139370",12,129293133
14,"rs11059921",12,129289919,"C","T",0.364077,-0.1935,0.0083035,4.1e-120,30779,"SLC15A4","ENSG00000139370",12,129293133
18,"rs11059925",12,129293788,"C","A",0.084182,0.0809287,0.0144815,2.29e-08,30895,"SLC15A4","ENSG00000139370",12,129293133
27,"rs12813317",12,129289232,"A","G",0.0921124,-0.0807671,0.0140891,9.89e-09,30086,"SLC15A4","ENSG00000139370",12,129293133
