"V1","SNP","chr","pos","effect_allele.exposure","other_allele.exposure","eaf.exposure","beta.exposure","se.exposure","pval.exposure","samplesize.exposure","exposure","id.exposure","gene-chr","gene-pos"
4,"rs11739484",5,131656760,"G","A",0.0209157,0.245892,0.0305402,8.19e-16,26113,"SLC22A4","ENSG00000197208",5,131655017
6,"rs145841772",5,131654869,"T","C",0.0228943,0.214293,0.0428448,5.69e-07,12151,"SLC22A4","ENSG00000197208",5,131655017
15,"rs270606",5,131650867,"A","G",0.331392,0.377389,0.00819641,0,31470,"SLC22A4","ENSG00000197208",5,131655017
19,"rs34604423",5,131653511,"C","T",0.0813422,0.0792646,0.0146018,5.69e-08,31354,"SLC22A4","ENSG00000197208",5,131655017
