"V1","SNP","chr","pos","effect_allele.exposure","other_allele.exposure","eaf.exposure","beta.exposure","se.exposure","pval.exposure","samplesize.exposure","exposure","id.exposure","gene-chr","gene-pos"
3,"rs11056182",12,14925724,"G","C",0.426228,-0.166443,0.00802097,1.2e-95,31348,"HIST4H4","ENSG00000197837",12,14922499
14,"rs17834419",12,14925996,"C","T",0.0594108,-0.110187,0.0181592,1.3e-09,27096,"HIST4H4","ENSG00000197837",12,14922499
20,"rs73294677",12,14924878,"T","C",0.199479,0.190079,0.00993524,1.37e-81,31355,"HIST4H4","ENSG00000197837",12,14922499
22,"rs79740319",12,14924365,"C","T",0.0842072,0.0648382,0.0143498,6.23e-06,31468,"HIST4H4","ENSG00000197837",12,14922499
