"V1","SNP","chr","pos","effect_allele.exposure","other_allele.exposure","eaf.exposure","beta.exposure","se.exposure","pval.exposure","samplesize.exposure","exposure","id.exposure","gene-chr","gene-pos"
1,"rs115211339",14,23626742,"T","C",0.015298,-0.151121,0.034648,1.29e-05,27627,"SLC7A8","ENSG00000092068",14,23623693
2,"rs1998055",14,23623827,"C","G",0.193781,0.325078,0.00999714,6.13e-232,30965,"SLC7A8","ENSG00000092068",14,23623693
6,"rs7150157",14,23627990,"T","C",0.12787,-0.273091,0.0117963,1.43e-118,31684,"SLC7A8","ENSG00000092068",14,23623693
