"V1","SNP","chr","pos","effect_allele.exposure","other_allele.exposure","eaf.exposure","beta.exposure","se.exposure","pval.exposure","samplesize.exposure","exposure","id.exposure","gene-chr","gene-pos"
6,"rs12283942",11,93885423,"G","A",0.327942,0.243024,0.00836613,1.6e-185,31569,"PANX1","ENSG00000110218",11,93888616
8,"rs141337486",11,93884016,"A","G",0.022523,-0.156966,0.030266,2.15e-07,24766,"PANX1","ENSG00000110218",11,93888616
15,"rs57562692",11,93884343,"A","T",0.121122,-0.355214,0.0120328,1.57e-191,31569,"PANX1","ENSG00000110218",11,93888616
16,"rs60647683",11,93888790,"T","C",0.0561155,-0.177207,0.0176864,1.25e-23,30077,"PANX1","ENSG00000110218",11,93888616
