"V1","SNP","chr","pos","effect_allele.exposure","other_allele.exposure","eaf.exposure","beta.exposure","se.exposure","pval.exposure","samplesize.exposure","exposure","id.exposure","gene-chr","gene-pos"
1,"rs12445247",16,27348630,"A","G",0.466346,0.219427,0.00789378,4.66e-170,31470,"IL4R","ENSG00000077238",16,27350544
6,"rs2283563",16,27346354,"T","C",0.334718,0.0911539,0.00843128,3.04e-27,31470,"IL4R","ENSG00000077238",16,27350544
18,"rs3024554",16,27355285,"T","G",0.134061,-0.0631103,0.0117157,7.17e-08,31349,"IL4R","ENSG00000077238",16,27350544
21,"rs35365668",16,27351675,"A","G",0.0185537,-0.154034,0.0323901,1.98e-06,26149,"IL4R","ENSG00000077238",16,27350544
