"V1","SNP","chr","pos","effect_allele.exposure","other_allele.exposure","eaf.exposure","beta.exposure","se.exposure","pval.exposure","samplesize.exposure","exposure","id.exposure","gene-chr","gene-pos"
1,"rs17484848",2,111900560,"C","T",0.107364,0.165599,0.0128218,3.69e-38,31569,"BCL2L11","ENSG00000153094",2,111901489
3,"rs3761705",2,111903527,"G","A",0.295727,-0.0739014,0.00869449,1.9e-17,31684,"BCL2L11","ENSG00000153094",2,111901489
4,"rs4848397",2,111904370,"G","A",0.11814,-0.0817513,0.0123212,3.25e-11,31569,"BCL2L11","ENSG00000153094",2,111901489
5,"rs75543804",2,111900904,"T","G",0.0304845,-0.103352,0.0235254,1.12e-05,30547,"BCL2L11","ENSG00000153094",2,111901489
