"V1","SNP","chr","pos","effect_allele.exposure","other_allele.exposure","eaf.exposure","beta.exposure","se.exposure","pval.exposure","samplesize.exposure","exposure","id.exposure","gene-chr","gene-pos"
13,"rs2453021",1,7989566,"T","C",0.337348,0.12541,0.00841634,3.26e-50,31355,"TNFRSF9","ENSG00000049249",1,7990416
15,"rs531329",1,7994744,"A","G",0.0263553,-0.391575,0.0260852,6.18e-51,28410,"TNFRSF9","ENSG00000049249",1,7990416
18,"rs9657980",1,7995033,"G","A",0.0301509,0.177458,0.024483,4.22e-13,28474,"TNFRSF9","ENSG00000049249",1,7990416
19,"rs9657998",1,7991136,"G","A",0.0278772,0.158662,0.024576,1.08e-10,30508,"TNFRSF9","ENSG00000049249",1,7990416
20,"rs9658012",1,7989022,"T","C",0.170425,0.0562797,0.010561,9.88e-08,31682,"TNFRSF9","ENSG00000049249",1,7990416
