"V1","SNP","chr","pos","effect_allele.exposure","other_allele.exposure","eaf.exposure","beta.exposure","se.exposure","pval.exposure","samplesize.exposure","exposure","id.exposure","gene-chr","gene-pos"
2,"rs11204671",1,150554458,"T","C",0.357275,0.0936688,0.00871014,5.67e-27,28585,"MCL1","ENSG00000143384",1,150549549
5,"rs12131809",1,150544640,"T","C",0.213049,-0.215267,0.00972907,1.77e-108,31017,"MCL1","ENSG00000143384",1,150549549
8,"rs35392872",1,150547938,"A","G",0.0732366,0.068932,0.015955,1.56e-05,28920,"MCL1","ENSG00000143384",1,150549549
