"V1","SNP","chr","pos","effect_allele.exposure","other_allele.exposure","eaf.exposure","beta.exposure","se.exposure","pval.exposure","samplesize.exposure","exposure","id.exposure","gene-chr","gene-pos"
2,"rs1152591",14,64680848,"A","G",0.472406,0.165306,0.0081127,2.72e-92,30066,"ESR2","ENSG00000140009",14,64677890
8,"rs36215895",14,64676751,"T","C",0.0119184,-0.362966,0.083127,1.26e-05,6125,"ESR2","ENSG00000140009",14,64677890
11,"rs72720380",14,64680713,"G","A",0.0829439,-0.228806,0.0144616,2.21e-56,31180,"ESR2","ENSG00000140009",14,64677890
12,"rs79988539",14,64682646,"A","G",0.0634376,0.116339,0.0171824,1.28e-11,28459,"ESR2","ENSG00000140009",14,64677890
