"V1","SNP","chr","pos","effect_allele.exposure","other_allele.exposure","eaf.exposure","beta.exposure","se.exposure","pval.exposure","samplesize.exposure","exposure","id.exposure","gene-chr","gene-pos"
1,"rs111611525",3,184294340,"C","T",0.0193984,-0.181337,0.0342366,1.18e-07,22396,"EPHB3","ENSG00000182580",3,184289884
4,"rs6765759",3,184292438,"G","A",0.471562,-0.0536746,0.00832655,1.15e-10,28899,"EPHB3","ENSG00000182580",3,184289884
7,"rs7652597",3,184293769,"C","T",0.305955,-0.0908806,0.00865051,8.12e-26,31355,"EPHB3","ENSG00000182580",3,184289884
