"V1","SNP","chr","pos","effect_allele.exposure","other_allele.exposure","eaf.exposure","beta.exposure","se.exposure","pval.exposure","samplesize.exposure","exposure","id.exposure","gene-chr","gene-pos"
2,"rs117087498",19,38815732,"G","A",0.0251352,0.253692,0.0279059,9.81e-20,26121,"KCNK6","ENSG00000099337",19,38815072
5,"rs34989303",19,38817876,"A","G",0.168173,0.300084,0.0110581,3.62e-162,28493,"KCNK6","ENSG00000099337",19,38815072
6,"rs35478630",19,38815217,"G","A",0.222802,-0.0900772,0.010677,3.27e-17,25257,"KCNK6","ENSG00000099337",19,38815072
13,"rs75530589",19,38813050,"C","G",0.047262,-0.188895,0.0187028,5.54e-24,31642,"KCNK6","ENSG00000099337",19,38815072
