"V1","SNP","chr","pos","effect_allele.exposure","other_allele.exposure","eaf.exposure","beta.exposure","se.exposure","pval.exposure","samplesize.exposure","exposure","id.exposure","gene-chr","gene-pos"
3,"rs1559509",2,118855927,"A","G",0.25529,-0.188947,0.00907938,3.47e-96,31470,"INSIG2","ENSG00000125629",2,118857300
9,"rs71422563",2,118853804,"T","C",0.0242129,0.194501,0.0279728,3.57e-12,26998,"INSIG2","ENSG00000125629",2,118857300
10,"rs74335158",2,118855442,"T","C",0.0302029,-0.391422,0.0244409,1e-57,28319,"INSIG2","ENSG00000125629",2,118857300
11,"rs889904",2,118860471,"T","C",0.479687,-0.0861736,0.0079637,2.74e-27,31470,"INSIG2","ENSG00000125629",2,118857300
