"V1","SNP","chr","pos","effect_allele.exposure","other_allele.exposure","eaf.exposure","beta.exposure","se.exposure","pval.exposure","samplesize.exposure","exposure","id.exposure","gene-chr","gene-pos"
1,"rs116111919",3,120143389,"G","A",0.0153517,0.240829,0.038822,5.53e-10,21910,"FSTL1","ENSG00000163430",3,120140620
8,"rs2700260",3,120142164,"C","T",0.316272,-0.11543,0.00944288,2.31e-34,25781,"FSTL1","ENSG00000163430",3,120140620
9,"rs28718940",3,120140763,"C","T",0.0929596,0.167626,0.0151312,1.6e-28,25778,"FSTL1","ENSG00000163430",3,120140620
10,"rs57919947",3,120144395,"C","G",0.0690423,0.11387,0.0173567,5.36e-11,25779,"FSTL1","ENSG00000163430",3,120140620
