"V1","SNP","chr","pos","effect_allele.exposure","other_allele.exposure","eaf.exposure","beta.exposure","se.exposure","pval.exposure","samplesize.exposure","exposure","id.exposure","gene-chr","gene-pos"
1,"rs111988128",4,153353806,"C","A",0.0169115,0.159095,0.0368224,1.56e-05,22164,"FBXW7","ENSG00000109670",4,153349291
3,"rs2035535",4,153345022,"T","A",0.280435,0.0898679,0.00884544,3e-24,31566,"FBXW7","ENSG00000109670",4,153349291
20,"rs80181012",4,153344462,"T","A",0.0190313,-0.245629,0.0333193,1.68e-13,24070,"FBXW7","ENSG00000109670",4,153349291
