"V1","SNP","chr","pos","effect_allele.exposure","other_allele.exposure","eaf.exposure","beta.exposure","se.exposure","pval.exposure","samplesize.exposure","exposure","id.exposure","gene-chr","gene-pos"
2,"rs13898",7,44153825,"A","G",0.0291674,-0.201852,0.0245861,2.21e-16,29143,"AEBP1","ENSG00000106624",7,44149060
3,"rs1558469",7,44145910,"T","C",0.426845,-0.197324,0.00896625,2.45e-107,24937,"AEBP1","ENSG00000106624",7,44149060
5,"rs2075072",7,44144866,"A","C",0.065418,0.246205,0.01619,3.17e-52,30970,"AEBP1","ENSG00000106624",7,44149060
12,"rs2595705",7,44145021,"A","G",0.0236506,0.300417,0.0300964,1.83e-23,23806,"AEBP1","ENSG00000106624",7,44149060
