"V1","SNP","chr","pos","effect_allele.exposure","other_allele.exposure","eaf.exposure","beta.exposure","se.exposure","pval.exposure","samplesize.exposure","exposure","id.exposure","gene-chr","gene-pos"
1,"rs1864375",8,27325257,"A","G",0.144184,-0.0564621,0.0113259,6.19e-07,31562,"CHRNA2","ENSG00000120903",8,27327339
12,"rs2565045",8,27330813,"C","T",0.174755,0.111743,0.010498,1.86e-26,31346,"CHRNA2","ENSG00000120903",8,27327339
22,"rs76391545",8,27331277,"C","T",0.10907,-0.0675096,0.0130484,2.29e-07,30192,"CHRNA2","ENSG00000120903",8,27327339
23,"rs7819756",8,27330937,"C","T",0.512665,0.0931448,0.00793046,7.47e-32,31684,"CHRNA2","ENSG00000120903",8,27327339
