"V1","SNP","chr","pos","effect_allele.exposure","other_allele.exposure","eaf.exposure","beta.exposure","se.exposure","pval.exposure","samplesize.exposure","exposure","id.exposure","gene-chr","gene-pos"
5,"rs138255459",17,76156345,"T","G",0.0800723,0.146306,0.0198305,1.61e-13,17207,"C17orf99","ENSG00000187997",17,76152346
12,"rs60102597",17,76151697,"C","T",0.200145,-0.0837456,0.0115521,4.19e-13,23351,"C17orf99","ENSG00000187997",17,76152346
21,"rs9907239",17,76156487,"T","C",0.104165,0.103344,0.0155658,3.15e-11,22071,"C17orf99","ENSG00000187997",17,76152346
