"V1","SNP","chr","pos","effect_allele.exposure","other_allele.exposure","eaf.exposure","beta.exposure","se.exposure","pval.exposure","samplesize.exposure","exposure","id.exposure","gene-chr","gene-pos"
3,"rs10853766",19,43914833,"T","C",0.226025,-0.0701606,0.00974941,6.18e-13,30018,"TEX101","ENSG00000131126",19,43914205
8,"rs140734999",19,43912294,"T","C",0.0245002,-0.135451,0.030332,7.98e-06,22718,"TEX101","ENSG00000131126",19,43914205
13,"rs34053693",19,43916716,"A","G",0.212184,-0.104861,0.00978383,8.4e-27,31132,"TEX101","ENSG00000131126",19,43914205
17,"rs73041544",19,43916804,"A","G",0.0350347,-0.127758,0.0248701,2.79e-07,23885,"TEX101","ENSG00000131126",19,43914205
