"V1","SNP","chr","pos","effect_allele.exposure","other_allele.exposure","eaf.exposure","beta.exposure","se.exposure","pval.exposure","samplesize.exposure","exposure","id.exposure","gene-chr","gene-pos"
1,"rs112015971",20,57453841,"A","G",0.062581,-0.0895933,0.0171365,1.71e-07,28996,"GNAS","ENSG00000087460",20,57450510
2,"rs113569716",20,57454007,"A","G",0.0128327,-0.232267,0.0520591,8.14e-06,14543,"GNAS","ENSG00000087460",20,57450510
6,"rs6123835",20,57446713,"G","T",0.348246,-0.0388051,0.00846422,4.55e-06,30725,"GNAS","ENSG00000087460",20,57450510
7,"rs7273251",20,57450415,"T","C",0.0262501,-0.231853,0.0253596,6.1e-20,30332,"GNAS","ENSG00000087460",20,57450510
