"V1","SNP","chr","pos","effect_allele.exposure","other_allele.exposure","eaf.exposure","beta.exposure","se.exposure","pval.exposure","samplesize.exposure","exposure","id.exposure","gene-chr","gene-pos"
4,"rs12089989",1,150715782,"A","G",0.41267,0.261232,0.00793484,1.06e-237,31681,"CTSS","ENSG00000163131",1,150720492
7,"rs35413284",1,150720623,"A","G",0.0801148,-0.0792719,0.0146545,6.32e-08,31562,"CTSS","ENSG00000163131",1,150720492
10,"rs72704612",1,150717843,"G","A",0.0768158,0.183539,0.0160293,2.35e-30,27310,"CTSS","ENSG00000163131",1,150720492
11,"rs75056606",1,150718602,"G","T",0.125827,-0.358827,0.0118072,7.31e-203,31683,"CTSS","ENSG00000163131",1,150720492
