"V1","SNP","chr","pos","effect_allele.exposure","other_allele.exposure","eaf.exposure","beta.exposure","se.exposure","pval.exposure","samplesize.exposure","exposure","id.exposure","gene-chr","gene-pos"
1,"rs11578530",1,3783498,"C","T",0.191575,-0.0800088,0.0110293,4.04e-13,26487,"DFFB","ENSG00000169598",1,3787919
2,"rs12035912",1,3783751,"T","C",0.369515,0.0632494,0.0106721,3.09e-09,18809,"DFFB","ENSG00000169598",1,3787919
8,"rs12757844",1,3792522,"C","T",0.12414,-0.0917672,0.0121643,4.56e-14,31021,"DFFB","ENSG00000169598",1,3787919
10,"rs140149208",1,3791570,"A","G",0.0187685,-0.268328,0.0508216,1.29e-07,10483,"DFFB","ENSG00000169598",1,3787919
27,"rs61768956",1,3783442,"G","A",0.0371914,-0.120555,0.024387,7.68e-07,23454,"DFFB","ENSG00000169598",1,3787919
