"V1","SNP","chr","pos","effect_allele.exposure","other_allele.exposure","eaf.exposure","beta.exposure","se.exposure","pval.exposure","samplesize.exposure","exposure","id.exposure","gene-chr","gene-pos"
2,"rs112944829",6,26210257,"C","G",0.0536404,-0.132659,0.0177403,7.56e-14,31240,"HIST1H4E","ENSG00000198518",6,26205562
10,"rs415297",6,26206868,"T","C",0.0200916,0.156294,0.032472,1.49e-06,24063,"HIST1H4E","ENSG00000198518",6,26205562
15,"rs73393463",6,26207454,"C","T",0.0183257,-0.144874,0.0307001,2.37e-06,29467,"HIST1H4E","ENSG00000198518",6,26205562
27,"rs806795",6,26205293,"A","G",0.540465,-0.147743,0.00792859,1.7e-77,31678,"HIST1H4E","ENSG00000198518",6,26205562
