"V1","SNP","chr","pos","effect_allele.exposure","other_allele.exposure","eaf.exposure","beta.exposure","se.exposure","pval.exposure","samplesize.exposure","exposure","id.exposure","gene-chr","gene-pos"
4,"rs331067",5,127792031,"A","G",0.111,-0.168343,0.012634,1.67e-40,31566,"FBN2","ENSG00000138829",5,127794239
6,"rs3792873",5,127790071,"G","A",0.0938916,1.06629,0.0122548,0,31563,"FBN2","ENSG00000138829",5,127794239
8,"rs62391610",5,127798666,"C","T",0.0154238,-0.183735,0.0395828,3.45e-06,20992,"FBN2","ENSG00000138829",5,127794239
9,"rs71587978",5,127793976,"G","T",0.0735728,-0.231178,0.0152069,3.42e-52,31491,"FBN2","ENSG00000138829",5,127794239
