"V1","SNP","chr","pos","effect_allele.exposure","other_allele.exposure","eaf.exposure","beta.exposure","se.exposure","pval.exposure","samplesize.exposure","exposure","id.exposure","gene-chr","gene-pos"
4,"rs115017759",6,26442828,"T","C",0.0247515,-0.238037,0.0285191,7.03e-17,25397,"BTN3A3","ENSG00000111801",6,26447171
9,"rs2281027",6,26446705,"G","A",0.0211053,-0.406242,0.0303669,8.15e-41,26065,"BTN3A3","ENSG00000111801",6,26447171
16,"rs72843734",6,26448344,"G","C",0.100737,0.0657495,0.0131937,6.25e-07,31684,"BTN3A3","ENSG00000111801",6,26447171
18,"rs7745767",6,26442336,"C","T",0.182228,-0.0689427,0.0107861,1.64e-10,28798,"BTN3A3","ENSG00000111801",6,26447171
