"V1","SNP","chr","pos","effect_allele.exposure","other_allele.exposure","eaf.exposure","beta.exposure","se.exposure","pval.exposure","samplesize.exposure","exposure","id.exposure","gene-chr","gene-pos"
7,"rs11103157",9,138640473,"C","G",0.150067,0.200836,0.0143678,2.12e-44,18795,"KCNT1","ENSG00000107147",9,138639511
14,"rs117005981",9,138641649,"T","C",0.0383039,-0.168278,0.0306707,4.1e-08,14398,"KCNT1","ENSG00000107147",9,138639511
15,"rs12004642",9,138643524,"G","C",0.267665,-0.0669958,0.0116397,8.62e-09,18794,"KCNT1","ENSG00000107147",9,138639511
