"V1","SNP","chr","pos","effect_allele.exposure","other_allele.exposure","eaf.exposure","beta.exposure","se.exposure","pval.exposure","samplesize.exposure","exposure","id.exposure","gene-chr","gene-pos"
2,"rs114017945",1,157656701,"C","T",0.0205952,-0.333673,0.0370122,1.97e-19,18013,"FCRL3","ENSG00000160856",1,157658459
7,"rs12565518",1,157662137,"C","T",0.0527776,0.476409,0.0178887,2.92e-156,30545,"FCRL3","ENSG00000160856",1,157658459
10,"rs141595975",1,157656601,"C","T",0.0146847,-0.357281,0.0461353,9.62e-15,16175,"FCRL3","ENSG00000160856",1,157658459
11,"rs147646343",1,157659156,"G","A",0.0250111,-0.351647,0.0671621,1.64e-07,4518,"FCRL3","ENSG00000160856",1,157658459
12,"rs1537947",1,157654663,"C","G",0.207817,0.384038,0.00969881,0,30719,"FCRL3","ENSG00000160856",1,157658459
14,"rs59306424",1,157654721,"T","G",0.249292,0.327204,0.00926253,2.39e-273,29893,"FCRL3","ENSG00000160856",1,157658459
