"V1","SNP","chr","pos","effect_allele.exposure","other_allele.exposure","eaf.exposure","beta.exposure","se.exposure","pval.exposure","samplesize.exposure","exposure","id.exposure","gene-chr","gene-pos"
3,"rs12404858",1,62167108,"C","G",0.243432,0.258465,0.00918985,4.85e-174,31355,"TM2D1","ENSG00000162604",1,62168907
4,"rs1286623",1,62172851,"A","T",0.0655834,-0.20151,0.0160912,5.59e-36,31354,"TM2D1","ENSG00000162604",1,62168907
7,"rs139883568",1,62168634,"T","C",0.150238,-0.109555,0.0112348,1.82e-22,30933,"TM2D1","ENSG00000162604",1,62168907
