"V1","SNP","chr","pos","effect_allele.exposure","other_allele.exposure","eaf.exposure","beta.exposure","se.exposure","pval.exposure","samplesize.exposure","exposure","id.exposure","gene-chr","gene-pos"
9,"rs149760054",1,168549362,"A","G",0.0176199,0.371385,0.0529129,2.24e-12,10268,"XCL1","ENSG00000143184",1,168548513
23,"rs4656158",1,168548875,"G","T",0.42046,-0.142333,0.00863124,4.3e-61,27271,"XCL1","ENSG00000143184",1,168548513
27,"rs6662401",1,168553057,"C","T",0.111165,-0.119481,0.0126627,3.89e-21,31470,"XCL1","ENSG00000143184",1,168548513
32,"rs74120954",1,168544307,"T","G",0.0967011,0.590847,0.0132344,0,30688,"XCL1","ENSG00000143184",1,168548513
