"V1","SNP","chr","pos","effect_allele.exposure","other_allele.exposure","eaf.exposure","beta.exposure","se.exposure","pval.exposure","samplesize.exposure","exposure","id.exposure","gene-chr","gene-pos"
2,"rs2074517",17,33324678,"C","T",0.0207727,0.205032,0.0324562,2.66e-10,23296,"LIG3","ENSG00000005156",17,33319798
4,"rs3135974",17,33315445,"A","G",0.108422,0.388045,0.0125896,1.31e-208,31684,"LIG3","ENSG00000005156",17,33319798
7,"rs3135989",17,33320143,"G","T",0.0619483,-0.31509,0.0164696,1.38e-81,31355,"LIG3","ENSG00000005156",17,33319798
9,"rs3135998",17,33322322,"A","G",0.373971,0.364249,0.00795099,0,31684,"LIG3","ENSG00000005156",17,33319798
