"V1","SNP","chr","pos","effect_allele.exposure","other_allele.exposure","eaf.exposure","beta.exposure","se.exposure","pval.exposure","samplesize.exposure","exposure","id.exposure","gene-chr","gene-pos"
4,"rs16892096",5,33994182,"C","T",0.0374549,-0.187714,0.0221968,2.75e-17,28076,"AMACR","ENSG00000242110",5,33997251
17,"rs3932207",5,33999901,"G","C",0.0306519,-0.145771,0.023249,3.61e-10,31093,"AMACR","ENSG00000242110",5,33997251
20,"rs42440",5,34001704,"C","A",0.127878,0.426107,0.0116732,1e-291,31569,"AMACR","ENSG00000242110",5,33997251
21,"rs4866402",5,34000214,"A","C",0.31265,-0.189309,0.0085042,8.9e-110,31675,"AMACR","ENSG00000242110",5,33997251
