"V1","SNP","chr","pos","effect_allele.exposure","other_allele.exposure","eaf.exposure","beta.exposure","se.exposure","pval.exposure","samplesize.exposure","exposure","id.exposure","gene-chr","gene-pos"
5,"rs10305298",17,38608365,"T","C",0.024098,0.26472,0.0280014,3.27e-21,27027,"IGFBP4","ENSG00000141753",17,38606842
8,"rs111953127",17,38611673,"C","T",0.0245706,0.242606,0.0264397,4.48e-20,29759,"IGFBP4","ENSG00000141753",17,38606842
11,"rs4890114",17,38603549,"G","A",0.428427,-0.0733027,0.00886583,1.36e-16,25907,"IGFBP4","ENSG00000141753",17,38606842
14,"rs7222709",17,38602807,"A","G",0.198384,-0.0513614,0.01022,5.02e-07,30077,"IGFBP4","ENSG00000141753",17,38606842
