"V1","SNP","chr","pos","effect_allele.exposure","other_allele.exposure","eaf.exposure","beta.exposure","se.exposure","pval.exposure","samplesize.exposure","exposure","id.exposure","gene-chr","gene-pos"
3,"rs11799792",1,158329277,"T","C",0.110664,0.0958744,0.0127185,4.77e-14,31351,"CD1E","ENSG00000158488",1,158325298
5,"rs11807851",1,158329094,"C","T",0.022715,0.315914,0.0286679,3.07e-28,27285,"CD1E","ENSG00000158488",1,158325298
13,"rs61734679",1,158325891,"C","T",0.0233109,-0.137964,0.0275409,5.46e-07,28927,"CD1E","ENSG00000158488",1,158325298
14,"rs61818738",1,158326898,"C","T",0.122646,-0.0590549,0.0121467,1.16e-06,31470,"CD1E","ENSG00000158488",1,158325298
22,"rs858566",1,158329313,"G","A",0.0538622,0.0979693,0.0198254,7.75e-07,24940,"CD1E","ENSG00000158488",1,158325298
