"V1","SNP","chr","pos","effect_allele.exposure","other_allele.exposure","eaf.exposure","beta.exposure","se.exposure","pval.exposure","samplesize.exposure","exposure","id.exposure","gene-chr","gene-pos"
2,"rs112931802",3,68326406,"A","G",0.0187854,0.182371,0.0317986,9.74e-09,26794,"FAM19A1","ENSG00000183662",3,68324067
3,"rs11710296",3,68321174,"A","G",0.378509,-0.0636753,0.0083823,3.04e-14,30192,"FAM19A1","ENSG00000183662",3,68324067
4,"rs13327113",3,68320034,"G","A",0.0728142,-0.0904861,0.0156827,7.94e-09,30077,"FAM19A1","ENSG00000183662",3,68324067
6,"rs72924569",3,68319812,"T","G",0.0541933,-0.139262,0.0178949,7.13e-15,30401,"FAM19A1","ENSG00000183662",3,68324067
