"V1","SNP","chr","pos","effect_allele.exposure","other_allele.exposure","eaf.exposure","beta.exposure","se.exposure","pval.exposure","samplesize.exposure","exposure","id.exposure","gene-chr","gene-pos"
10,"rs34351921",2,239095502,"C","T",0.0286721,0.130808,0.0261512,5.67e-07,26228,"ILKAP","ENSG00000132323",2,239095706
16,"rs35468889",2,239090959,"A","G",0.162163,0.132345,0.0107517,8.08e-35,31684,"ILKAP","ENSG00000132323",2,239095706
21,"rs68054903",2,239097959,"A","G",0.327895,-0.0830626,0.00853342,2.16e-22,31062,"ILKAP","ENSG00000132323",2,239095706
22,"rs78309763",2,239093472,"A","G",0.183426,-0.0566729,0.010278,3.51e-08,31568,"ILKAP","ENSG00000132323",2,239095706
