"V1","SNP","chr","pos","effect_allele.exposure","other_allele.exposure","eaf.exposure","beta.exposure","se.exposure","pval.exposure","samplesize.exposure","exposure","id.exposure","gene-chr","gene-pos"
6,"rs34517011",19,4703465,"T","C",0.0556113,0.252553,0.023563,8.36e-27,17033,"DPP9","ENSG00000142002",19,4699960
9,"rs60871803",19,4696772,"G","T",0.0281803,-0.117842,0.0260159,5.91e-06,26952,"DPP9","ENSG00000142002",19,4699960
10,"rs6510821",19,4701132,"T","C",0.0786968,-0.1165,0.0169405,6.11e-12,23983,"DPP9","ENSG00000142002",19,4699960
13,"rs7257678",19,4703666,"A","C",0.247778,0.208045,0.0111372,7.18e-78,21279,"DPP9","ENSG00000142002",19,4699960
