"V1","SNP","chr","pos","effect_allele.exposure","other_allele.exposure","eaf.exposure","beta.exposure","se.exposure","pval.exposure","samplesize.exposure","exposure","id.exposure","gene-chr","gene-pos"
2,"rs142128970",16,89978451,"C","T",0.0536128,-0.117638,0.0190674,6.85e-10,27066,"MC1R","ENSG00000258839",16,89982956
3,"rs1805005",16,89985844,"T","G",0.0900841,-0.141345,0.0152558,1.95e-20,26122,"MC1R","ENSG00000258839",16,89982956
4,"rs1805007",16,89986117,"T","C",0.0599149,-0.112178,0.0174006,1.14e-10,29276,"MC1R","ENSG00000258839",16,89982956
5,"rs1805008",16,89986144,"T","C",0.0843747,-0.161423,0.015543,2.88e-25,26681,"MC1R","ENSG00000258839",16,89982956
22,"rs60862594",16,89978338,"A","G",0.0919024,0.837777,0.0129627,0,31478,"MC1R","ENSG00000258839",16,89982956
28,"rs72813442",16,89979052,"T","C",0.332124,-0.194891,0.00836407,4.33e-120,31678,"MC1R","ENSG00000258839",16,89982956
30,"rs76337330",16,89985311,"G","A",0.0388589,0.434312,0.0372212,1.85e-31,9527,"MC1R","ENSG00000258839",16,89982956
33,"rs885479",16,89986154,"A","G",0.0699462,-0.155095,0.0156969,5.05e-23,31095,"MC1R","ENSG00000258839",16,89982956
