"V1","SNP","chr","pos","effect_allele.exposure","other_allele.exposure","eaf.exposure","beta.exposure","se.exposure","pval.exposure","samplesize.exposure","exposure","id.exposure","gene-chr","gene-pos"
3,"rs12904042",15,48538784,"C","A",0.240056,1.03609,0.0125122,0,10650,"SLC12A1","ENSG00000074803",15,48540068
4,"rs138046213",15,48538838,"T","C",0.0233223,-0.236499,0.0509148,3.4e-06,8446,"SLC12A1","ENSG00000074803",15,48540068
11,"rs34314050",15,48536203,"T","C",0.0237069,-0.316366,0.0636526,6.69e-07,5307,"SLC12A1","ENSG00000074803",15,48540068
16,"rs6493312",15,48542556,"A","C",0.052188,0.543913,0.026709,3.46e-92,13755,"SLC12A1","ENSG00000074803",15,48540068
