"V1","SNP","chr","pos","effect_allele.exposure","other_allele.exposure","eaf.exposure","beta.exposure","se.exposure","pval.exposure","samplesize.exposure","exposure","id.exposure","gene-chr","gene-pos"
3,"rs12497019",3,151044903,"T","C",0.310365,-0.0853543,0.00857299,2.37e-23,31684,"P2RY13","ENSG00000181631",3,151045718
8,"rs1491981",3,151040834,"G","A",0.1698,0.466605,0.0102694,0,31568,"P2RY13","ENSG00000181631",3,151045718
13,"rs6765215",3,151050610,"A","G",0.290866,-0.157975,0.00871912,2.29e-73,31558,"P2RY13","ENSG00000181631",3,151045718
15,"rs9867524",3,151050579,"G","A",0.162282,-0.12196,0.0107723,1.03e-29,31566,"P2RY13","ENSG00000181631",3,151045718
