"V1","SNP","chr","pos","effect_allele.exposure","other_allele.exposure","eaf.exposure","beta.exposure","se.exposure","pval.exposure","samplesize.exposure","exposure","id.exposure","gene-chr","gene-pos"
1,"rs111833483",6,111036134,"T","A",0.0404848,0.0990402,0.0207666,1.85e-06,29825,"CDK19","ENSG00000155111",6,111034171
7,"rs4610603",6,111035313,"C","T",0.277771,0.160212,0.00883969,2.05e-73,31568,"CDK19","ENSG00000155111",6,111034171
13,"rs76452796",6,111034375,"A","G",0.0481728,0.229256,0.0460538,6.42e-07,5117,"CDK19","ENSG00000155111",6,111034171
14,"rs78728361",6,111038771,"G","T",0.0357251,0.2697,0.0213885,1.87e-36,31569,"CDK19","ENSG00000155111",6,111034171
