"V1","SNP","chr","pos","effect_allele.exposure","other_allele.exposure","eaf.exposure","beta.exposure","se.exposure","pval.exposure","samplesize.exposure","exposure","id.exposure","gene-chr","gene-pos"
4,"rs111258758",1,203101727,"C","T",0.0215196,-0.210401,0.0314595,2.26e-11,23948,"ADORA1","ENSG00000163485",1,203098157
5,"rs12023876",1,203093201,"T","G",0.324053,0.506052,0.00804499,0,31312,"ADORA1","ENSG00000163485",1,203098157
6,"rs12123037",1,203102632,"A","G",0.236668,-0.184476,0.00932609,4.37e-87,31430,"ADORA1","ENSG00000163485",1,203098157
22,"rs75683960",1,203102206,"C","T",0.0425091,0.45826,0.0209458,4.17e-106,27522,"ADORA1","ENSG00000163485",1,203098157
