"V1","SNP","chr","pos","effect_allele.exposure","other_allele.exposure","eaf.exposure","beta.exposure","se.exposure","pval.exposure","samplesize.exposure","exposure","id.exposure","gene-chr","gene-pos"
47,"rs112525507",6,29913515,"T","C",0.0566358,-0.295542,0.0216391,1.81e-42,19799,"HLA-A","ENSG00000206503",6,29911349
106,"rs114157794",6,29909597,"G","T",0.0483271,-0.307226,0.0246772,1.4e-35,17697,"HLA-A","ENSG00000206503",6,29911349
381,"rs138912492",6,29906977,"T","C",0.0395553,0.411828,0.0278367,1.59e-49,16766,"HLA-A","ENSG00000206503",6,29911349
391,"rs140625882",6,29909353,"G","C",0.0233583,-0.422526,0.0350411,1.76e-33,17704,"HLA-A","ENSG00000206503",6,29911349
400,"rs142424553",6,29908106,"A","G",0.0357306,-0.644181,0.0260982,1.63e-134,20697,"HLA-A","ENSG00000206503",6,29911349
433,"rs147947139",6,29912938,"A","C",0.109436,-0.268931,0.0161623,3.61e-62,19363,"HLA-A","ENSG00000206503",6,29911349
