"V1","SNP","chr","pos","effect_allele.exposure","other_allele.exposure","eaf.exposure","beta.exposure","se.exposure","pval.exposure","samplesize.exposure","exposure","id.exposure","gene-chr","gene-pos"
4,"rs67791558",18,22050091,"G","T",0.291802,0.0463019,0.00885651,1.71e-07,30820,"HRH4","ENSG00000134489",18,22050257
6,"rs678431",18,22052165,"G","A",0.107232,-0.0729848,0.0130112,2.03e-08,30820,"HRH4","ENSG00000134489",18,22050257
7,"rs8088140",18,22049140,"A","C",0.255236,-0.0478444,0.00921893,2.11e-07,30921,"HRH4","ENSG00000134489",18,22050257
