"V1","SNP","chr","pos","effect_allele.exposure","other_allele.exposure","eaf.exposure","beta.exposure","se.exposure","pval.exposure","samplesize.exposure","exposure","id.exposure","gene-chr","gene-pos"
2,"rs1518111",1,206944645,"T","C",0.228367,-0.198846,0.00946127,4.6e-98,31256,"IL10","ENSG00000136634",1,206943393
10,"rs3021094",1,206944952,"G","T",0.0932391,-0.140092,0.0136481,1.02e-24,31644,"IL10","ENSG00000136634",1,206943393
13,"rs3024492",1,206944112,"A","T",0.249354,0.111827,0.00926612,1.55e-33,30966,"IL10","ENSG00000136634",1,206943393
