"V1","SNP","chr","pos","effect_allele.exposure","other_allele.exposure","eaf.exposure","beta.exposure","se.exposure","pval.exposure","samplesize.exposure","exposure","id.exposure","gene-chr","gene-pos"
6,"rs10912558",1,173161700,"T","G",0.195157,-0.389144,0.00983331,0,31355,"TNFSF4","ENSG00000117586",1,173164662
9,"rs11807842",1,173165083,"A","G",0.0416205,0.186007,0.0200728,1.92e-20,31026,"TNFSF4","ENSG00000117586",1,173164662
10,"rs1234313",1,173166247,"A","G",0.331223,0.109621,0.00844656,1.63e-38,31470,"TNFSF4","ENSG00000117586",1,173164662
16,"rs7518045",1,173163512,"G","A",0.0799917,0.221336,0.0146404,1.23e-51,31470,"TNFSF4","ENSG00000117586",1,173164662
