"V1","SNP","chr","pos","effect_allele.exposure","other_allele.exposure","eaf.exposure","beta.exposure","se.exposure","pval.exposure","samplesize.exposure","exposure","id.exposure","gene-chr","gene-pos"
2,"rs2071313",11,64572602,"A","G",0.403214,-0.0664301,0.00824092,7.57e-16,30531,"MEN1","ENSG00000133895",11,64574874
4,"rs61736636",11,64577147,"A","G",0.0396701,-0.178416,0.0227804,4.8e-15,25229,"MEN1","ENSG00000133895",11,64574874
6,"rs669976",11,64573589,"C","T",0.105432,0.214488,0.012947,1.22e-61,31352,"MEN1","ENSG00000133895",11,64574874
