"V1","SNP","chr","pos","effect_allele.exposure","other_allele.exposure","eaf.exposure","beta.exposure","se.exposure","pval.exposure","samplesize.exposure","exposure","id.exposure","gene-chr","gene-pos"
4,"rs11869299",17,72469172,"T","C",0.126166,0.110993,0.0134276,1.39e-16,25086,"CD300A","ENSG00000167851",17,72471744
14,"rs4788839",17,72475064,"C","T",0.412003,0.125307,0.00877353,2.82e-46,26609,"CD300A","ENSG00000167851",17,72471744
16,"rs61108724",17,72472491,"T","C",0.0270033,0.461835,0.0268278,2.06e-66,26145,"CD300A","ENSG00000167851",17,72471744
18,"rs62087214",17,72467626,"G","A",0.0381104,-0.841829,0.0228542,5.08e-297,24757,"CD300A","ENSG00000167851",17,72471744
