"V1","SNP","chr","pos","effect_allele.exposure","other_allele.exposure","eaf.exposure","beta.exposure","se.exposure","pval.exposure","samplesize.exposure","exposure","id.exposure","gene-chr","gene-pos"
1,"rs11677670",2,25510276,"T","C",0.175983,0.0479297,0.010504,5.04e-06,31231,"DNMT3A","ENSG00000119772",2,25510652
7,"rs6546060",2,25513316,"C","T",0.174352,0.0456759,0.0105986,1.64e-05,30902,"DNMT3A","ENSG00000119772",2,25510652
9,"rs72810068",2,25505793,"C","T",0.300214,-0.109575,0.00864678,8.41e-37,31671,"DNMT3A","ENSG00000119772",2,25510652
10,"rs75986901",2,25509164,"A","G",0.152747,0.0663845,0.0111751,2.84e-09,30902,"DNMT3A","ENSG00000119772",2,25510652
12,"rs78636096",2,25512891,"T","C",0.0844076,-0.0954909,0.0146239,6.59e-11,30209,"DNMT3A","ENSG00000119772",2,25510652
