"V1","SNP","chr","pos","effect_allele.exposure","other_allele.exposure","eaf.exposure","beta.exposure","se.exposure","pval.exposure","samplesize.exposure","exposure","id.exposure","gene-chr","gene-pos"
11,"rs114935785",2,11894060,"T","C",0.0242725,0.581533,0.0267212,5.2e-105,29094,"LPIN1","ENSG00000134324",2,11892628
13,"rs116192078",2,11896483,"C","A",0.0176797,0.429508,0.0316704,6.75e-42,28520,"LPIN1","ENSG00000134324",2,11892628
21,"rs4076055",2,11889385,"G","T",0.439814,-0.339549,0.00777255,0,31684,"LPIN1","ENSG00000134324",2,11892628
25,"rs62113310",2,11897612,"T","G",0.192601,0.317931,0.00993282,8.44e-225,31565,"LPIN1","ENSG00000134324",2,11892628
26,"rs72773985",2,11893516,"A","G",0.0369622,0.367699,0.0213404,1.58e-66,30547,"LPIN1","ENSG00000134324",2,11892628
