"V1","SNP","chr","pos","effect_allele.exposure","other_allele.exposure","eaf.exposure","beta.exposure","se.exposure","pval.exposure","samplesize.exposure","exposure","id.exposure","gene-chr","gene-pos"
11,"rs1294943",7,45216441,"C","T",0.365684,-0.0449625,0.00826547,5.33e-08,31521,"RAMP3","ENSG00000122679",7,45211645
26,"rs142747364",7,45213454,"T","C",0.0174952,0.187171,0.0357784,1.68e-07,22697,"RAMP3","ENSG00000122679",7,45211645
28,"rs3757577",7,45213469,"A","G",0.0821157,-0.0623164,0.0145504,1.85e-05,31315,"RAMP3","ENSG00000122679",7,45211645
41,"rs6956641",7,45210954,"T","C",0.204126,0.0610857,0.00987484,6.17e-10,31526,"RAMP3","ENSG00000122679",7,45211645
