"V1","SNP","chr","pos","effect_allele.exposure","other_allele.exposure","eaf.exposure","beta.exposure","se.exposure","pval.exposure","samplesize.exposure","exposure","id.exposure","gene-chr","gene-pos"
1,"rs10073925",5,178041912,"T","G",0.105011,0.242685,0.0144254,1.64e-63,25283,"CLK4","ENSG00000113240",5,178043640
2,"rs115981903",5,178041480,"C","T",0.0182563,0.212771,0.0345687,7.51e-10,23307,"CLK4","ENSG00000113240",5,178043640
4,"rs560842",5,178040919,"G","A",0.102952,0.0910215,0.0142859,1.87e-10,26488,"CLK4","ENSG00000113240",5,178043640
8,"rs7700943",5,178047217,"C","T",0.460915,-0.153105,0.00864539,3.55e-70,26609,"CLK4","ENSG00000113240",5,178043640
