"V1","SNP","chr","pos","effect_allele.exposure","other_allele.exposure","eaf.exposure","beta.exposure","se.exposure","pval.exposure","samplesize.exposure","exposure","id.exposure","gene-chr","gene-pos"
3,"rs2007363",20,23025295,"T","G",0.178004,-0.0626854,0.0103791,1.55e-09,31684,"THBD","ENSG00000178726",20,23028324
5,"rs2207109",20,23032885,"G","A",0.299204,-0.104215,0.00867143,2.85e-33,31567,"THBD","ENSG00000178726",20,23028324
7,"rs3176126",20,23026271,"A","G",0.020111,0.228161,0.0326027,2.59e-12,23821,"THBD","ENSG00000178726",20,23028324
8,"rs6082986",20,23023919,"G","A",0.366944,-0.0712239,0.00824866,5.89e-18,31560,"THBD","ENSG00000178726",20,23028324
