"V1","SNP","chr","pos","effect_allele.exposure","other_allele.exposure","eaf.exposure","beta.exposure","se.exposure","pval.exposure","samplesize.exposure","exposure","id.exposure","gene-chr","gene-pos"
2,"rs1010103",19,49461211,"T","G",0.108018,0.292429,0.0137336,1.32e-100,27061,"BAX","ENSG00000087088",19,49461563
5,"rs11668424",19,49457040,"A","G",0.368773,-0.247683,0.00824452,2.76e-198,30698,"BAX","ENSG00000087088",19,49461563
6,"rs11669162",19,49462970,"T","C",0.180459,0.1387,0.0109708,1.23e-36,27930,"BAX","ENSG00000087088",19,49461563
19,"rs4645900",19,49464363,"T","C",0.0304655,-0.244549,0.0293365,7.68e-17,19599,"BAX","ENSG00000087088",19,49461563
