"V1","SNP","chr","pos","effect_allele.exposure","other_allele.exposure","eaf.exposure","beta.exposure","se.exposure","pval.exposure","samplesize.exposure","exposure","id.exposure","gene-chr","gene-pos"
8,"rs140695433",19,8379569,"A","G",0.049433,0.169494,0.0235487,6.13e-13,19137,"NDUFA7","ENSG00000267855",19,8379885
11,"rs2972570",19,8381163,"C","T",0.373367,0.175721,0.00974,9.25e-73,22202,"NDUFA7","ENSG00000267855",19,8379885
12,"rs36262",19,8375072,"G","A",0.422439,0.0457131,0.0105306,1.42e-05,18463,"NDUFA7","ENSG00000267855",19,8379885
15,"rs561",19,8376431,"A","G",0.167355,-0.372254,0.0131767,1.38e-175,19868,"NDUFA7","ENSG00000267855",19,8379885
21,"rs8107330",19,8382454,"G","A",0.0446893,0.153886,0.0211474,3.42e-13,26136,"NDUFA7","ENSG00000267855",19,8379885
