"V1","SNP","chr","pos","effect_allele.exposure","other_allele.exposure","eaf.exposure","beta.exposure","se.exposure","pval.exposure","samplesize.exposure","exposure","id.exposure","gene-chr","gene-pos"
1,"rs10476004",5,171546121,"C","T",0.22483,-0.119491,0.00949181,2.43e-36,31684,"STK10","ENSG00000072786",5,171542233
9,"rs139793326",5,171546137,"A","G",0.0139957,-0.315132,0.0447047,1.8e-12,18079,"STK10","ENSG00000072786",5,171542233
29,"rs3111491",5,171542877,"C","A",0.115919,-0.259256,0.0123233,2.96e-98,31684,"STK10","ENSG00000072786",5,171542233
