"V1","SNP","chr","pos","effect_allele.exposure","other_allele.exposure","eaf.exposure","beta.exposure","se.exposure","pval.exposure","samplesize.exposure","exposure","id.exposure","gene-chr","gene-pos"
1,"rs10403561",19,33790502,"G","A",0.421965,-0.0774478,0.00935857,1.28e-16,23336,"CEBPA","ENSG00000245848",19,33792155
2,"rs41355649",19,33790556,"A","G",0.0466598,-0.175815,0.0198994,9.99e-19,28307,"CEBPA","ENSG00000245848",19,33792155
3,"rs80198159",19,33787659,"T","C",0.0382357,0.147791,0.0216049,7.89e-12,29084,"CEBPA","ENSG00000245848",19,33792155
