"V1","SNP","chr","pos","effect_allele.exposure","other_allele.exposure","eaf.exposure","beta.exposure","se.exposure","pval.exposure","samplesize.exposure","exposure","id.exposure","gene-chr","gene-pos"
9,"rs4385236",5,141513396,"G","A",0.376066,0.242641,0.00810157,4.43e-197,31569,"NDFIP1","ENSG00000131507",5,141511039
23,"rs6886432",5,141510022,"T","C",0.0757672,0.155737,0.0153593,3.69e-24,30165,"NDFIP1","ENSG00000131507",5,141511039
24,"rs6895253",5,141506945,"G","A",0.0669825,-0.0978827,0.0159102,7.64e-10,31567,"NDFIP1","ENSG00000131507",5,141511039
32,"rs79824688",5,141506354,"T","C",0.0383771,-0.146572,0.0213555,6.72e-12,29660,"NDFIP1","ENSG00000131507",5,141511039
