"V1","SNP","chr","pos","effect_allele.exposure","other_allele.exposure","eaf.exposure","beta.exposure","se.exposure","pval.exposure","samplesize.exposure","exposure","id.exposure","gene-chr","gene-pos"
2,"rs12118264",1,45883514,"T","C",0.107502,-0.228519,0.0135414,6.8e-64,28135,"TESK2","ENSG00000070759",1,45883213
5,"rs1826691",1,45881262,"A","G",0.222801,0.306039,0.00939032,5.54e-233,31684,"TESK2","ENSG00000070759",1,45883213
10,"rs76726152",1,45881890,"T","G",0.0224403,-0.180308,0.0297803,1.41e-09,25663,"TESK2","ENSG00000070759",1,45883213
12,"rs947112",1,45886891,"G","A",0.156098,0.0467926,0.010962,1.97e-05,31568,"TESK2","ENSG00000070759",1,45883213
