"V1","SNP","chr","pos","effect_allele.exposure","other_allele.exposure","eaf.exposure","beta.exposure","se.exposure","pval.exposure","samplesize.exposure","exposure","id.exposure","gene-chr","gene-pos"
2,"rs11203208",21,44135444,"G","A",0.127494,-0.220179,0.0118864,1.33e-76,31470,"PDE9A","ENSG00000160191",21,44134682
6,"rs11700688",21,44138115,"T","C",0.0249535,-0.182174,0.0291059,3.87e-10,24217,"PDE9A","ENSG00000160191",21,44134682
11,"rs34129365",21,44135049,"T","A",0.386814,0.448591,0.00790565,0,30509,"PDE9A","ENSG00000160191",21,44134682
20,"rs62215420",21,44134730,"C","G",0.133771,-0.399685,0.0116071,7.66e-260,30842,"PDE9A","ENSG00000160191",21,44134682
