"V1","SNP","chr","pos","effect_allele.exposure","other_allele.exposure","eaf.exposure","beta.exposure","se.exposure","pval.exposure","samplesize.exposure","exposure","id.exposure","gene-chr","gene-pos"
4,"rs3773966",3,190305049,"T","G",0.101158,-0.107773,0.0144078,7.42e-14,26434,"IL1RAP","ENSG00000196083",3,190303841
9,"rs6444435",3,190303805,"G","A",0.363167,-0.0969226,0.00899413,4.46e-27,26609,"IL1RAP","ENSG00000196083",3,190303841
11,"rs6797147",3,190300205,"T","A",0.321224,-0.11038,0.00927863,1.24e-32,26494,"IL1RAP","ENSG00000196083",3,190303841
15,"rs9863249",3,190302310,"T","C",0.0787885,0.377888,0.0160571,1.83e-122,26165,"IL1RAP","ENSG00000196083",3,190303841
