"V1","SNP","chr","pos","effect_allele.exposure","other_allele.exposure","eaf.exposure","beta.exposure","se.exposure","pval.exposure","samplesize.exposure","exposure","id.exposure","gene-chr","gene-pos"
10,"rs1254594",14,52788038,"C","G",0.157205,-0.318204,0.0108226,5.21e-190,31355,"PTGER2","ENSG00000125384",14,52788173
13,"rs1254597",14,52784369,"A","G",0.0412707,-0.313152,0.0583477,8.01e-08,3683,"PTGER2","ENSG00000125384",14,52788173
14,"rs143410174",14,52786583,"C","T",0.0219038,-0.246896,0.0319755,1.15e-14,22766,"PTGER2","ENSG00000125384",14,52788173
22,"rs75849791",14,52790949,"A","G",0.0531067,0.114835,0.0191124,1.87e-09,27184,"PTGER2","ENSG00000125384",14,52788173
