"V1","SNP","chr","pos","effect_allele.exposure","other_allele.exposure","eaf.exposure","beta.exposure","se.exposure","pval.exposure","samplesize.exposure","exposure","id.exposure","gene-chr","gene-pos"
7,"rs112778059",12,121656045,"T","C",0.145731,-0.177493,0.0112349,3.19e-56,31569,"P2RX4","ENSG00000135124",12,121659784
11,"rs145935941",12,121660508,"A","C",0.0160154,-0.480988,0.0392887,1.85e-34,20404,"P2RX4","ENSG00000135124",12,121659784
26,"rs3887080",12,121661966,"A","G",0.108607,0.209485,0.0127371,8.84e-61,31565,"P2RX4","ENSG00000135124",12,121659784
34,"rs7298368",12,121659684,"T","C",0.179546,0.555057,0.00986979,0,31681,"P2RX4","ENSG00000135124",12,121659784
