"V1","SNP","chr","pos","effect_allele.exposure","other_allele.exposure","eaf.exposure","beta.exposure","se.exposure","pval.exposure","samplesize.exposure","exposure","id.exposure","gene-chr","gene-pos"
2,"rs2069906",2,128176677,"A","G",0.0387572,-0.155458,0.0207416,6.63e-14,31140,"PROC","ENSG00000115718",2,128181412
12,"rs2069920",2,128179646,"C","T",0.408341,0.0856231,0.00809568,3.83e-26,31465,"PROC","ENSG00000115718",2,128181412
19,"rs2069938",2,128181399,"T","C",0.0325351,-0.111557,0.0246523,6.03e-06,26115,"PROC","ENSG00000115718",2,128181412
20,"rs2069939",2,128183145,"C","T",0.0531285,-0.144973,0.0183241,2.54e-15,29537,"PROC","ENSG00000115718",2,128181412
23,"rs971207",2,128181518,"T","C",0.318107,-0.175659,0.00850087,7.37e-95,31470,"PROC","ENSG00000115718",2,128181412
