"V1","SNP","chr","pos","effect_allele.exposure","other_allele.exposure","eaf.exposure","beta.exposure","se.exposure","pval.exposure","samplesize.exposure","exposure","id.exposure","gene-chr","gene-pos"
2,"rs113157496",3,42556952,"A","G",0.0123583,0.219617,0.0511786,1.78e-05,15623,"VIPR1","ENSG00000114812",3,42554925
6,"rs13086076",3,42559205,"T","C",0.04117,-0.289523,0.0212875,3.97e-42,27766,"VIPR1","ENSG00000114812",3,42554925
7,"rs150406383",3,42551757,"G","A",0.0200821,-0.550131,0.0300687,8.94e-75,27767,"VIPR1","ENSG00000114812",3,42554925
14,"rs73082667",3,42557064,"A","G",0.0213134,0.417816,0.0291563,1.42e-46,27992,"VIPR1","ENSG00000114812",3,42554925
15,"rs735773",3,42554791,"G","C",0.111289,0.189575,0.0126525,9.46e-51,31355,"VIPR1","ENSG00000114812",3,42554925
17,"rs7618710",3,42551640,"A","G",0.424762,-0.327856,0.00784916,0,31470,"VIPR1","ENSG00000114812",3,42554925
