"V1","SNP","chr","pos","effect_allele.exposure","other_allele.exposure","eaf.exposure","beta.exposure","se.exposure","pval.exposure","samplesize.exposure","exposure","id.exposure","gene-chr","gene-pos"
1,"rs10740332",10,71974874,"C","T",0.221346,-0.314881,0.0140188,9.9e-112,14257,"PPA1","ENSG00000180817",10,71978127
9,"rs10999194",10,71982066,"C","T",0.0251004,-0.21214,0.0423855,5.59e-07,11348,"PPA1","ENSG00000180817",10,71978127
16,"rs149773734",10,71982543,"G","C",0.0167639,-0.290839,0.0621425,2.87e-06,7833,"PPA1","ENSG00000180817",10,71978127
21,"rs7072230",10,71978144,"G","A",0.326225,0.673411,0.0113001,0,14263,"PPA1","ENSG00000180817",10,71978127
