"V1","SNP","chr","pos","effect_allele.exposure","other_allele.exposure","eaf.exposure","beta.exposure","se.exposure","pval.exposure","samplesize.exposure","exposure","id.exposure","gene-chr","gene-pos"
3,"rs12209734",6,38840014,"G","C",0.206545,0.0668777,0.00982397,9.92e-12,31568,"DNAH8","ENSG00000124721",6,38840709
16,"rs6458080",6,38843426,"T","C",0.430324,-0.148818,0.00797958,1.27e-77,31684,"DNAH8","ENSG00000124721",6,38840709
17,"rs71571354",6,38842276,"T","G",0.102552,-0.103641,0.0131052,2.61e-15,31569,"DNAH8","ENSG00000124721",6,38840709
24,"rs862427",6,38843970,"A","C",0.137923,0.0567849,0.0115164,8.19e-07,31684,"DNAH8","ENSG00000124721",6,38840709
