"V1","SNP","chr","pos","effect_allele.exposure","other_allele.exposure","eaf.exposure","beta.exposure","se.exposure","pval.exposure","samplesize.exposure","exposure","id.exposure","gene-chr","gene-pos"
3,"rs17788127",20,49166548,"T","G",0.0680746,-0.44078,0.0156048,1.58e-175,31568,"PTPN1","ENSG00000196396",20,49164095
4,"rs4343530",20,49164026,"A","G",0.111273,0.0987386,0.0126445,5.77e-15,31564,"PTPN1","ENSG00000196396",20,49164095
5,"rs4496379",20,49159944,"A","T",0.515741,0.0820041,0.00795029,6.05e-25,31567,"PTPN1","ENSG00000196396",20,49164095
