"V1","SNP","chr","pos","effect_allele.exposure","other_allele.exposure","eaf.exposure","beta.exposure","se.exposure","pval.exposure","samplesize.exposure","exposure","id.exposure","gene-chr","gene-pos"
7,"rs181497881",19,10293753,"T","G",0.0824544,-0.15275,0.0167173,6.41e-20,23564,"DNMT1","ENSG00000130816",19,10292991
10,"rs4804126",19,10290683,"A","G",0.487994,0.168341,0.00869999,2.05e-83,26065,"DNMT1","ENSG00000130816",19,10292991
12,"rs56273315",19,10288761,"T","C",0.057342,-0.166114,0.0183763,1.57e-19,27310,"DNMT1","ENSG00000130816",19,10292991
14,"rs66623974",19,10293024,"G","C",0.073993,0.291825,0.0151161,4.82e-83,31564,"DNMT1","ENSG00000130816",19,10292991
17,"rs73013067",19,10295696,"A","T",0.0940857,-0.096688,0.0147404,5.4e-11,26954,"DNMT1","ENSG00000130816",19,10292991
