"V1","SNP","chr","pos","effect_allele.exposure","other_allele.exposure","eaf.exposure","beta.exposure","se.exposure","pval.exposure","samplesize.exposure","exposure","id.exposure","gene-chr","gene-pos"
5,"rs12713260",2,54786491,"T","C",0.242272,0.358614,0.00906672,0,31568,"SPTBN1","ENSG00000115306",2,54790117
6,"rs12713261",2,54787340,"C","T",0.345095,-0.113371,0.00837664,9.82e-42,31346,"SPTBN1","ENSG00000115306",2,54790117
11,"rs189602129",2,54790804,"A","G",0.039958,-0.298462,0.0203559,1.13e-48,31240,"SPTBN1","ENSG00000115306",2,54790117
18,"rs6545431",2,54788315,"G","T",0.0188414,0.170526,0.033592,3.85e-07,23943,"SPTBN1","ENSG00000115306",2,54790117
24,"rs9677089",2,54794927,"C","A",0.243988,-0.217614,0.00918598,4.59e-124,31562,"SPTBN1","ENSG00000115306",2,54790117
