"V1","SNP","chr","pos","effect_allele.exposure","other_allele.exposure","eaf.exposure","beta.exposure","se.exposure","pval.exposure","samplesize.exposure","exposure","id.exposure","gene-chr","gene-pos"
9,"rs12915503",15,86106558,"C","T",0.278784,-0.182059,0.00939087,9.98e-84,27822,"AKAP13","ENSG00000170776",15,86108194
11,"rs146705253",15,86104437,"T","C",0.0338659,-0.133008,0.0221047,1.77e-09,31237,"AKAP13","ENSG00000170776",15,86108194
17,"rs17632140",15,86106641,"G","C",0.0355477,-0.150992,0.0215906,2.68e-12,31237,"AKAP13","ENSG00000170776",15,86108194
24,"rs57948357",15,86105123,"C","A",0.0668383,0.304296,0.0158143,1.65e-82,31684,"AKAP13","ENSG00000170776",15,86108194
26,"rs6496094",15,86105177,"T","C",0.309589,0.157327,0.00856304,2.17e-75,31565,"AKAP13","ENSG00000170776",15,86108194
35,"rs8034125",15,86109582,"G","A",0.27051,-0.134067,0.0089107,3.69e-51,31684,"AKAP13","ENSG00000170776",15,86108194
