"V1","SNP","chr","pos","effect_allele.exposure","other_allele.exposure","eaf.exposure","beta.exposure","se.exposure","pval.exposure","samplesize.exposure","exposure","id.exposure","gene-chr","gene-pos"
2,"rs142999316",1,19994537,"T","C",0.013666,-0.268339,0.0512195,1.61e-07,14112,"HTR6","ENSG00000158748",1,19998917
6,"rs35289324",1,20002682,"A","G",0.093894,-0.181279,0.013752,1.11e-39,30902,"HTR6","ENSG00000158748",1,19998917
10,"rs3790757",1,19997908,"T","C",0.0367266,-0.164618,0.0217674,3.95e-14,29771,"HTR6","ENSG00000158748",1,19998917
17,"rs6684942",1,19999001,"G","C",0.363666,-0.256981,0.00814606,2e-218,31565,"HTR6","ENSG00000158748",1,19998917
19,"rs71645460",1,20002246,"A","G",0.030281,0.116181,0.0250714,3.59e-06,27069,"HTR6","ENSG00000158748",1,19998917
