"V1","SNP","chr","pos","effect_allele.exposure","other_allele.exposure","eaf.exposure","beta.exposure","se.exposure","pval.exposure","samplesize.exposure","exposure","id.exposure","gene-chr","gene-pos"
1,"rs113305867",6,74115904,"A","G",0.0975918,-0.143797,0.0133862,6.45e-27,31568,"DDX43","ENSG00000080007",6,74115881
3,"rs12191034",6,74114626,"G","A",0.027416,0.270065,0.0250037,3.4e-27,29878,"DDX43","ENSG00000080007",6,74115881
8,"rs62440594",6,74118534,"T","C",0.0296698,-0.213975,0.0254,3.63e-17,26848,"DDX43","ENSG00000080007",6,74115881
10,"rs6928023",6,74118570,"C","T",0.450381,-0.178262,0.00793601,9.68e-112,31567,"DDX43","ENSG00000080007",6,74115881
