"V1","SNP","chr","pos","effect_allele.exposure","other_allele.exposure","eaf.exposure","beta.exposure","se.exposure","pval.exposure","samplesize.exposure","exposure","id.exposure","gene-chr","gene-pos"
2,"rs112403172",21,46329861,"T","C",0.0162763,0.306678,0.055435,3.16e-08,10132,"ITGB2","ENSG00000160255",21,46328886
3,"rs116941926",21,46328543,"A","G",0.0152151,0.187743,0.0437038,1.74e-05,17454,"ITGB2","ENSG00000160255",21,46328886
5,"rs145463127",21,46331472,"T","C",0.0108992,-0.647184,0.0889478,3.44e-13,5809,"ITGB2","ENSG00000160255",21,46328886
6,"rs2011655",21,46328488,"G","C",0.398162,0.385736,0.00901207,0,23859,"ITGB2","ENSG00000160255",21,46328886
8,"rs2280965",21,46330628,"T","C",0.100328,0.175743,0.014895,3.96e-32,24829,"ITGB2","ENSG00000160255",21,46328886
10,"rs28461884",21,46333069,"G","A",0.336066,-0.168676,0.0109163,7.34e-54,18566,"ITGB2","ENSG00000160255",21,46328886
13,"rs34580582",21,46330183,"C","T",0.0397486,0.173122,0.0224268,1.17e-14,25987,"ITGB2","ENSG00000160255",21,46328886
31,"rs760462",21,46328099,"T","C",0.157966,-0.74679,0.0110222,0,26351,"ITGB2","ENSG00000160255",21,46328886
32,"rs760463",21,46325998,"C","G",0.180116,0.133862,0.0117851,6.72e-30,24249,"ITGB2","ENSG00000160255",21,46328886
34,"rs80269739",21,46327201,"A","G",0.0901762,0.149456,0.015639,1.22e-21,24827,"ITGB2","ENSG00000160255",21,46328886
