"V1","SNP","chr","pos","effect_allele.exposure","other_allele.exposure","eaf.exposure","beta.exposure","se.exposure","pval.exposure","samplesize.exposure","exposure","id.exposure","gene-chr","gene-pos"
3,"rs112610717",4,120483115,"A","G",0.0363446,0.130084,0.0235182,3.18e-08,25781,"PDE5A","ENSG00000138735",4,120482848
9,"rs28735358",4,120482049,"C","T",0.28652,-0.0877034,0.00959325,6.12e-20,26492,"PDE5A","ENSG00000138735",4,120482848
11,"rs3775856",4,120483161,"T","C",0.172666,-0.102857,0.0115169,4.22e-19,26308,"PDE5A","ENSG00000138735",4,120482848
