"V1","SNP","chr","pos","effect_allele.exposure","other_allele.exposure","eaf.exposure","beta.exposure","se.exposure","pval.exposure","samplesize.exposure","exposure","id.exposure","gene-chr","gene-pos"
1,"rs10753910",1,202125899,"A","G",0.304537,-0.116338,0.0101085,1.19e-30,22971,"PTPN7","ENSG00000143851",1,202123428
4,"rs11590076",1,202122783,"A","C",0.288988,0.13253,0.010035,8.02e-40,23991,"PTPN7","ENSG00000143851",1,202123428
5,"rs12090875",1,202119734,"T","C",0.226497,-0.0480731,0.0102031,2.46e-06,27391,"PTPN7","ENSG00000143851",1,202123428
6,"rs144603069",1,202122728,"C","T",0.0152841,-0.197561,0.0405735,1.12e-06,20156,"PTPN7","ENSG00000143851",1,202123428
