"V1","SNP","chr","pos","effect_allele.exposure","other_allele.exposure","eaf.exposure","beta.exposure","se.exposure","pval.exposure","samplesize.exposure","exposure","id.exposure","gene-chr","gene-pos"
1,"rs12106975",3,195613020,"G","C",0.0219535,-0.153274,0.0337816,5.7e-06,20384,"TNK2","ENSG00000061938",3,195614525
3,"rs4927788",3,195611240,"A","G",0.231986,0.0602438,0.0104174,7.34e-09,25827,"TNK2","ENSG00000061938",3,195614525
4,"rs75541004",3,195614618,"T","G",0.0327081,0.183867,0.027263,1.54e-11,21218,"TNK2","ENSG00000061938",3,195614525
