"V1","SNP","chr","pos","effect_allele.exposure","other_allele.exposure","eaf.exposure","beta.exposure","se.exposure","pval.exposure","samplesize.exposure","exposure","id.exposure","gene-chr","gene-pos"
1,"rs12132911",1,104113158,"T","C",0.189992,0.25803,0.0106698,3.34e-129,27954,"AMY2B","ENSG00000240038",1,104109296
2,"rs17014910",1,104104990,"G","C",0.203703,-0.291075,0.010356,8e-174,27952,"AMY2B","ENSG00000240038",1,104109296
3,"rs17014913",1,104105635,"G","A",0.164273,0.0598771,0.0117066,3.14e-07,26550,"AMY2B","ENSG00000240038",1,104109296
4,"rs75516768",1,104112945,"A","G",0.0374432,-0.125865,0.0236863,1.07e-07,24698,"AMY2B","ENSG00000240038",1,104109296
