"V1","SNP","chr","pos","effect_allele.exposure","other_allele.exposure","eaf.exposure","beta.exposure","se.exposure","pval.exposure","samplesize.exposure","exposure","id.exposure","gene-chr","gene-pos"
2,"rs12634476",3,119678825,"A","G",0.204477,0.236422,0.00977766,3.63e-129,31567,"GSK3B","ENSG00000082701",3,119676717
3,"rs1381841",3,119678802,"G","A",0.101521,-0.0971297,0.0131669,1.62e-13,31562,"GSK3B","ENSG00000082701",3,119676717
4,"rs17810235",3,119675051,"T","C",0.325792,-0.101002,0.00845712,7.08e-33,31684,"GSK3B","ENSG00000082701",3,119676717
7,"rs77830433",3,119680558,"C","T",0.0839058,0.15521,0.014328,2.41e-27,31569,"GSK3B","ENSG00000082701",3,119676717
