"V1","SNP","chr","pos","effect_allele.exposure","other_allele.exposure","eaf.exposure","beta.exposure","se.exposure","pval.exposure","samplesize.exposure","exposure","id.exposure","gene-chr","gene-pos"
4,"rs138417092",16,31095999,"A","G",0.0210348,-0.379645,0.0385575,7.12e-23,16235,"PRSS53","ENSG00000151006",16,31097847
5,"rs145813685",16,31101252,"C","T",0.0115756,0.275735,0.0558734,8.02e-07,13975,"PRSS53","ENSG00000151006",16,31097847
6,"rs17839568",16,31099783,"C","T",0.411036,-0.155632,0.00806837,6.62e-83,31355,"PRSS53","ENSG00000151006",16,31097847
8,"rs45599534",16,31094861,"A","G",0.218804,0.20568,0.00958872,4.55e-102,31355,"PRSS53","ENSG00000151006",16,31097847
