"V1","SNP","chr","pos","effect_allele.exposure","other_allele.exposure","eaf.exposure","beta.exposure","se.exposure","pval.exposure","samplesize.exposure","exposure","id.exposure","gene-chr","gene-pos"
17,"rs12764115",10,81722970,"C","A",0.0416616,-0.450663,0.0224488,1.22e-89,24447,"SFTPD","ENSG00000133661",10,81719933
18,"rs144420336",10,81716293,"A","G",0.070459,0.290592,0.0174647,3.65e-62,24752,"SFTPD","ENSG00000133661",10,81719933
22,"rs181522495",10,81716836,"G","A",0.0675821,0.134677,0.0177637,3.41e-14,25088,"SFTPD","ENSG00000133661",10,81719933
28,"rs2181203",10,81716105,"A","G",0.0389397,0.325527,0.0227644,2.19e-46,25578,"SFTPD","ENSG00000133661",10,81719933
30,"rs2265959",10,81723918,"C","T",0.396818,0.280863,0.00871062,4.3e-228,26492,"SFTPD","ENSG00000133661",10,81719933
