"V1","SNP","chr","pos","effect_allele.exposure","other_allele.exposure","eaf.exposure","beta.exposure","se.exposure","pval.exposure","samplesize.exposure","exposure","id.exposure","gene-chr","gene-pos"
1,"rs10985549",9,124911894,"T","C",0.406064,0.0966241,0.00888285,1.47e-27,26156,"NDUFA8","ENSG00000119421",9,124908421
13,"rs61249479",9,124912908,"A","C",0.110219,0.0827868,0.0139339,2.83e-09,26225,"NDUFA8","ENSG00000119421",9,124908421
20,"rs77945901",9,124908349,"T","C",0.0626014,0.345589,0.0178075,6.73e-84,26493,"NDUFA8","ENSG00000119421",9,124908421
