"V1","SNP","chr","pos","effect_allele.exposure","other_allele.exposure","eaf.exposure","beta.exposure","se.exposure","pval.exposure","samplesize.exposure","exposure","id.exposure","gene-chr","gene-pos"
3,"rs114436902",5,149463676,"A","G",0.0691925,-0.128847,0.0162366,2.09e-15,29384,"CSF1R","ENSG00000182578",5,149462894
4,"rs114792",5,149460953,"C","T",0.423994,0.113728,0.00811382,1.23e-44,30902,"CSF1R","ENSG00000182578",5,149462894
6,"rs13172556",5,149464022,"G","A",0.0204233,-0.162345,0.0348366,3.16e-06,20572,"CSF1R","ENSG00000182578",5,149462894
8,"rs140123636",5,149467552,"C","G",0.0329485,0.152534,0.022652,1.65e-11,30539,"CSF1R","ENSG00000182578",5,149462894
10,"rs149360747",5,149461227,"A","C",0.0160911,0.234395,0.0545207,1.71e-05,10606,"CSF1R","ENSG00000182578",5,149462894
16,"rs2237085",5,149465249,"A","G",0.207705,-0.111813,0.00982347,5.13e-30,31355,"CSF1R","ENSG00000182578",5,149462894
28,"rs6874087",5,149467663,"A","G",0.290184,0.27127,0.00861928,2.07e-217,31684,"CSF1R","ENSG00000182578",5,149462894
29,"rs78837117",5,149467108,"G","A",0.0608366,-0.204427,0.0166109,8.33e-35,31564,"CSF1R","ENSG00000182578",5,149462894
