"V1","SNP","chr","pos","effect_allele.exposure","other_allele.exposure","eaf.exposure","beta.exposure","se.exposure","pval.exposure","samplesize.exposure","exposure","id.exposure","gene-chr","gene-pos"
8,"rs185933096",12,439249,"A","G",0.0659831,-0.0964878,0.0193619,6.25e-07,21615,"KDM5A","ENSG00000073614",12,443957
10,"rs2300130",12,439630,"C","T",0.0225503,-0.255992,0.029863,1.02e-17,25363,"KDM5A","ENSG00000073614",12,443957
14,"rs4980885",12,442620,"T","C",0.267635,-0.332159,0.0087822,0,31644,"KDM5A","ENSG00000073614",12,443957
19,"rs74394008",12,448866,"A","G",0.0184417,0.294708,0.032659,1.82e-19,25816,"KDM5A","ENSG00000073614",12,443957
