"V1","SNP","chr","pos","effect_allele.exposure","other_allele.exposure","eaf.exposure","beta.exposure","se.exposure","pval.exposure","samplesize.exposure","exposure","id.exposure","gene-chr","gene-pos"
4,"rs230505",4,103481351,"G","T",0.395949,0.16567,0.00818269,3.82e-91,30813,"NFKB1","ENSG00000109320",4,103480472
5,"rs230506",4,103480450,"G","A",0.0715106,-0.0738366,0.0161866,5.08e-06,28721,"NFKB1","ENSG00000109320",4,103480472
10,"rs28566809",4,103478941,"A","G",0.0502657,0.265738,0.0184725,6.37e-47,30487,"NFKB1","ENSG00000109320",4,103480472
13,"rs7340881",4,103476566,"T","C",0.158092,-0.141683,0.0110107,6.83e-38,30820,"NFKB1","ENSG00000109320",4,103480472
