"V1","SNP","chr","pos","effect_allele.exposure","other_allele.exposure","eaf.exposure","beta.exposure","se.exposure","pval.exposure","samplesize.exposure","exposure","id.exposure","gene-chr","gene-pos"
1,"rs112671186",19,12787701,"A","G",0.0269542,-0.148703,0.0273372,5.34e-08,25480,"DHPS","ENSG00000095059",19,12789623
2,"rs117917486",19,12790936,"A","G",0.0320808,0.218558,0.0450933,1.25e-06,7896,"DHPS","ENSG00000095059",19,12789623
3,"rs34635891",19,12788969,"T","C",0.0953297,0.0639727,0.0142688,7.35e-06,28457,"DHPS","ENSG00000095059",19,12789623
4,"rs78611481",19,12791435,"T","C",0.334287,-0.0855204,0.00981594,2.98e-18,23242,"DHPS","ENSG00000095059",19,12789623
