"V1","SNP","chr","pos","effect_allele.exposure","other_allele.exposure","eaf.exposure","beta.exposure","se.exposure","pval.exposure","samplesize.exposure","exposure","id.exposure","gene-chr","gene-pos"
10,"rs34115518",1,1150448,"C","T",0.0862497,-0.368172,0.0161592,6.61e-115,23777,"TNFRSF4","ENSG00000186827",1,1148112
24,"rs74355107",1,1152601,"G","A",0.0305384,0.176564,0.0298199,3.2e-09,18958,"TNFRSF4","ENSG00000186827",1,1148112
27,"rs76798288",1,1152080,"C","G",0.023094,-0.206132,0.033852,1.13e-09,19302,"TNFRSF4","ENSG00000186827",1,1148112
30,"rs78113662",1,1151542,"A","G",0.0422373,-0.177969,0.0306631,6.48e-09,13112,"TNFRSF4","ENSG00000186827",1,1148112
