"V1","SNP","chr","pos","effect_allele.exposure","other_allele.exposure","eaf.exposure","beta.exposure","se.exposure","pval.exposure","samplesize.exposure","exposure","id.exposure","gene-chr","gene-pos"
12,"rs711575",3,3865370,"A","G",0.325071,-0.214753,0.00846273,4.6e-142,31177,"LRRN1","ENSG00000175928",3,3865254
14,"rs76482492",3,3861311,"T","C",0.0246395,0.163824,0.029943,4.47e-08,23176,"LRRN1","ENSG00000175928",3,3865254
15,"rs79385065",3,3864918,"C","A",0.0239023,-0.146859,0.0282139,1.94e-07,26893,"LRRN1","ENSG00000175928",3,3865254
18,"rs9842412",3,3861210,"T","C",0.0694549,-0.162856,0.0156277,1.99e-25,31567,"LRRN1","ENSG00000175928",3,3865254
