"V1","SNP","chr","pos","effect_allele.exposure","other_allele.exposure","eaf.exposure","beta.exposure","se.exposure","pval.exposure","samplesize.exposure","exposure","id.exposure","gene-chr","gene-pos"
6,"rs145666240",6,109697083,"C","T",0.0146714,-0.261962,0.0480876,5.11e-08,14927,"CD164","ENSG00000135535",6,109695739
8,"rs2275649",6,109691328,"C","T",0.0662414,0.135515,0.017448,8.05e-15,26494,"CD164","ENSG00000135535",6,109695739
15,"rs9372213",6,109692188,"T","C",0.452084,0.0916821,0.00869173,5.18e-26,26609,"CD164","ENSG00000135535",6,109695739
16,"rs9480942",6,109698306,"T","C",0.311573,-0.138472,0.00940143,4.21e-49,26156,"CD164","ENSG00000135535",6,109695739
