"V1","SNP","chr","pos","effect_allele.exposure","other_allele.exposure","eaf.exposure","beta.exposure","se.exposure","pval.exposure","samplesize.exposure","exposure","id.exposure","gene-chr","gene-pos"
1,"rs143329665",19,54753827,"C","G",0.0774258,0.132892,0.016547,9.65e-16,25501,"LILRB5","ENSG00000105609",19,54757715
3,"rs2361796",19,54754385,"G","T",0.275647,0.0503434,0.0114961,1.19e-05,18930,"LILRB5","ENSG00000105609",19,54757715
8,"rs393600",19,54759102,"G","A",0.262969,-0.0745974,0.00971371,1.6e-14,27281,"LILRB5","ENSG00000105609",19,54757715
14,"rs72087",19,54756142,"C","T",0.32727,0.0615925,0.00977255,2.93e-10,23740,"LILRB5","ENSG00000105609",19,54757715
