"V1","SNP","chr","pos","effect_allele.exposure","other_allele.exposure","eaf.exposure","beta.exposure","se.exposure","pval.exposure","samplesize.exposure","exposure","id.exposure","gene-chr","gene-pos"
5,"rs2176270",3,136621188,"T","C",0.205877,-0.120182,0.00985263,3.19e-34,31355,"NCK1","ENSG00000158092",3,136624857
6,"rs35127615",3,136625269,"A","G",0.18298,0.0535993,0.0103242,2.08e-07,31353,"NCK1","ENSG00000158092",3,136624857
17,"rs9840500",3,136621338,"G","A",0.236647,0.0411148,0.00939294,1.2e-05,31354,"NCK1","ENSG00000158092",3,136624857
