"V1","SNP","chr","pos","effect_allele.exposure","other_allele.exposure","eaf.exposure","beta.exposure","se.exposure","pval.exposure","samplesize.exposure","exposure","id.exposure","gene-chr","gene-pos"
2,"rs1108511",17,17726469,"T","C",0.057468,-0.177483,0.017071,2.56e-25,31568,"SREBF1","ENSG00000072310",17,17727019
3,"rs11656665",17,17724789,"G","A",0.402112,-0.323713,0.00811064,0,30022,"SREBF1","ENSG00000072310",17,17727019
5,"rs117599491",17,17731981,"A","G",0.0331135,0.190565,0.0240631,2.39e-15,26909,"SREBF1","ENSG00000072310",17,17727019
11,"rs62064118",17,17727285,"G","A",0.0210921,-0.279949,0.0309479,1.49e-19,25201,"SREBF1","ENSG00000072310",17,17727019
