"V1","SNP","chr","pos","effect_allele.exposure","other_allele.exposure","eaf.exposure","beta.exposure","se.exposure","pval.exposure","samplesize.exposure","exposure","id.exposure","gene-chr","gene-pos"
3,"rs111451231",1,11245909,"T","C",0.0296118,-0.149152,0.0237496,3.38e-10,30808,"MTOR","ENSG00000198793",1,11244578
12,"rs137896651",1,11240589,"T","C",0.0130288,0.402184,0.068153,3.61e-09,8337,"MTOR","ENSG00000198793",1,11244578
13,"rs4845853",1,11243470,"A","G",0.272888,0.196268,0.00890386,1.12e-107,31300,"MTOR","ENSG00000198793",1,11244578
14,"rs4845980",1,11243138,"C","T",0.0458602,-0.131107,0.0238968,4.1e-08,19979,"MTOR","ENSG00000198793",1,11244578
