"V1","SNP","chr","pos","effect_allele.exposure","other_allele.exposure","eaf.exposure","beta.exposure","se.exposure","pval.exposure","samplesize.exposure","exposure","id.exposure","gene-chr","gene-pos"
3,"rs145573878",10,124249185,"T","C",0.0204405,-0.419918,0.0334954,4.71e-36,22100,"HTRA1","ENSG00000166033",10,124247732
4,"rs148751932",10,124249876,"T","C",0.0176788,-0.20102,0.0370626,5.83e-08,20929,"HTRA1","ENSG00000166033",10,124247732
15,"rs2300431",10,124242817,"A","G",0.270792,-0.0815459,0.00892792,6.61e-20,31684,"HTRA1","ENSG00000166033",10,124247732
20,"rs72834478",10,124251090,"G","A",0.127881,-0.0736569,0.0119721,7.63e-10,31240,"HTRA1","ENSG00000166033",10,124247732
