"V1","SNP","chr","pos","effect_allele.exposure","other_allele.exposure","eaf.exposure","beta.exposure","se.exposure","pval.exposure","samplesize.exposure","exposure","id.exposure","gene-chr","gene-pos"
1,"rs111335260",8,145548143,"C","T",0.0305892,0.729269,0.055729,3.96e-39,5258,"DGAT1","ENSG00000185000",8,145545263
9,"rs55962377",8,145541766,"T","G",0.0749811,0.571297,0.033637,1.08e-64,6083,"DGAT1","ENSG00000185000",8,145545263
13,"rs6988119",8,145547716,"A","G",0.111583,-0.372778,0.0231146,1.64e-58,9180,"DGAT1","ENSG00000185000",8,145545263
14,"rs75546267",8,145548785,"G","T",0.041401,0.546135,0.0516723,4.14e-26,4607,"DGAT1","ENSG00000185000",8,145545263
15,"rs7816394",8,145548991,"C","T",0.514407,0.331932,0.0143481,2.1e-118,9188,"DGAT1","ENSG00000185000",8,145545263
