"V1","SNP","chr","pos","effect_allele.exposure","other_allele.exposure","eaf.exposure","beta.exposure","se.exposure","pval.exposure","samplesize.exposure","exposure","id.exposure","gene-chr","gene-pos"
7,"rs36009424",19,10609319,"C","T",0.0158192,0.169703,0.0397784,1.99e-05,20278,"KEAP1","ENSG00000079999",19,10605606
9,"rs75688257",19,10606588,"C","T",0.162531,-0.0675413,0.0107997,4e-10,31456,"KEAP1","ENSG00000079999",19,10605606
12,"rs79342923",19,10605636,"T","G",0.08777,0.103758,0.0141029,1.88e-13,31345,"KEAP1","ENSG00000079999",19,10605606
