"V1","SNP","chr","pos","effect_allele.exposure","other_allele.exposure","eaf.exposure","beta.exposure","se.exposure","pval.exposure","samplesize.exposure","exposure","id.exposure","gene-chr","gene-pos"
1,"rs1150754",6,32050758,"T","C",0.13399,-0.125803,0.0273866,4.36e-06,5724,"TNXB","ENSG00000168477",6,32046021
3,"rs17207951",6,32050653,"T","C",0.335659,0.425541,0.018976,2.23e-111,5724,"TNXB","ENSG00000168477",6,32046021
5,"rs204877",6,32047436,"G","C",0.108313,-0.318213,0.029778,1.18e-26,5724,"TNXB","ENSG00000168477",6,32046021
6,"rs204878",6,32045226,"A","T",0.0305739,-0.245892,0.0567722,1.48e-05,5215,"TNXB","ENSG00000168477",6,32046021
8,"rs3130287",6,32050544,"C","T",0.135464,-0.282081,0.0270571,1.9e-25,5723,"TNXB","ENSG00000168477",6,32046021
9,"rs7774197",6,32046275,"C","A",0.0680625,-0.238482,0.0369751,1.12e-10,5724,"TNXB","ENSG00000168477",6,32046021
