"V1","SNP","chr","pos","effect_allele.exposure","other_allele.exposure","eaf.exposure","beta.exposure","se.exposure","pval.exposure","samplesize.exposure","exposure","id.exposure","gene-chr","gene-pos"
1,"rs11649901",17,56351816,"G","A",0.316851,0.225359,0.00848948,2.89e-155,31346,"MPO","ENSG00000005381",17,56352756
2,"rs2759",17,56348106,"C","T",0.0283054,0.315072,0.0247768,4.79e-37,29452,"MPO","ENSG00000005381",17,56352756
3,"rs28730837",17,56355397,"A","G",0.0244622,-0.372887,0.0308589,1.29e-33,21856,"MPO","ENSG00000005381",17,56352756
