"V1","SNP","chr","pos","effect_allele.exposure","other_allele.exposure","eaf.exposure","beta.exposure","se.exposure","pval.exposure","samplesize.exposure","exposure","id.exposure","gene-chr","gene-pos"
8,"rs12685344",9,123764991,"A","G",0.094558,-0.303506,0.013469,1.94e-112,31683,"C5","ENSG00000106804",9,123763585
15,"rs7040033",9,123759044,"A","G",0.457362,0.548141,0.00735557,0,31683,"C5","ENSG00000106804",9,123763585
17,"rs7046909",9,123763880,"C","T",0.0839435,-0.434081,0.0141421,6.8e-207,31569,"C5","ENSG00000106804",9,123763585
18,"rs71509550",9,123764675,"A","G",0.0234153,0.344251,0.027738,2.28e-35,28265,"C5","ENSG00000106804",9,123763585
