"V1","SNP","chr","pos","effect_allele.exposure","other_allele.exposure","eaf.exposure","beta.exposure","se.exposure","pval.exposure","samplesize.exposure","exposure","id.exposure","gene-chr","gene-pos"
3,"rs11170467",12,53588819,"A","G",0.0706009,0.673197,0.0151186,0,31355,"ITGB7","ENSG00000139626",12,53593096
4,"rs11170469",12,53594582,"A","G",0.0597086,-0.103504,0.0189769,4.92e-08,24699,"ITGB7","ENSG00000139626",12,53593096
7,"rs11574533",12,53592332,"A","C",0.0268334,0.630488,0.0267439,6.96e-123,26215,"ITGB7","ENSG00000139626",12,53593096
8,"rs11574538",12,53590347,"T","C",0.0343656,-0.13068,0.0299504,1.28e-05,16777,"ITGB7","ENSG00000139626",12,53593096
12,"rs2272301",12,53588352,"G","C",0.133704,-0.179647,0.0122427,9.49e-49,28585,"ITGB7","ENSG00000139626",12,53593096
