"V1","SNP","chr","pos","effect_allele.exposure","other_allele.exposure","eaf.exposure","beta.exposure","se.exposure","pval.exposure","samplesize.exposure","exposure","id.exposure","gene-chr","gene-pos"
3,"rs2856876",22,23249440,"A","C",0.154344,-0.195294,0.0262542,1.02e-13,5502,"IGLC3","ENSG00000211679",22,23248742
5,"rs457529",22,23245173,"C","A",0.314172,0.261406,0.0227829,1.79e-30,4339,"IGLC3","ENSG00000211679",22,23248742
8,"rs464805",22,23251857,"C","T",0.0761656,-0.415317,0.0354984,1.28e-31,5502,"IGLC3","ENSG00000211679",22,23248742
14,"rs6003387",22,23251602,"G","C",0.0658364,0.193432,0.0383519,4.57e-07,5502,"IGLC3","ENSG00000211679",22,23248742
