"V1","SNP","chr","pos","effect_allele.exposure","other_allele.exposure","eaf.exposure","beta.exposure","se.exposure","pval.exposure","samplesize.exposure","exposure","id.exposure","gene-chr","gene-pos"
20,"rs3212435",5,52337326,"T","G",0.32167,0.198795,0.00843086,6.27e-123,31683,"ITGA2","ENSG00000164171",5,52337882
32,"rs3212458",5,52340334,"G","T",0.285293,-0.256555,0.00867896,4.77e-192,31681,"ITGA2","ENSG00000164171",5,52337882
36,"rs3212468",5,52342108,"A","G",0.0838241,-0.156591,0.0143346,8.85e-28,31565,"ITGA2","ENSG00000164171",5,52337882
40,"rs3212674",5,52340332,"A","G",0.168051,0.163273,0.0105848,1.11e-53,31683,"ITGA2","ENSG00000164171",5,52337882
