"V1","SNP","chr","pos","effect_allele.exposure","other_allele.exposure","eaf.exposure","beta.exposure","se.exposure","pval.exposure","samplesize.exposure","exposure","id.exposure","gene-chr","gene-pos"
5,"rs56182200",11,104823385,"T","C",0.01766,0.188845,0.0355774,1.11e-07,22742,"CASP4","ENSG00000196954",11,104826878
6,"rs56184015",11,104826075,"G","C",0.149273,-0.0949284,0.0111565,1.76e-17,31560,"CASP4","ENSG00000196954",11,104826878
13,"rs666695",11,104826624,"G","C",0.378746,0.108067,0.00818181,7.87e-40,31569,"CASP4","ENSG00000196954",11,104826878
18,"rs72978960",11,104829920,"C","T",0.0532573,-0.116342,0.0177114,5.07e-11,31569,"CASP4","ENSG00000196954",11,104826878
