"V1","SNP","chr","pos","effect_allele.exposure","other_allele.exposure","eaf.exposure","beta.exposure","se.exposure","pval.exposure","samplesize.exposure","exposure","id.exposure","gene-chr","gene-pos"
5,"rs11807",1,110260742,"C","T",0.20681,0.132355,0.0108415,2.81e-34,25784,"GSTM5","ENSG00000134201",1,110257882
10,"rs1758104",1,110254678,"G","T",0.179089,0.0874343,0.0126606,4.99e-12,21171,"GSTM5","ENSG00000134201",1,110257882
15,"rs36107407",1,110258368,"T","C",0.0769539,-0.106895,0.0166528,1.37e-10,25340,"GSTM5","ENSG00000134201",1,110257882
16,"rs3754446",1,110253241,"C","A",0.34613,-0.252425,0.00979774,2.27e-146,22350,"GSTM5","ENSG00000134201",1,110257882
