"V1","SNP","chr","pos","effect_allele.exposure","other_allele.exposure","eaf.exposure","beta.exposure","se.exposure","pval.exposure","samplesize.exposure","exposure","id.exposure","gene-chr","gene-pos"
2,"rs11668923",19,33943965,"T","C",0.108463,-0.0709485,0.0127918,2.92e-08,31568,"PEPD","ENSG00000124299",19,33945278
6,"rs1477337",19,33946024,"G","A",0.356755,0.152245,0.0082645,8.82e-76,31561,"PEPD","ENSG00000124299",19,33945278
24,"rs78965989",19,33944424,"C","T",0.0704376,0.0751701,0.0156292,1.51e-06,31240,"PEPD","ENSG00000124299",19,33945278
25,"rs79244995",19,33943497,"A","G",0.0913603,0.1775,0.0137768,5.54e-38,31569,"PEPD","ENSG00000124299",19,33945278
