"V1","SNP","chr","pos","effect_allele.exposure","other_allele.exposure","eaf.exposure","beta.exposure","se.exposure","pval.exposure","samplesize.exposure","exposure","id.exposure","gene-chr","gene-pos"
4,"rs138432949",12,124109263,"T","C",0.0187935,-0.221124,0.03416,9.59e-11,23193,"EIF2B1","ENSG00000111361",12,124111633
9,"rs7313628",12,124107015,"A","G",0.427738,0.297791,0.00786913,0,31555,"EIF2B1","ENSG00000111361",12,124111633
10,"rs73216994",12,124106768,"T","C",0.0522745,0.404138,0.0194023,2.34e-96,26376,"EIF2B1","ENSG00000111361",12,124111633
