"V1","SNP","chr","pos","effect_allele.exposure","other_allele.exposure","eaf.exposure","beta.exposure","se.exposure","pval.exposure","samplesize.exposure","exposure","id.exposure","gene-chr","gene-pos"
4,"rs118043775",17,72703828,"T","C",0.0787715,-0.21606,0.0147749,1.99e-48,31349,"CD300LF","ENSG00000186074",17,72699784
9,"rs2384955",17,72695167,"T","C",0.167944,-0.371163,0.0105881,3.27e-269,30688,"CD300LF","ENSG00000186074",17,72699784
11,"rs57078316",17,72694947,"T","C",0.0301939,0.208634,0.0245862,2.14e-17,28177,"CD300LF","ENSG00000186074",17,72699784
14,"rs78064575",17,72698235,"A","G",0.0640318,0.144795,0.0181212,1.35e-15,25343,"CD300LF","ENSG00000186074",17,72699784
