"V1","SNP","chr","pos","effect_allele.exposure","other_allele.exposure","eaf.exposure","beta.exposure","se.exposure","pval.exposure","samplesize.exposure","exposure","id.exposure","gene-chr","gene-pos"
4,"rs139133633",8,141842249,"A","C",0.0180469,-0.246279,0.0335429,2.1e-13,25023,"PTK2","ENSG00000169398",8,141840157
5,"rs150767351",8,141837285,"A","C",0.02183,-0.148006,0.0315578,2.73e-06,23490,"PTK2","ENSG00000169398",8,141840157
11,"rs62521876",8,141839700,"G","A",0.113271,-0.0610689,0.0125527,1.14e-06,31569,"PTK2","ENSG00000169398",8,141840157
12,"rs7826800",8,141838412,"T","C",0.470274,-0.155551,0.00792558,9.2e-86,31567,"PTK2","ENSG00000169398",8,141840157
