"V1","SNP","chr","pos","effect_allele.exposure","other_allele.exposure","eaf.exposure","beta.exposure","se.exposure","pval.exposure","samplesize.exposure","exposure","id.exposure","gene-chr","gene-pos"
8,"rs1126737",3,58413405,"C","T",0.282528,0.301651,0.00865918,6.94e-266,31683,"PDHB","ENSG00000168291",3,58416470
11,"rs2070662",3,58415590,"C","A",0.209016,-0.334613,0.00958752,7.18e-267,31683,"PDHB","ENSG00000168291",3,58416470
16,"rs59707053",3,58420741,"C","G",0.0795652,0.0795935,0.0146998,6.14e-08,31569,"PDHB","ENSG00000168291",3,58416470
20,"rs62259773",3,58420859,"T","C",0.0628014,0.24137,0.0170194,1.18e-45,29127,"PDHB","ENSG00000168291",3,58416470
