"V1","SNP","chr","pos","effect_allele.exposure","other_allele.exposure","eaf.exposure","beta.exposure","se.exposure","pval.exposure","samplesize.exposure","exposure","id.exposure","gene-chr","gene-pos"
2,"rs11247978",4,1186494,"C","G",0.454158,-0.046903,0.00803189,5.23e-09,31230,"SPON2","ENSG00000159674",4,1181735
3,"rs11930225",4,1180757,"T","A",0.127866,0.0955961,0.0118844,8.71e-16,31681,"SPON2","ENSG00000159674",4,1181735
5,"rs147733701",4,1184616,"C","T",0.0297663,-0.215367,0.023777,1.33e-19,30540,"SPON2","ENSG00000159674",4,1181735
7,"rs60298204",4,1185026,"T","C",0.0315842,0.145734,0.0228187,1.7e-10,31354,"SPON2","ENSG00000159674",4,1181735
11,"rs7678661",4,1179047,"G","A",0.116975,0.240099,0.0123117,1.06e-84,31555,"SPON2","ENSG00000159674",4,1181735
