"V1","SNP","chr","pos","effect_allele.exposure","other_allele.exposure","eaf.exposure","beta.exposure","se.exposure","pval.exposure","samplesize.exposure","exposure","id.exposure","gene-chr","gene-pos"
5,"rs12973320",19,3663610,"A","G",0.208021,-0.112882,0.0112506,1.09e-23,23876,"PIP5K1C","ENSG00000186111",19,3665329
7,"rs28394542",19,3665185,"T","G",0.0592675,-0.116302,0.0207601,2.12e-08,20775,"PIP5K1C","ENSG00000186111",19,3665329
9,"rs55958982",19,3667882,"A","G",0.189502,0.217326,0.0115935,2.11e-78,23869,"PIP5K1C","ENSG00000186111",19,3665329
21,"rs75798007",19,3663548,"A","G",0.0302888,0.316921,0.0317894,2.07e-23,16746,"PIP5K1C","ENSG00000186111",19,3665329
