"V1","SNP","chr","pos","effect_allele.exposure","other_allele.exposure","eaf.exposure","beta.exposure","se.exposure","pval.exposure","samplesize.exposure","exposure","id.exposure","gene-chr","gene-pos"
9,"rs2450777",8,144417461,"A","T",0.155908,0.143703,0.0123907,4.24e-31,24613,"TOP1MT","ENSG00000184428",8,144414351
13,"rs34268352",8,144414616,"T","C",0.0851045,-0.118947,0.0153854,1.07e-14,27069,"TOP1MT","ENSG00000184428",8,144414351
14,"rs3812436",8,144411759,"T","C",0.420912,0.0840345,0.00933738,2.26e-19,23448,"TOP1MT","ENSG00000184428",8,144414351
19,"rs77183228",8,144416111,"A","G",0.218322,-0.0776994,0.0110231,1.8e-12,24062,"TOP1MT","ENSG00000184428",8,144414351
