"V1","SNP","chr","pos","effect_allele.exposure","other_allele.exposure","eaf.exposure","beta.exposure","se.exposure","pval.exposure","samplesize.exposure","exposure","id.exposure","gene-chr","gene-pos"
3,"rs1424941",2,148643118,"T","C",0.176331,-0.103841,0.0104139,2.03e-23,31644,"ACVR2A","ENSG00000121989",2,148645239
5,"rs150606697",2,148649640,"G","A",0.016077,0.178116,0.0358238,6.63e-07,24606,"ACVR2A","ENSG00000121989",2,148645239
6,"rs17742573",2,148643956,"G","A",0.0666835,0.203248,0.0172833,6.29e-32,26757,"ACVR2A","ENSG00000121989",2,148645239
11,"rs7559714",2,148640768,"C","T",0.322473,0.234424,0.00841736,1.08e-170,31524,"ACVR2A","ENSG00000121989",2,148645239
