"V1","SNP","chr","pos","effect_allele.exposure","other_allele.exposure","eaf.exposure","beta.exposure","se.exposure","pval.exposure","samplesize.exposure","exposure","id.exposure","gene-chr","gene-pos"
1,"rs117644756",8,27380163,"G","A",0.0182551,-0.208164,0.0322415,1.07e-10,26795,"EPHX2","ENSG00000120915",8,27375688
4,"rs2435314",8,27380393,"A","G",0.114148,-0.168291,0.0127571,9.76e-40,30209,"EPHX2","ENSG00000120915",8,27375688
5,"rs34181437",8,27374686,"T","A",0.0946808,0.243388,0.0135252,2.12e-72,31564,"EPHX2","ENSG00000120915",8,27375688
14,"rs7000388",8,27371546,"C","T",0.165069,0.56631,0.010217,0,31682,"EPHX2","ENSG00000120915",8,27375688
