"V1","SNP","chr","pos","effect_allele.exposure","other_allele.exposure","eaf.exposure","beta.exposure","se.exposure","pval.exposure","samplesize.exposure","exposure","id.exposure","gene-chr","gene-pos"
2,"rs149040015",17,48152211,"G","A",0.0139224,0.218765,0.0479056,4.96e-06,15849,"ITGA3","ENSG00000005884",17,48150588
4,"rs2269772",17,48149386,"T","C",0.10534,-0.141597,0.0129157,5.74e-28,31684,"ITGA3","ENSG00000005884",17,48150588
7,"rs4793638",17,48147068,"G","T",0.0623655,0.118607,0.0164458,5.51e-13,31564,"ITGA3","ENSG00000005884",17,48150588
