"V1","SNP","chr","pos","effect_allele.exposure","other_allele.exposure","eaf.exposure","beta.exposure","se.exposure","pval.exposure","samplesize.exposure","exposure","id.exposure","gene-chr","gene-pos"
2,"rs11102172",1,111427656,"A","C",0.427696,0.0429353,0.0088141,1.11e-06,26271,"CD53","ENSG00000143119",1,111429161
4,"rs11102174",1,111429343,"T","C",0.164546,0.151117,0.0117,3.66e-38,26403,"CD53","ENSG00000143119",1,111429161
16,"rs12565027",1,111432041,"T","C",0.0834812,0.173443,0.0156718,1.81e-28,26485,"CD53","ENSG00000143119",1,111429161
26,"rs4839583",1,111433622,"C","T",0.49425,0.192221,0.00858979,6.48e-111,26609,"CD53","ENSG00000143119",1,111429161
