"V1","SNP","chr","pos","effect_allele.exposure","other_allele.exposure","eaf.exposure","beta.exposure","se.exposure","pval.exposure","samplesize.exposure","exposure","id.exposure","gene-chr","gene-pos"
3,"rs112472569",21,47532553,"G","A",0.0743093,-0.411234,0.0193253,1.75e-100,19010,"COL6A2","ENSG00000142173",21,47535387
5,"rs13050828",21,47531215,"C","T",0.472921,-0.0844098,0.00915011,2.84e-20,23872,"COL6A2","ENSG00000142173",21,47535387
7,"rs13051907",21,47540231,"A","C",0.185843,0.153817,0.0117464,3.53e-39,23779,"COL6A2","ENSG00000142173",21,47535387
13,"rs2839109",21,47536180,"T","C",0.0377599,-0.35736,0.0240621,6.79e-50,23547,"COL6A2","ENSG00000142173",21,47535387
17,"rs59531343",21,47532440,"T","C",0.081254,-0.136663,0.0166849,2.6e-16,23991,"COL6A2","ENSG00000142173",21,47535387
