"V1","SNP","chr","pos","effect_allele.exposure","other_allele.exposure","eaf.exposure","beta.exposure","se.exposure","pval.exposure","samplesize.exposure","exposure","id.exposure","gene-chr","gene-pos"
4,"rs2891672",8,124042733,"T","C",0.0792589,0.113618,0.0147414,1.28e-14,31470,"DERL1","ENSG00000136986",8,124040033
5,"rs4871339",8,124043301,"A","C",0.203465,-0.0927559,0.00988721,6.51e-21,31470,"DERL1","ENSG00000136986",8,124040033
11,"rs76921045",8,124044218,"C","G",0.0775836,0.191638,0.0148882,6.49e-38,31355,"DERL1","ENSG00000136986",8,124040033
