"V1","SNP","chr","pos","effect_allele.exposure","other_allele.exposure","eaf.exposure","beta.exposure","se.exposure","pval.exposure","samplesize.exposure","exposure","id.exposure","gene-chr","gene-pos"
2,"rs11234513",11,85723127,"T","C",0.218521,-0.0975796,0.0096474,4.76e-24,31355,"PICALM","ENSG00000073921",11,85724825
5,"rs1965400",11,85723874,"T","G",0.168774,0.179033,0.0106135,7.69e-64,31355,"PICALM","ENSG00000073921",11,85724825
7,"rs35206999",11,85727005,"C","T",0.170306,0.0511255,0.0106008,1.42e-06,31466,"PICALM","ENSG00000073921",11,85724825
14,"rs636355",11,85724661,"T","C",0.323753,-0.0577399,0.00852803,1.28e-11,31355,"PICALM","ENSG00000073921",11,85724825
18,"rs78278955",11,85726956,"C","A",0.0541289,-0.112579,0.0193076,5.52e-09,26162,"PICALM","ENSG00000073921",11,85724825
