"V1","SNP","chr","pos","effect_allele.exposure","other_allele.exposure","eaf.exposure","beta.exposure","se.exposure","pval.exposure","samplesize.exposure","exposure","id.exposure","gene-chr","gene-pos"
4,"rs12408576",1,41464437,"G","A",0.301549,0.304104,0.00948645,1.78e-225,25352,"CTPS1","ENSG00000171793",1,41461621
13,"rs67450703",1,41460129,"G","A",0.114776,-0.0679297,0.0138683,9.67e-07,25563,"CTPS1","ENSG00000171793",1,41461621
15,"rs74920349",1,41460868,"C","A",0.0156752,0.724488,0.0423915,1.75e-65,17741,"CTPS1","ENSG00000171793",1,41461621
