"V1","SNP","chr","pos","effect_allele.exposure","other_allele.exposure","eaf.exposure","beta.exposure","se.exposure","pval.exposure","samplesize.exposure","exposure","id.exposure","gene-chr","gene-pos"
4,"rs11886472",2,114003237,"A","G",0.0622527,-0.258417,0.0164628,1.59e-55,31355,"PAX8","ENSG00000125618",2,114005050
7,"rs12998304",2,114002320,"A","G",0.0200798,-0.412338,0.033215,2.19e-35,22879,"PAX8","ENSG00000125618",2,114005050
16,"rs2863244",2,114000866,"G","A",0.459393,-0.324673,0.00775986,0,31684,"PAX8","ENSG00000125618",2,114005050
19,"rs3768768",2,114001363,"G","A",0.0539954,-0.342478,0.0175624,1.09e-84,31355,"PAX8","ENSG00000125618",2,114005050
30,"rs79820349",2,114005710,"G","A",0.0394603,-0.275221,0.0226002,4.08e-34,25678,"PAX8","ENSG00000125618",2,114005050
