"V1","SNP","chr","pos","effect_allele.exposure","other_allele.exposure","eaf.exposure","beta.exposure","se.exposure","pval.exposure","samplesize.exposure","exposure","id.exposure","gene-chr","gene-pos"
1,"rs149089170",17,38234699,"G","A",0.0182379,0.499679,0.0397119,2.63e-36,17549,"THRA","ENSG00000126351",17,38232331
2,"rs1879265",17,38231376,"A","G",0.297738,0.218208,0.00860068,5.27e-142,31684,"THRA","ENSG00000126351",17,38232331
3,"rs58572090",17,38236678,"C","A",0.303804,-0.099433,0.0106603,1.09e-20,20715,"THRA","ENSG00000126351",17,38232331
