"V1","SNP","chr","pos","effect_allele.exposure","other_allele.exposure","eaf.exposure","beta.exposure","se.exposure","pval.exposure","samplesize.exposure","exposure","id.exposure","gene-chr","gene-pos"
2,"rs11541956",17,73127348,"A","G",0.0309929,-0.113812,0.0257296,9.72e-06,25128,"NT5C","ENSG00000125458",17,73127105
13,"rs3736075",17,73127217,"C","G",0.288292,0.287543,0.00863203,2.68e-243,31595,"NT5C","ENSG00000125458",17,73127105
14,"rs4412997",17,73125774,"T","C",0.0482177,-0.153712,0.0200401,1.72e-14,27069,"NT5C","ENSG00000125458",17,73127105
19,"rs77948815",17,73128192,"T","C",0.0499859,-0.197306,0.0187521,6.86e-26,29832,"NT5C","ENSG00000125458",17,73127105
