"V1","SNP","chr","pos","effect_allele.exposure","other_allele.exposure","eaf.exposure","beta.exposure","se.exposure","pval.exposure","samplesize.exposure","exposure","id.exposure","gene-chr","gene-pos"
2,"rs12600478",17,46163165,"T","C",0.132913,0.0839491,0.0194138,1.53e-05,11493,"CBX1","ENSG00000108468",17,46163148
5,"rs2107308",17,46164947,"T","A",0.234938,-0.139787,0.0155595,2.61e-19,11409,"CBX1","ENSG00000108468",17,46163148
8,"rs6504024",17,46165586,"C","T",0.230579,-0.155441,0.0155912,2.07e-23,11494,"CBX1","ENSG00000108468",17,46163148
