"V1","SNP","chr","pos","effect_allele.exposure","other_allele.exposure","eaf.exposure","beta.exposure","se.exposure","pval.exposure","samplesize.exposure","exposure","id.exposure","gene-chr","gene-pos"
2,"rs142273276",11,117176075,"C","T",0.0486775,-0.129596,0.0186411,3.6e-12,31023,"BACE1","ENSG00000186318",11,117171688
3,"rs187182376",11,117176579,"A","G",0.0181344,0.340287,0.04071,6.34e-17,16874,"BACE1","ENSG00000186318",11,117171688
4,"rs476469",11,117173560,"T","C",0.40518,0.182956,0.00806928,8.24e-114,31348,"BACE1","ENSG00000186318",11,117171688
9,"rs609332",11,117175158,"G","C",0.131399,-0.169122,0.0117827,1.01e-46,31349,"BACE1","ENSG00000186318",11,117171688
10,"rs61903703",11,117169874,"A","G",0.0551202,-0.114452,0.0175794,7.49e-11,31022,"BACE1","ENSG00000186318",11,117171688
