"V1","SNP","chr","pos","effect_allele.exposure","other_allele.exposure","eaf.exposure","beta.exposure","se.exposure","pval.exposure","samplesize.exposure","exposure","id.exposure","gene-chr","gene-pos"
1,"rs10851868",15,74316299,"T","G",0.405548,0.206873,0.00806183,3.2e-145,31253,"PML","ENSG00000140464",15,74313583
8,"rs117524612",15,74312625,"C","T",0.0330732,-0.115284,0.0243296,2.15e-06,26389,"PML","ENSG00000140464",15,74313583
23,"rs78521793",15,74308850,"A","G",0.0416294,0.133414,0.0206503,1.04e-10,29348,"PML","ENSG00000140464",15,74313583
24,"rs79583791",15,74317702,"G","A",0.0226185,0.205697,0.0340704,1.57e-09,19448,"PML","ENSG00000140464",15,74313583
