"V1","SNP","chr","pos","effect_allele.exposure","other_allele.exposure","eaf.exposure","beta.exposure","se.exposure","pval.exposure","samplesize.exposure","exposure","id.exposure","gene-chr","gene-pos"
2,"rs112452363",20,57558296,"G","A",0.120909,0.480454,0.0133135,3.58e-285,25237,"NELFCD","ENSG00000101158",20,57563225
7,"rs163779",20,57558274,"T","C",0.0671725,-0.14194,0.0177558,1.31e-15,25245,"NELFCD","ENSG00000101158",20,57563225
21,"rs6070683",20,57561416,"G","T",0.165046,0.166645,0.0128475,1.79e-38,21814,"NELFCD","ENSG00000101158",20,57563225
22,"rs6070684",20,57563061,"T","C",0.172362,-0.62067,0.0110217,0,25682,"NELFCD","ENSG00000101158",20,57563225
