"V1","SNP","chr","pos","effect_allele.exposure","other_allele.exposure","eaf.exposure","beta.exposure","se.exposure","pval.exposure","samplesize.exposure","exposure","id.exposure","gene-chr","gene-pos"
1,"rs117346786",10,63757667,"A","G",0.0195023,-0.157644,0.0341635,3.94e-06,22382,"ARID5B","ENSG00000150347",10,63758881
2,"rs117690502",10,63755425,"G","A",0.02636,0.172438,0.0289345,2.53e-09,23236,"ARID5B","ENSG00000150347",10,63758881
3,"rs11814477",10,63756146,"G","T",0.0601186,-0.113428,0.0186301,1.14e-09,25458,"ARID5B","ENSG00000150347",10,63758881
5,"rs57443059",10,63756491,"A","G",0.0786952,-0.0813535,0.0160911,4.29e-07,26609,"ARID5B","ENSG00000150347",10,63758881
