"V1","SNP","chr","pos","effect_allele.exposure","other_allele.exposure","eaf.exposure","beta.exposure","se.exposure","pval.exposure","samplesize.exposure","exposure","id.exposure","gene-chr","gene-pos"
3,"rs118181658",9,140643872,"T","C",0.0243545,-0.148843,0.0281261,1.21e-07,26570,"EHMT1","ENSG00000181090",9,140638956
4,"rs17496925",9,140640154,"T","C",0.0653718,-0.0776512,0.0161746,1.58e-06,31256,"EHMT1","ENSG00000181090",9,140638956
13,"rs4979643",9,140638607,"T","A",0.29201,0.169106,0.00874431,2.52e-83,31256,"EHMT1","ENSG00000181090",9,140638956
22,"rs9410135",9,140641799,"G","A",0.0362991,-0.108868,0.0231024,2.45e-06,26756,"EHMT1","ENSG00000181090",9,140638956
