"V1","SNP","chr","pos","effect_allele.exposure","other_allele.exposure","eaf.exposure","beta.exposure","se.exposure","pval.exposure","samplesize.exposure","exposure","id.exposure","gene-chr","gene-pos"
7,"rs113912747",21,43668197,"T","C",0.0318401,-0.163722,0.0230237,1.15e-12,30546,"ABCG1","ENSG00000160179",21,43668576
12,"rs4148117",21,43666065,"C","T",0.438247,-0.0452502,0.00800266,1.56e-08,31681,"ABCG1","ENSG00000160179",21,43668576
13,"rs4148120",21,43673477,"C","G",0.146208,0.0635544,0.0112386,1.56e-08,31681,"ABCG1","ENSG00000160179",21,43668576
