"V1","SNP","chr","pos","effect_allele.exposure","other_allele.exposure","eaf.exposure","beta.exposure","se.exposure","pval.exposure","samplesize.exposure","exposure","id.exposure","gene-chr","gene-pos"
4,"rs10821098",9,96012522,"T","C",0.489158,0.0968766,0.00792836,2.46e-34,31684,"WNK2","ENSG00000165238",9,96015026
8,"rs34610897",9,96013398,"T","A",0.124314,0.0750436,0.0120711,5.07e-10,31484,"WNK2","ENSG00000165238",9,96015026
11,"rs56170708",9,96010036,"A","G",0.0151596,-0.289221,0.0503817,9.43e-09,13160,"WNK2","ENSG00000165238",9,96015026
