"V1","SNP","chr","pos","effect_allele.exposure","other_allele.exposure","eaf.exposure","beta.exposure","se.exposure","pval.exposure","samplesize.exposure","exposure","id.exposure","gene-chr","gene-pos"
4,"rs2300496",14,90864848,"C","A",0.469876,0.118714,0.00793179,1.21e-50,31682,"CALM1","ENSG00000198668",14,90868725
5,"rs2300497",14,90865283,"T","C",0.125853,0.214159,0.0121904,4.35e-69,30275,"CALM1","ENSG00000198668",14,90868725
13,"rs3729787",14,90870118,"A","G",0.0194392,0.171923,0.0328624,1.68e-07,24263,"CALM1","ENSG00000198668",14,90868725
17,"rs5871",14,90871478,"C","T",0.0826225,0.208686,0.0147111,1.13e-45,30280,"CALM1","ENSG00000198668",14,90868725
