"V1","SNP","chr","pos","effect_allele.exposure","other_allele.exposure","eaf.exposure","beta.exposure","se.exposure","pval.exposure","samplesize.exposure","exposure","id.exposure","gene-chr","gene-pos"
3,"rs115834287",1,1219941,"A","G",0.06,-0.146559,0.0216169,1.2e-11,18925,"SCNN1D","ENSG00000162572",1,1221612
6,"rs1262894",1,1217011,"C","A",0.0817895,-0.135803,0.018232,9.43e-14,19973,"SCNN1D","ENSG00000162572",1,1221612
11,"rs586965",1,1226348,"G","C",0.158154,-0.117527,0.0145537,6.73e-16,17664,"SCNN1D","ENSG00000162572",1,1221612
13,"rs6662635",1,1220425,"G","A",0.0164094,-0.474691,0.0440745,4.76e-27,15831,"SCNN1D","ENSG00000162572",1,1221612
