"V1","SNP","chr","pos","effect_allele.exposure","other_allele.exposure","eaf.exposure","beta.exposure","se.exposure","pval.exposure","samplesize.exposure","exposure","id.exposure","gene-chr","gene-pos"
3,"rs118035725",17,48937773,"C","A",0.0424489,0.209528,0.0198281,4.23e-26,31177,"TOB1","ENSG00000141232",17,48942461
8,"rs4626",17,48940422,"T","C",0.278344,0.242357,0.00876059,1.87e-168,31668,"TOB1","ENSG00000141232",17,48942461
9,"rs61482741",17,48947308,"G","C",0.297957,-0.311459,0.00852408,2.69e-292,31562,"TOB1","ENSG00000141232",17,48942461
