"V1","SNP","chr","pos","effect_allele.exposure","other_allele.exposure","eaf.exposure","beta.exposure","se.exposure","pval.exposure","samplesize.exposure","exposure","id.exposure","gene-chr","gene-pos"
2,"rs2480678",1,167443423,"G","T",0.350447,0.0607994,0.00870977,2.94e-12,28906,"CD247","ENSG00000198821",1,167443862
4,"rs61810480",1,167439010,"C","T",0.402645,-0.132456,0.0081079,5.42e-60,31355,"CD247","ENSG00000198821",1,167443862
5,"rs61810484",1,167445758,"C","T",0.0412813,-0.26256,0.0207859,1.41e-36,29081,"CD247","ENSG00000198821",1,167443862
6,"rs7550384",1,167443759,"G","A",0.0342726,-0.109482,0.022123,7.47e-07,30839,"CD247","ENSG00000198821",1,167443862
