"V1","SNP","chr","pos","effect_allele.exposure","other_allele.exposure","eaf.exposure","beta.exposure","se.exposure","pval.exposure","samplesize.exposure","exposure","id.exposure","gene-chr","gene-pos"
4,"rs113494296",3,33092843,"C","T",0.0427305,-0.174809,0.0198242,1.17e-18,31025,"GLB1","ENSG00000170266",3,33088411
18,"rs35480293",3,33087395,"A","C",0.170844,-0.178028,0.0105428,5.68e-64,31470,"GLB1","ENSG00000170266",3,33088411
26,"rs4678613",3,33084287,"C","T",0.249141,0.185861,0.00917335,2.84e-91,31352,"GLB1","ENSG00000170266",3,33088411
27,"rs4679082",3,33084641,"T","C",0.347739,-0.083763,0.00835608,1.19e-23,31470,"GLB1","ENSG00000170266",3,33088411
