"V1","SNP","chr","pos","effect_allele.exposure","other_allele.exposure","eaf.exposure","beta.exposure","se.exposure","pval.exposure","samplesize.exposure","exposure","id.exposure","gene-chr","gene-pos"
1,"rs111430880",8,97907277,"T","C",0.0388358,0.133872,0.0252207,1.11e-07,21031,"CPQ","ENSG00000104324",8,97909668
4,"rs115219122",8,97907878,"G","A",0.0240722,-0.276667,0.0293055,3.7e-21,24693,"CPQ","ENSG00000104324",8,97909668
5,"rs13262765",8,97907616,"A","G",0.442761,0.0445152,0.00890447,5.76e-07,25535,"CPQ","ENSG00000104324",8,97909668
9,"rs78475020",8,97910770,"A","G",0.0177873,0.243011,0.0427144,1.28e-08,15654,"CPQ","ENSG00000104324",8,97909668
