"V1","SNP","chr","pos","effect_allele.exposure","other_allele.exposure","eaf.exposure","beta.exposure","se.exposure","pval.exposure","samplesize.exposure","exposure","id.exposure","gene-chr","gene-pos"
1,"rs114730625",1,117087503,"A","G",0.0179499,-0.158366,0.037024,1.89e-05,20674,"CD58","ENSG00000116815",1,117085409
5,"rs12141411",1,117084410,"A","G",0.125056,0.0917357,0.0120394,2.54e-14,31469,"CD58","ENSG00000116815",1,117085409
7,"rs56302466",1,117083958,"C","T",0.18126,-0.0660056,0.0103946,2.15e-10,31141,"CD58","ENSG00000116815",1,117085409
