"V1","SNP","chr","pos","effect_allele.exposure","other_allele.exposure","eaf.exposure","beta.exposure","se.exposure","pval.exposure","samplesize.exposure","exposure","id.exposure","gene-chr","gene-pos"
1,"rs10975171",9,5539451,"A","G",0.0837385,-0.112053,0.021354,1.54e-07,14263,"PDCD1LG2","ENSG00000197646",9,5540913
4,"rs111229088",9,5537761,"T","G",0.0208456,0.210083,0.0414104,3.91e-07,14260,"PDCD1LG2","ENSG00000197646",9,5540913
6,"rs146075463",9,5538354,"A","G",0.0131426,-0.297093,0.0625668,2.05e-06,9825,"PDCD1LG2","ENSG00000197646",9,5540913
7,"rs56299437",9,5543346,"C","T",0.0200295,0.248056,0.0429922,7.94e-09,13749,"PDCD1LG2","ENSG00000197646",9,5540913
8,"rs7027298",9,5545198,"C","T",0.269646,0.058209,0.0133335,1.27e-05,14263,"PDCD1LG2","ENSG00000197646",9,5540913
