"V1","SNP","chr","pos","effect_allele.exposure","other_allele.exposure","eaf.exposure","beta.exposure","se.exposure","pval.exposure","samplesize.exposure","exposure","id.exposure","gene-chr","gene-pos"
1,"rs11243934",9,135792780,"T","C",0.485575,0.0579349,0.00798486,4e-13,31343,"TSC1","ENSG00000165699",9,135793377
4,"rs4962082",9,135788393,"T","C",0.0746584,0.137439,0.0151732,1.33e-19,31355,"TSC1","ENSG00000165699",9,135793377
5,"rs7858160",9,135796182,"T","C",0.150813,-0.177143,0.0111138,3.4e-57,31354,"TSC1","ENSG00000165699",9,135793377
