"V1","SNP","chr","pos","effect_allele.exposure","other_allele.exposure","eaf.exposure","beta.exposure","se.exposure","pval.exposure","samplesize.exposure","exposure","id.exposure","gene-chr","gene-pos"
2,"rs10798069",1,186875459,"T","G",0.477771,0.114554,0.00795382,5e-47,31470,"PLA2G4A","ENSG00000116711",1,186878099
10,"rs61810980",1,186874365,"T","C",0.108091,-0.0864419,0.012853,1.75e-11,31348,"PLA2G4A","ENSG00000116711",1,186878099
15,"rs78931555",1,186882496,"C","T",0.0256079,0.160742,0.027274,3.78e-09,26905,"PLA2G4A","ENSG00000116711",1,186878099
