"V1","SNP","chr","pos","effect_allele.exposure","other_allele.exposure","eaf.exposure","beta.exposure","se.exposure","pval.exposure","samplesize.exposure","exposure","id.exposure","gene-chr","gene-pos"
3,"rs11077823",17,74456001,"A","G",0.13012,-0.0571917,0.0119219,1.61e-06,31054,"AANAT","ENSG00000129673",17,74457816
11,"rs3760137",17,74461577,"C","T",0.494058,0.0941163,0.00873372,4.46e-27,26108,"AANAT","ENSG00000129673",17,74457816
14,"rs73996395",17,74455248,"C","T",0.0477941,0.0907874,0.0198157,4.61e-06,27959,"AANAT","ENSG00000129673",17,74457816
15,"rs9903183",17,74458938,"A","G",0.177349,-0.0509914,0.0110433,3.89e-06,28080,"AANAT","ENSG00000129673",17,74457816
