"V1","SNP","chr","pos","effect_allele.exposure","other_allele.exposure","eaf.exposure","beta.exposure","se.exposure","pval.exposure","samplesize.exposure","exposure","id.exposure","gene-chr","gene-pos"
5,"rs2070255",22,19165478,"G","A",0.0708497,-0.130068,0.0155146,5.13e-17,31483,"SLC25A1","ENSG00000100075",22,19164719
6,"rs2276946",22,19161307,"A","G",0.119075,-0.167473,0.0123709,9.38e-42,30962,"SLC25A1","ENSG00000100075",22,19164719
17,"rs35412563",22,19162357,"A","G",0.0375712,0.186041,0.0215041,5.09e-18,29828,"SLC25A1","ENSG00000100075",22,19164719
27,"rs807666",22,19160549,"C","T",0.337876,0.265495,0.00828059,1.48e-225,31567,"SLC25A1","ENSG00000100075",22,19164719
