"V1","SNP","chr","pos","effect_allele.exposure","other_allele.exposure","eaf.exposure","beta.exposure","se.exposure","pval.exposure","samplesize.exposure","exposure","id.exposure","gene-chr","gene-pos"
10,"rs35735886",17,45374277,"T","G",0.106134,-0.0916054,0.0192101,1.86e-06,14259,"ITGB3","ENSG00000259207",17,45376435
16,"rs7221196",17,45374994,"G","A",0.435692,-0.0810356,0.0119261,1.08e-11,14251,"ITGB3","ENSG00000259207",17,45376435
20,"rs80105155",17,45371765,"T","G",0.0536573,-0.260444,0.0261858,2.63e-23,14261,"ITGB3","ENSG00000259207",17,45376435
