"V1","SNP","chr","pos","effect_allele.exposure","other_allele.exposure","eaf.exposure","beta.exposure","se.exposure","pval.exposure","samplesize.exposure","exposure","id.exposure","gene-chr","gene-pos"
4,"rs117484242",22,23588418,"A","C",0.0283525,-0.140282,0.0295691,2.09e-06,20735,"BCR","ENSG00000186716",22,23591057
9,"rs56391288",22,23586834,"T","C",0.0305052,-0.24594,0.0238314,5.72e-25,29661,"BCR","ENSG00000186716",22,23591057
16,"rs6519424",22,23594619,"T","C",0.462815,-0.156094,0.00973702,7.76e-58,20955,"BCR","ENSG00000186716",22,23591057
17,"rs76092802",22,23590085,"T","C",0.0433738,-0.122094,0.0220092,2.9e-08,24845,"BCR","ENSG00000186716",22,23591057
