"V1","SNP","chr","pos","effect_allele.exposure","other_allele.exposure","eaf.exposure","beta.exposure","se.exposure","pval.exposure","samplesize.exposure","exposure","id.exposure","gene-chr","gene-pos"
7,"rs549908",11,112020916,"G","T",0.306212,-0.17371,0.012763,3.47e-42,14263,"IL18","ENSG00000150782",11,112024407
8,"rs5744237",11,112028789,"T","C",0.0358366,-0.148583,0.0318288,3.04e-06,14261,"IL18","ENSG00000150782",11,112024407
11,"rs5744247",11,112026156,"C","G",0.0969727,0.111647,0.0199876,2.33e-08,14261,"IL18","ENSG00000150782",11,112024407
13,"rs5744256",11,112022848,"G","A",0.241206,0.309669,0.0135946,7.44e-115,14263,"IL18","ENSG00000150782",11,112024407
