"V1","SNP","chr","pos","effect_allele.exposure","other_allele.exposure","eaf.exposure","beta.exposure","se.exposure","pval.exposure","samplesize.exposure","exposure","id.exposure","gene-chr","gene-pos"
1,"rs10911702",1,185272594,"G","T",0.428287,0.0944142,0.00803812,7.42e-32,31467,"IVNS1ABP","ENSG00000116679",1,185275990
4,"rs1208517",1,185272483,"T","C",0.140675,-0.0814145,0.0115383,1.71e-12,31017,"IVNS1ABP","ENSG00000116679",1,185275990
6,"rs3843265",1,185279931,"A","G",0.0718722,0.153255,0.0166603,3.62e-20,26921,"IVNS1ABP","ENSG00000116679",1,185275990
7,"rs72724134",1,185275011,"A","G",0.0622644,-0.0990881,0.0167923,3.62e-09,30333,"IVNS1ABP","ENSG00000116679",1,185275990
