"V1","SNP","chr","pos","effect_allele.exposure","other_allele.exposure","eaf.exposure","beta.exposure","se.exposure","pval.exposure","samplesize.exposure","exposure","id.exposure","gene-chr","gene-pos"
3,"rs1624814",6,112397445,"T","C",0.268556,-0.159312,0.00892392,2.78e-71,31644,"TUBE1","ENSG00000074935",6,112400348
8,"rs3756887",6,112401178,"G","T",0.25051,0.0779357,0.00918014,2.07e-17,31529,"TUBE1","ENSG00000074935",6,112400348
12,"rs9400519",6,112402709,"G","A",0.167406,0.0521188,0.0106434,9.74e-07,31644,"TUBE1","ENSG00000074935",6,112400348
