"V1","SNP","chr","pos","effect_allele.exposure","other_allele.exposure","eaf.exposure","beta.exposure","se.exposure","pval.exposure","samplesize.exposure","exposure","id.exposure","gene-chr","gene-pos"
2,"rs112803994",1,161174935,"T","G",0.0441286,-0.221594,0.0203149,1.06e-27,28603,"NDUFS2","ENSG00000158864",1,161175539
4,"rs115518404",1,161171736,"G","A",0.0255231,-0.171834,0.0274425,3.81e-10,26655,"NDUFS2","ENSG00000158864",1,161175539
9,"rs4564157",1,161178155,"G","A",0.438606,0.0810019,0.0080766,1.13e-23,31030,"NDUFS2","ENSG00000158864",1,161175539
11,"rs4656994",1,161179877,"A","G",0.211072,-0.204814,0.00974999,5.71e-98,31144,"NDUFS2","ENSG00000158864",1,161175539
13,"rs72714918",1,161174370,"T","C",0.0210237,0.314113,0.0341687,3.82e-20,20724,"NDUFS2","ENSG00000158864",1,161175539
