"V1","SNP","chr","pos","effect_allele.exposure","other_allele.exposure","eaf.exposure","beta.exposure","se.exposure","pval.exposure","samplesize.exposure","exposure","id.exposure","gene-chr","gene-pos"
1,"rs1050485",17,62495933,"A","G",0.0225611,-0.248804,0.0545767,5.14e-06,7591,"DDX5","ENSG00000108654",17,62500025
2,"rs1140409",17,62496670,"C","A",0.0759424,-0.440764,0.0258373,2.99e-65,10382,"DDX5","ENSG00000108654",17,62500025
3,"rs117116828",17,62500287,"A","G",0.0137562,-0.731659,0.1144,1.6e-10,2775,"DDX5","ENSG00000108654",17,62500025
7,"rs1991401",17,62502435,"G","A",0.323254,-0.584066,0.011711,0,14178,"DDX5","ENSG00000108654",17,62500025
10,"rs2075551",17,62501928,"G","C",0.0813264,0.211678,0.024502,5.66e-18,11073,"DDX5","ENSG00000108654",17,62500025
13,"rs59298349",17,62497530,"G","T",0.0319379,0.230413,0.0468585,8.78e-07,7341,"DDX5","ENSG00000108654",17,62500025
16,"rs77672322",17,62497964,"T","C",0.0176508,-0.497914,0.0592148,4.15e-17,8153,"DDX5","ENSG00000108654",17,62500025
