"V1","SNP","chr","pos","effect_allele.exposure","other_allele.exposure","eaf.exposure","beta.exposure","se.exposure","pval.exposure","samplesize.exposure","exposure","id.exposure","gene-chr","gene-pos"
4,"rs2509717",11,67416375,"C","T",0.0801324,-0.115119,0.0161902,1.16e-12,25826,"ACY3","ENSG00000132744",11,67414078
8,"rs2514039",11,67416963,"A","G",0.3581,-0.073739,0.0111489,3.74e-11,17456,"ACY3","ENSG00000132744",11,67414078
10,"rs4520603",11,67417883,"G","C",0.0825406,0.351152,0.0156396,1.2e-111,26490,"ACY3","ENSG00000132744",11,67414078
17,"rs948446",11,67416638,"C","T",0.0288032,-0.127061,0.0288147,1.04e-05,21508,"ACY3","ENSG00000132744",11,67414078
