"V1","SNP","chr","pos","effect_allele.exposure","other_allele.exposure","eaf.exposure","beta.exposure","se.exposure","pval.exposure","samplesize.exposure","exposure","id.exposure","gene-chr","gene-pos"
2,"rs10414545",19,10674715,"C","A",0.533185,-0.159864,0.00852818,2.11e-78,27269,"CDKN2D","ENSG00000129355",19,10678436
3,"rs11666515",19,10682717,"A","G",0.0710754,0.0900411,0.0154806,6.01e-09,31568,"CDKN2D","ENSG00000129355",19,10678436
5,"rs140326356",19,10676342,"A","G",0.0158468,-0.220085,0.0404241,5.2e-08,19589,"CDKN2D","ENSG00000129355",19,10678436
21,"rs3826708",19,10675412,"A","G",0.14334,0.103441,0.0113425,7.53e-20,31568,"CDKN2D","ENSG00000129355",19,10678436
