"V1","SNP","chr","pos","effect_allele.exposure","other_allele.exposure","eaf.exposure","beta.exposure","se.exposure","pval.exposure","samplesize.exposure","exposure","id.exposure","gene-chr","gene-pos"
2,"rs144162015",17,15153399,"C","A",0.0200368,-0.169341,0.0317773,9.88e-08,25188,"PMP22","ENSG00000109099",17,15150869
7,"rs230912",17,15153075,"A","G",0.450628,0.191334,0.00795278,6.75e-128,31355,"PMP22","ENSG00000109099",17,15150869
15,"rs3826362",17,15155057,"T","C",0.0646355,-0.179574,0.0162616,2.38e-28,31152,"PMP22","ENSG00000109099",17,15150869
20,"rs79584355",17,15146594,"T","C",0.0836187,0.172959,0.0143929,2.89e-33,31355,"PMP22","ENSG00000109099",17,15150869
