"V1","SNP","chr","pos","effect_allele.exposure","other_allele.exposure","eaf.exposure","beta.exposure","se.exposure","pval.exposure","samplesize.exposure","exposure","id.exposure","gene-chr","gene-pos"
18,"rs8177425",5,150402873,"T","C",0.0185523,0.285854,0.0309246,2.38e-20,28630,"GPX3","ENSG00000211445",5,150404339
25,"rs8177441",5,150405994,"C","G",0.214334,-0.163458,0.00965093,2.4e-64,31592,"GPX3","ENSG00000211445",5,150404339
27,"rs8177447",5,150407456,"T","C",0.153684,0.177012,0.0109716,1.48e-58,31675,"GPX3","ENSG00000211445",5,150404339
28,"rs8177449",5,150407939,"T","C",0.0699942,0.198651,0.0157337,1.52e-36,30870,"GPX3","ENSG00000211445",5,150404339
