"V1","SNP","chr","pos","effect_allele.exposure","other_allele.exposure","eaf.exposure","beta.exposure","se.exposure","pval.exposure","samplesize.exposure","exposure","id.exposure","gene-chr","gene-pos"
1,"rs113325045",1,154413242,"A","G",0.0492124,0.101365,0.0191428,1.19e-07,29134,"IL6R","ENSG00000160712",1,154409797
2,"rs114660934",1,154413904,"A","G",0.0404074,0.123315,0.0210277,4.51e-09,29130,"IL6R","ENSG00000160712",1,154409797
7,"rs4845371",1,154408340,"T","C",0.444323,0.088002,0.00797958,2.79e-28,31684,"IL6R","ENSG00000160712",1,154409797
15,"rs59502179",1,154412080,"T","C",0.0165893,-0.306942,0.0445231,5.42e-12,15413,"IL6R","ENSG00000160712",1,154409797
21,"rs61812596",1,154414691,"T","C",0.164719,-0.0609937,0.010704,1.21e-08,31684,"IL6R","ENSG00000160712",1,154409797
