"V1","SNP","chr","pos","effect_allele.exposure","other_allele.exposure","eaf.exposure","beta.exposure","se.exposure","pval.exposure","samplesize.exposure","exposure","id.exposure","gene-chr","gene-pos"
1,"rs13265442",8,120623995,"A","G",0.0269087,-0.217514,0.0279458,7.06e-15,24390,"ENPP2","ENSG00000136960",8,120627509
2,"rs147305264",8,120629959,"T","C",0.0194868,-0.208141,0.0327297,2.03e-10,24387,"ENPP2","ENSG00000136960",8,120627509
3,"rs6469833",8,120627067,"A","T",0.398169,-0.202341,0.00807826,1.85e-138,31346,"ENPP2","ENSG00000136960",8,120627509
7,"rs76267134",8,120628235,"C","T",0.0434218,-0.131252,0.0196839,2.59e-11,31023,"ENPP2","ENSG00000136960",8,120627509
