"V1","SNP","chr","pos","effect_allele.exposure","other_allele.exposure","eaf.exposure","beta.exposure","se.exposure","pval.exposure","samplesize.exposure","exposure","id.exposure","gene-chr","gene-pos"
3,"rs117714411",6,135258837,"T","C",0.0323711,-0.240042,0.0242193,3.72e-23,27115,"ALDH8A1","ENSG00000118514",6,135254894
17,"rs3817776",6,135256756,"C","T",0.456682,-0.328916,0.00787159,0,30776,"ALDH8A1","ENSG00000118514",6,135254894
18,"rs4646873",6,135259371,"A","G",0.0711859,-0.218085,0.0163457,1.32e-40,28125,"ALDH8A1","ENSG00000118514",6,135254894
23,"rs76849326",6,135257433,"G","A",0.0209361,0.176703,0.0334906,1.32e-07,21720,"ALDH8A1","ENSG00000118514",6,135254894
