"V1","SNP","chr","pos","effect_allele.exposure","other_allele.exposure","eaf.exposure","beta.exposure","se.exposure","pval.exposure","samplesize.exposure","exposure","id.exposure","gene-chr","gene-pos"
2,"rs139495222",1,160814563,"A","G",0.0136427,0.27931,0.0521179,8.36e-08,13651,"CD244","ENSG00000122223",1,160816321
5,"rs2779792",1,160816182,"C","T",0.448401,0.165272,0.00793356,2.22e-96,31684,"CD244","ENSG00000122223",1,160816321
15,"rs539771",1,160814420,"C","A",0.11054,0.313878,0.0126113,9.89e-137,31355,"CD244","ENSG00000122223",1,160816321
21,"rs61803260",1,160813763,"A","G",0.0784089,0.34649,0.015067,5.04e-117,29951,"CD244","ENSG00000122223",1,160816321
