"V1","SNP","chr","pos","effect_allele.exposure","other_allele.exposure","eaf.exposure","beta.exposure","se.exposure","pval.exposure","samplesize.exposure","exposure","id.exposure","gene-chr","gene-pos"
2,"rs114932762",3,38251317,"A","G",0.016919,-0.153865,0.0350202,1.11e-05,24491,"OXSR1","ENSG00000172939",3,38251779
3,"rs1392283",3,38254588,"C","T",0.0329899,0.10526,0.0235786,8.04e-06,28173,"OXSR1","ENSG00000172939",3,38251779
4,"rs4955408",3,38252406,"A","G",0.285355,-0.0948543,0.00878053,3.34e-27,31684,"OXSR1","ENSG00000172939",3,38251779
6,"rs61018091",3,38249893,"T","C",0.0545406,-0.12146,0.017512,4.04e-12,31569,"OXSR1","ENSG00000172939",3,38251779
