"V1","SNP","chr","pos","effect_allele.exposure","other_allele.exposure","eaf.exposure","beta.exposure","se.exposure","pval.exposure","samplesize.exposure","exposure","id.exposure","gene-chr","gene-pos"
1,"rs112802859",20,35549787,"A","C",0.080538,-0.101521,0.0168225,1.59e-09,23821,"SAMHD1","ENSG00000101347",20,35549439
4,"rs147796706",20,35546017,"T","G",0.0247477,-0.215525,0.0268641,1.03e-15,28641,"SAMHD1","ENSG00000101347",20,35549439
13,"rs6030188",20,35553622,"C","T",0.220865,-0.0839007,0.00959699,2.28e-18,31470,"SAMHD1","ENSG00000101347",20,35549439
15,"rs6030200",20,35554361,"A","G",0.313436,0.181474,0.0086001,7.72e-99,30970,"SAMHD1","ENSG00000101347",20,35549439
