"V1","SNP","chr","pos","effect_allele.exposure","other_allele.exposure","eaf.exposure","beta.exposure","se.exposure","pval.exposure","samplesize.exposure","exposure","id.exposure","gene-chr","gene-pos"
9,"rs12348629",9,116042118,"A","T",0.052243,-0.144259,0.018308,3.28e-15,30064,"PRPF4","ENSG00000136875",9,116046404
13,"rs17763934",9,116045088,"G","A",0.207411,0.162923,0.00975493,1.28e-62,31684,"PRPF4","ENSG00000136875",9,116046404
18,"rs4524864",9,116041805,"C","T",0.246007,-0.0533998,0.0092368,7.42e-09,31560,"PRPF4","ENSG00000136875",9,116046404
