"V1","SNP","chr","pos","effect_allele.exposure","other_allele.exposure","eaf.exposure","beta.exposure","se.exposure","pval.exposure","samplesize.exposure","exposure","id.exposure","gene-chr","gene-pos"
1,"rs1003598",17,64551407,"A","C",0.512287,-0.0349161,0.00795972,1.15e-05,31567,"PRKCA","ENSG00000154229",17,64552807
2,"rs1003599",17,64549919,"T","C",0.084633,-0.175745,0.0142382,5.3e-35,31684,"PRKCA","ENSG00000154229",17,64552807
14,"rs7211269",17,64556774,"T","C",0.0945733,0.073572,0.0135697,5.9e-08,31684,"PRKCA","ENSG00000154229",17,64552807
19,"rs77555585",17,64554887,"T","C",0.0180518,0.207325,0.0317108,6.23e-11,28009,"PRKCA","ENSG00000154229",17,64552807
