"V1","SNP","chr","pos","effect_allele.exposure","other_allele.exposure","eaf.exposure","beta.exposure","se.exposure","pval.exposure","samplesize.exposure","exposure","id.exposure","gene-chr","gene-pos"
18,"rs12987977",2,102975336,"G","T",0.38316,0.243639,0.0080558,6.29e-201,31684,"IL18R1","ENSG00000115604",2,102971603
26,"rs1861246",2,102966783,"T","C",0.249934,-0.263192,0.00907162,4.54e-185,31568,"IL18R1","ENSG00000115604",2,102971603
58,"rs76943877",2,102970677,"C","T",0.119197,-0.312379,0.0121559,1.24e-145,31569,"IL18R1","ENSG00000115604",2,102971603
59,"rs77598713",2,102968777,"T","C",0.0996641,0.246735,0.013213,8.12e-78,31569,"IL18R1","ENSG00000115604",2,102971603
