"V1","SNP","chr","pos","effect_allele.exposure","other_allele.exposure","eaf.exposure","beta.exposure","se.exposure","pval.exposure","samplesize.exposure","exposure","id.exposure","gene-chr","gene-pos"
1,"rs10789507",1,47820192,"T","C",0.180991,0.0510088,0.0103207,7.72e-07,31644,"CMPK1","ENSG00000162368",1,47821990
7,"rs115516736",1,47817529,"T","C",0.0555657,-0.178105,0.0417794,2.02e-05,5440,"CMPK1","ENSG00000162368",1,47821990
11,"rs12749507",1,47818917,"G","A",0.279868,-0.214758,0.00877159,2.22e-132,31644,"CMPK1","ENSG00000162368",1,47821990
12,"rs142104228",1,47820390,"A","G",0.0249677,-0.194895,0.0269311,4.59e-13,28265,"CMPK1","ENSG00000162368",1,47821990
