"V1","SNP","chr","pos","effect_allele.exposure","other_allele.exposure","eaf.exposure","beta.exposure","se.exposure","pval.exposure","samplesize.exposure","exposure","id.exposure","gene-chr","gene-pos"
3,"rs140253702",3,46401606,"G","A",0.0164685,0.212219,0.0347582,1.02e-09,25515,"CCR2","ENSG00000121807",3,46398822
11,"rs3092964",3,46395585,"G","A",0.23046,0.217015,0.0095449,1.97e-114,30429,"CCR2","ENSG00000121807",3,46398822
17,"rs3918357",3,46393970,"A","C",0.0959525,-0.084,0.0137547,1.02e-09,30428,"CCR2","ENSG00000121807",3,46398822
24,"rs3918365",3,46398364,"G","A",0.0822664,-0.16767,0.0147214,4.71e-30,30429,"CCR2","ENSG00000121807",3,46398822
