"V1","SNP","chr","pos","effect_allele.exposure","other_allele.exposure","eaf.exposure","beta.exposure","se.exposure","pval.exposure","samplesize.exposure","exposure","id.exposure","gene-chr","gene-pos"
13,"rs2071580",1,203149154,"T","C",0.0180347,-0.477049,0.0369044,3.19e-38,20563,"CHI3L1","ENSG00000133048",1,203151968
26,"rs884209",1,203147289,"G","A",0.457571,-0.410303,0.00845714,0,25812,"CHI3L1","ENSG00000133048",1,203151968
30,"rs946260",1,203152320,"G","A",0.0560328,-0.424429,0.0202559,1.75e-97,22600,"CHI3L1","ENSG00000133048",1,203151968
