"V1","SNP","chr","pos","effect_allele.exposure","other_allele.exposure","eaf.exposure","beta.exposure","se.exposure","pval.exposure","samplesize.exposure","exposure","id.exposure","gene-chr","gene-pos"
1,"rs17071168",13,48612372,"G","A",0.12896,0.0633834,0.0118878,9.72e-08,31470,"NUDT15","ENSG00000136159",13,48616530
2,"rs190298970",13,48620882,"T","C",0.0189563,-0.148657,0.034013,1.24e-05,23219,"NUDT15","ENSG00000136159",13,48616530
5,"rs80122925",13,48612153,"T","C",0.0222768,0.215298,0.0361967,2.71e-09,17487,"NUDT15","ENSG00000136159",13,48616530
