"V1","SNP","chr","pos","effect_allele.exposure","other_allele.exposure","eaf.exposure","beta.exposure","se.exposure","pval.exposure","samplesize.exposure","exposure","id.exposure","gene-chr","gene-pos"
2,"rs12664430",6,33272677,"T","C",0.0731542,0.0998559,0.0233004,1.82e-05,13566,"TAPBP","ENSG00000231925",6,33274817
10,"rs2071889",6,33272712,"C","A",0.472948,-0.216285,0.0120172,2.02e-72,13566,"TAPBP","ENSG00000231925",6,33274817
13,"rs35404844",6,33269881,"G","T",0.0409117,-0.144984,0.0306223,2.19e-06,13566,"TAPBP","ENSG00000231925",6,33274817
14,"rs9277972",6,33276770,"T","A",0.170823,0.139362,0.0160874,4.6e-18,13565,"TAPBP","ENSG00000231925",6,33274817
