"V1","SNP","chr","pos","effect_allele.exposure","other_allele.exposure","eaf.exposure","beta.exposure","se.exposure","pval.exposure","samplesize.exposure","exposure","id.exposure","gene-chr","gene-pos"
1,"rs117944811",20,43260909,"G","A",0.0379542,-0.188667,0.0363562,2.11e-07,10333,"ADA","ENSG00000196839",20,43264518
4,"rs2515692",20,43268929,"T","C",0.0439771,0.496314,0.0335724,1.87e-49,10333,"ADA","ENSG00000196839",20,43264518
5,"rs371927",20,43263036,"G","A",0.097793,0.152823,0.0198921,1.56e-14,14263,"ADA","ENSG00000196839",20,43264518
6,"rs3787359",20,43266854,"G","A",0.180658,0.26202,0.0152392,2.96e-66,14250,"ADA","ENSG00000196839",20,43264518
