"V1","SNP","chr","pos","effect_allele.exposure","other_allele.exposure","eaf.exposure","beta.exposure","se.exposure","pval.exposure","samplesize.exposure","exposure","id.exposure","gene-chr","gene-pos"
2,"rs113147008",17,7460743,"A","G",0.022734,-0.142072,0.0278955,3.52e-07,28894,"TNFSF12","ENSG00000239697",17,7458566
4,"rs11552708",17,7462555,"A","G",0.108194,-0.204102,0.0128395,6.71e-57,31181,"TNFSF12","ENSG00000239697",17,7458566
6,"rs117322070",17,7455610,"T","C",0.0323462,-0.115077,0.0237448,1.26e-06,28308,"TNFSF12","ENSG00000239697",17,7458566
10,"rs12602989",17,7456489,"T","C",0.174614,-0.213707,0.0104149,1.44e-93,31562,"TNFSF12","ENSG00000239697",17,7458566
14,"rs12940684",17,7453919,"C","T",0.293153,0.499379,0.00826355,0,31684,"TNFSF12","ENSG00000239697",17,7458566
16,"rs143094271",17,7463102,"A","G",0.0254317,-0.224673,0.0265578,2.68e-17,28530,"TNFSF12","ENSG00000239697",17,7458566
23,"rs4968210",17,7457352,"A","G",0.42076,-0.225471,0.00794639,4.21e-177,31684,"TNFSF12","ENSG00000239697",17,7458566
24,"rs55725943",17,7461267,"C","G",0.0963342,-0.130513,0.030273,1.62e-05,6248,"TNFSF12","ENSG00000239697",17,7458566
