"V1","SNP","chr","pos","effect_allele.exposure","other_allele.exposure","eaf.exposure","beta.exposure","se.exposure","pval.exposure","samplesize.exposure","exposure","id.exposure","gene-chr","gene-pos"
1,"rs115266906",16,1405970,"A","G",0.0502389,0.218188,0.0224109,2.12e-22,20770,"GNPTG","ENSG00000090581",16,1407638
2,"rs35388401",16,1404746,"T","C",0.0168098,-0.241142,0.0454403,1.12e-07,14623,"GNPTG","ENSG00000090581",16,1407638
5,"rs4984820",16,1407809,"T","C",0.069661,0.339743,0.0178446,8.11e-81,23866,"GNPTG","ENSG00000090581",16,1407638
9,"rs742460",16,1405537,"T","C",0.282194,-0.127084,0.010128,4.09e-36,23906,"GNPTG","ENSG00000090581",16,1407638
