"V1","SNP","chr","pos","effect_allele.exposure","other_allele.exposure","eaf.exposure","beta.exposure","se.exposure","pval.exposure","samplesize.exposure","exposure","id.exposure","gene-chr","gene-pos"
1,"rs12550234",8,117877476,"C","T",0.172927,0.257903,0.0104587,2.93e-134,31352,"RAD21","ENSG00000164754",8,117872639
3,"rs16888926",8,117869359,"T","C",0.0163951,0.234177,0.0356759,5.24e-11,24318,"RAD21","ENSG00000164754",8,117872639
23,"rs3020111",8,117868263,"C","G",0.0248908,-0.883806,0.0253943,2.16e-265,30734,"RAD21","ENSG00000164754",8,117872639
24,"rs3020117",8,117870196,"A","C",0.379836,-0.383438,0.00793779,0,31354,"RAD21","ENSG00000164754",8,117872639
