"V1","SNP","chr","pos","effect_allele.exposure","other_allele.exposure","eaf.exposure","beta.exposure","se.exposure","pval.exposure","samplesize.exposure","exposure","id.exposure","gene-chr","gene-pos"
2,"rs114729907",2,182366009,"A","G",0.0113877,0.595746,0.0740499,8.61e-16,8035,"ITGA4","ENSG00000115232",2,182361421
6,"rs148954635",2,182356690,"A","G",0.022931,0.154055,0.0324327,2.03e-06,21194,"ITGA4","ENSG00000115232",2,182361421
9,"rs16867434",2,182359592,"C","T",0.0887171,-0.195924,0.015392,4.08e-37,25942,"ITGA4","ENSG00000115232",2,182361421
10,"rs1816990",2,182366107,"G","C",0.126238,0.359907,0.0129749,2.39e-169,26157,"ITGA4","ENSG00000115232",2,182361421
11,"rs2305586",2,182360182,"C","T",0.128678,-0.234992,0.0128653,1.55e-74,26609,"ITGA4","ENSG00000115232",2,182361421
