"V1","SNP","chr","pos","effect_allele.exposure","other_allele.exposure","eaf.exposure","beta.exposure","se.exposure","pval.exposure","samplesize.exposure","exposure","id.exposure","gene-chr","gene-pos"
2,"rs147255904",19,10391597,"T","A",0.04254,0.119597,0.0231795,2.47e-07,22823,"ICAM1","ENSG00000090339",19,10389401
3,"rs2358581",19,10391611,"T","G",0.314816,-0.0645077,0.00933838,4.92e-12,26532,"ICAM1","ENSG00000090339",19,10389401
6,"rs281431",19,10389945,"C","T",0.361571,0.123542,0.00949625,1.08e-38,23850,"ICAM1","ENSG00000090339",19,10389401
14,"rs5030397",19,10392387,"T","G",0.0279379,0.167399,0.0293241,1.14e-08,21379,"ICAM1","ENSG00000090339",19,10389401
