"V1","SNP","chr","pos","effect_allele.exposure","other_allele.exposure","eaf.exposure","beta.exposure","se.exposure","pval.exposure","samplesize.exposure","exposure","id.exposure","gene-chr","gene-pos"
1,"rs10138759",14,23492276,"A","G",0.0753422,0.204884,0.0153508,1.24e-40,30280,"PSMB5","ENSG00000100804",14,23495095
8,"rs73596476",14,23496311,"T","G",0.0840987,0.238419,0.0150587,1.85e-56,28375,"PSMB5","ENSG00000100804",14,23495095
10,"rs78295775",14,23499919,"T","C",0.118917,-0.120232,0.0122771,1.2e-22,31564,"PSMB5","ENSG00000100804",14,23495095
13,"rs941717",14,23494987,"C","T",0.459064,0.0565083,0.00814921,4.09e-12,30273,"PSMB5","ENSG00000100804",14,23495095
