"V1","SNP","chr","pos","effect_allele.exposure","other_allele.exposure","eaf.exposure","beta.exposure","se.exposure","pval.exposure","samplesize.exposure","exposure","id.exposure","gene-chr","gene-pos"
5,"rs10900460",1,205149590,"T","C",0.178381,0.384248,0.0102032,0,31352,"DSTYK","ENSG00000133059",1,205146179
8,"rs113964447",1,205141373,"T","C",0.021324,0.514916,0.0280065,1.71e-75,30208,"DSTYK","ENSG00000133059",1,205146179
19,"rs61823960",1,205146799,"G","A",0.111937,0.268599,0.0126415,3.48e-100,31023,"DSTYK","ENSG00000133059",1,205146179
20,"rs7512022",1,205141232,"G","A",0.407818,0.414809,0.00778127,0,31352,"DSTYK","ENSG00000133059",1,205146179
