"V1","SNP","chr","pos","effect_allele.exposure","other_allele.exposure","eaf.exposure","beta.exposure","se.exposure","pval.exposure","samplesize.exposure","exposure","id.exposure","gene-chr","gene-pos"
1,"rs112616450",16,55850575,"C","A",0.0491086,0.372109,0.0405834,4.77e-20,6417,"CES1","ENSG00000198848",16,55852006
5,"rs139508669",16,55853324,"T","C",0.020907,-0.57825,0.0732333,2.88e-15,4492,"CES1","ENSG00000198848",16,55852006
8,"rs1814268",16,55853059,"A","G",0.132523,-0.724884,0.0250722,8.44e-184,6083,"CES1","ENSG00000198848",16,55852006
19,"rs28461890",16,55849692,"T","C",0.016834,0.736153,0.0902214,3.37e-16,3645,"CES1","ENSG00000198848",16,55852006
