"V1","SNP","chr","pos","effect_allele.exposure","other_allele.exposure","eaf.exposure","beta.exposure","se.exposure","pval.exposure","samplesize.exposure","exposure","id.exposure","gene-chr","gene-pos"
2,"rs10490816",3,10335172,"C","G",0.28634,-0.220421,0.0129673,8.47e-65,14262,"GHRL","ENSG00000157017",3,10330995
7,"rs26311",3,10332926,"G","C",0.116231,0.240662,0.0183697,3.25e-39,14253,"GHRL","ENSG00000157017",3,10330995
10,"rs27647",3,10332468,"C","T",0.362058,0.0598072,0.0124583,1.58e-06,13925,"GHRL","ENSG00000157017",3,10330995
11,"rs35679",3,10330576,"T","C",0.216763,0.0863061,0.0143576,1.84e-09,14251,"GHRL","ENSG00000157017",3,10330995
