"V1","SNP","chr","pos","effect_allele.exposure","other_allele.exposure","eaf.exposure","beta.exposure","se.exposure","pval.exposure","samplesize.exposure","exposure","id.exposure","gene-chr","gene-pos"
1,"rs112904743",4,170427223,"A","C",0.0304148,-0.139497,0.0245179,1.27e-08,28172,"NEK1","ENSG00000137601",4,170424103
18,"rs72691094",4,170422462,"C","T",0.457915,0.184895,0.0079468,9.66e-120,31355,"NEK1","ENSG00000137601",4,170424103
19,"rs72691096",4,170425384,"T","C",0.0676946,-0.0889754,0.0158873,2.14e-08,31355,"NEK1","ENSG00000137601",4,170424103
20,"rs72974708",4,170423192,"A","C",0.101958,0.320304,0.0130485,4.63e-133,31470,"NEK1","ENSG00000137601",4,170424103
