"V1","SNP","chr","pos","effect_allele.exposure","other_allele.exposure","eaf.exposure","beta.exposure","se.exposure","pval.exposure","samplesize.exposure","exposure","id.exposure","gene-chr","gene-pos"
2,"rs117454282",15,41139702,"T","C",0.0272861,-0.337693,0.0274819,1.05e-34,24792,"SPINT1","ENSG00000166145",15,41143310
3,"rs17658212",15,41145919,"T","C",0.0544404,-0.122992,0.0180287,8.98e-12,29836,"SPINT1","ENSG00000166145",15,41143310
11,"rs659232",15,41148199,"C","T",0.176927,-0.119971,0.0104069,9.53e-31,31569,"SPINT1","ENSG00000166145",15,41143310
