"V1","SNP","chr","pos","effect_allele.exposure","other_allele.exposure","eaf.exposure","beta.exposure","se.exposure","pval.exposure","samplesize.exposure","exposure","id.exposure","gene-chr","gene-pos"
3,"rs111299237",9,99230366,"C","T",0.0189526,0.170957,0.0349347,9.9e-07,22012,"HABP4","ENSG00000130956",9,99233050
7,"rs13301352",9,99231825,"C","T",0.0417733,-0.268137,0.0202048,3.41e-40,30422,"HABP4","ENSG00000130956",9,99233050
9,"rs55665228",9,99234329,"T","C",0.180057,0.170415,0.0103765,1.31e-60,31185,"HABP4","ENSG00000130956",9,99233050
12,"rs7870253",9,99231096,"A","T",0.216906,-0.190817,0.0095854,3.54e-88,31641,"HABP4","ENSG00000130956",9,99233050
