"V1","SNP","chr","pos","effect_allele.exposure","other_allele.exposure","eaf.exposure","beta.exposure","se.exposure","pval.exposure","samplesize.exposure","exposure","id.exposure","gene-chr","gene-pos"
5,"rs12608098",18,43317899,"T","C",0.0848617,0.413816,0.0140732,4.82e-190,31643,"SLC14A1","ENSG00000141469",18,43318288
10,"rs2298718",18,43316538,"A","G",0.429047,-0.153409,0.00798488,2.91e-82,31644,"SLC14A1","ENSG00000141469",18,43318288
17,"rs537380",18,43313309,"A","G",0.0726983,-0.259056,0.0156197,8.92e-62,30125,"SLC14A1","ENSG00000141469",18,43318288
