"V1","SNP","chr","pos","effect_allele.exposure","other_allele.exposure","eaf.exposure","beta.exposure","se.exposure","pval.exposure","samplesize.exposure","exposure","id.exposure","gene-chr","gene-pos"
2,"rs13066064",3,195784447,"A","G",0.0484865,-0.139642,0.0204766,9.13e-12,25801,"TFRC","ENSG00000072274",3,195781557
4,"rs17788373",3,195776590,"A","G",0.051775,-0.108225,0.0202684,9.32e-08,24761,"TFRC","ENSG00000072274",3,195781557
5,"rs17788379",3,195777211,"T","C",0.107539,0.0607295,0.0139878,1.41e-05,26609,"TFRC","ENSG00000072274",3,195781557
7,"rs366268",3,195782177,"G","A",0.324858,0.136927,0.009372,2.42e-48,25742,"TFRC","ENSG00000072274",3,195781557
11,"rs41297523",3,195784648,"C","T",0.0908355,0.198772,0.0164465,1.25e-33,22238,"TFRC","ENSG00000072274",3,195781557
28,"rs9809253",3,195780535,"T","C",0.160596,-0.196738,0.0117706,1.03e-62,26492,"TFRC","ENSG00000072274",3,195781557
