"V1","SNP","chr","pos","effect_allele.exposure","other_allele.exposure","eaf.exposure","beta.exposure","se.exposure","pval.exposure","samplesize.exposure","exposure","id.exposure","gene-chr","gene-pos"
1,"rs10489534",1,40325764,"T","G",0.0282842,0.178573,0.024112,1.3e-13,31238,"TRIT1","ENSG00000043514",1,40327945
9,"rs148064937",1,40330141,"T","C",0.104424,-0.590086,0.0125831,0,31568,"TRIT1","ENSG00000043514",1,40327945
14,"rs59523475",1,40332118,"C","T",0.0589775,0.584391,0.0167602,2.3e-266,30856,"TRIT1","ENSG00000043514",1,40327945
17,"rs61779842",1,40324784,"T","G",0.205046,0.303225,0.00970843,3.78e-214,31569,"TRIT1","ENSG00000043514",1,40327945
