"V1","SNP","chr","pos","effect_allele.exposure","other_allele.exposure","eaf.exposure","beta.exposure","se.exposure","pval.exposure","samplesize.exposure","exposure","id.exposure","gene-chr","gene-pos"
5,"rs11085104",19,4855680,"A","G",0.20146,0.151687,0.0113739,1.42e-40,23848,"PLIN3","ENSG00000105355",19,4853066
11,"rs12982204",19,4851363,"C","G",0.387981,0.0488197,0.00933061,1.68e-07,24161,"PLIN3","ENSG00000105355",19,4853066
15,"rs145642145",19,4850737,"A","G",0.127115,-0.0670002,0.0129254,2.18e-07,26945,"PLIN3","ENSG00000105355",19,4853066
19,"rs1809980",19,4856287,"T","C",0.132871,-0.112942,0.0123044,4.35e-20,28579,"PLIN3","ENSG00000105355",19,4853066
32,"rs4807658",19,4853718,"G","A",0.454948,-0.071141,0.008002,6.09e-19,31411,"PLIN3","ENSG00000105355",19,4853066
