"V1","SNP","chr","pos","effect_allele.exposure","other_allele.exposure","eaf.exposure","beta.exposure","se.exposure","pval.exposure","samplesize.exposure","exposure","id.exposure","gene-chr","gene-pos"
2,"rs11112132",12,105005846,"C","T",0.222875,-0.0548282,0.00955995,9.74e-09,31554,"CHST11","ENSG00000171310",12,105002432
5,"rs2888827",12,104999378,"A","T",0.176378,0.0893652,0.0104321,1.07e-17,31555,"CHST11","ENSG00000171310",12,105002432
6,"rs7298542",12,105007312,"T","C",0.243224,-0.0469417,0.00927298,4.14e-07,31565,"CHST11","ENSG00000171310",12,105002432
