"V1","SNP","chr","pos","effect_allele.exposure","other_allele.exposure","eaf.exposure","beta.exposure","se.exposure","pval.exposure","samplesize.exposure","exposure","id.exposure","gene-chr","gene-pos"
7,"rs72871713",11,18514481,"A","G",0.0339954,0.120751,0.0240168,4.96e-07,26372,"TSG101","ENSG00000074319",11,18519331
8,"rs80140828",11,18522147,"A","C",0.0451557,-0.089534,0.0192596,3.34e-06,31240,"TSG101","ENSG00000074319",11,18519331
9,"rs868069",11,18517021,"G","A",0.356534,0.0731766,0.00829874,1.17e-18,31569,"TSG101","ENSG00000074319",11,18519331
