"V1","SNP","chr","pos","effect_allele.exposure","other_allele.exposure","eaf.exposure","beta.exposure","se.exposure","pval.exposure","samplesize.exposure","exposure","id.exposure","gene-chr","gene-pos"
3,"rs12669537",7,134132443,"T","C",0.186723,-0.0833224,0.0108065,1.25e-14,28135,"AKR1B1","ENSG00000085662",7,134135569
5,"rs1708432",7,134136219,"G","T",0.29958,-0.071801,0.00913824,3.93e-15,28473,"AKR1B1","ENSG00000085662",7,134135569
8,"rs17660462",7,134133620,"G","T",0.225423,0.291325,0.00988087,4.67e-191,28461,"AKR1B1","ENSG00000085662",7,134135569
10,"rs1790999",7,134137888,"A","C",0.0345855,0.112194,0.0232622,1.41e-06,27651,"AKR1B1","ENSG00000085662",7,134135569
13,"rs2670227",7,134137207,"C","T",0.023521,0.47869,0.0283413,5.31e-64,26818,"AKR1B1","ENSG00000085662",7,134135569
18,"rs2734653",7,134133291,"A","G",0.234388,-0.14852,0.00989172,5.89e-51,28250,"AKR1B1","ENSG00000085662",7,134135569
