"V1","SNP","chr","pos","effect_allele.exposure","other_allele.exposure","eaf.exposure","beta.exposure","se.exposure","pval.exposure","samplesize.exposure","exposure","id.exposure","gene-chr","gene-pos"
1,"rs112537702",1,157736098,"G","A",0.153177,0.133188,0.0110255,1.35e-33,31564,"FCRL2","ENSG00000132704",1,157731222
4,"rs11810141",1,157735116,"A","G",0.235613,-0.126225,0.00935251,1.64e-41,31557,"FCRL2","ENSG00000132704",1,157731222
14,"rs9426988",1,157726407,"T","C",0.0565286,-0.0931529,0.0172257,6.38e-08,31566,"FCRL2","ENSG00000132704",1,157731222
