"V1","SNP","chr","pos","effect_allele.exposure","other_allele.exposure","eaf.exposure","beta.exposure","se.exposure","pval.exposure","samplesize.exposure","exposure","id.exposure","gene-chr","gene-pos"
2,"rs10788599",10,90187924,"G","A",0.373004,-0.0392536,0.00822617,1.83e-06,31568,"RNLS","ENSG00000184719",10,90188954
5,"rs149604409",10,90189935,"A","G",0.022391,-0.199592,0.0285441,2.7e-12,27986,"RNLS","ENSG00000184719",10,90188954
7,"rs72820032",10,90192540,"T","C",0.0915629,-0.0809845,0.0137921,4.31e-09,31565,"RNLS","ENSG00000184719",10,90188954
13,"rs79355932",10,90191200,"C","T",0.225459,0.0636479,0.00951815,2.28e-11,31561,"RNLS","ENSG00000184719",10,90188954
