"V1","SNP","chr","pos","effect_allele.exposure","other_allele.exposure","eaf.exposure","beta.exposure","se.exposure","pval.exposure","samplesize.exposure","exposure","id.exposure","gene-chr","gene-pos"
8,"rs12433552",14,51365639,"A","G",0.0176743,-0.567838,0.0322738,2.72e-69,27339,"PYGL","ENSG00000100504",14,51368031
15,"rs12889552",14,51368402,"C","T",0.145735,-0.092796,0.011755,2.92e-15,29002,"PYGL","ENSG00000100504",14,51368031
21,"rs1959527",14,51372333,"G","A",0.21389,0.196283,0.00998295,4.58e-86,29452,"PYGL","ENSG00000100504",14,51368031
37,"rs73284788",14,51367328,"T","C",0.0632959,0.284197,0.0165433,3.81e-66,30519,"PYGL","ENSG00000100504",14,51368031
