"V1","SNP","chr","pos","effect_allele.exposure","other_allele.exposure","eaf.exposure","beta.exposure","se.exposure","pval.exposure","samplesize.exposure","exposure","id.exposure","gene-chr","gene-pos"
3,"rs138968912",19,14510113,"A","G",0.0289218,0.172477,0.0305139,1.58e-08,19089,"CD97","ENSG00000123146",19,14505425
6,"rs3786656",19,14506664,"T","C",0.261234,0.0968709,0.0104196,1.44e-20,23777,"CD97","ENSG00000123146",19,14505425
8,"rs67023356",19,14507633,"G","A",0.26539,-0.0535912,0.0110384,1.2e-06,21024,"CD97","ENSG00000123146",19,14505425
9,"rs7260110",19,14501544,"G","A",0.352155,-0.0632103,0.00937115,1.53e-11,24910,"CD97","ENSG00000123146",19,14505425
