"V1","SNP","chr","pos","effect_allele.exposure","other_allele.exposure","eaf.exposure","beta.exposure","se.exposure","pval.exposure","samplesize.exposure","exposure","id.exposure","gene-chr","gene-pos"
3,"rs116309955",5,64874904,"A","G",0.0334252,-0.137317,0.0234634,4.85e-09,28077,"PPWD1","ENSG00000113593",5,64871219
5,"rs138927551",5,64869456,"A","G",0.0415178,0.288495,0.0220916,5.65e-39,25575,"PPWD1","ENSG00000113593",5,64871219
13,"rs17233185",5,64872697,"G","A",0.0450875,0.235285,0.0204453,1.2e-30,27650,"PPWD1","ENSG00000113593",5,64871219
18,"rs36224",5,64866594,"G","A",0.362157,0.339143,0.0080848,0,31355,"PPWD1","ENSG00000113593",5,64871219
