"V1","SNP","chr","pos","effect_allele.exposure","other_allele.exposure","eaf.exposure","beta.exposure","se.exposure","pval.exposure","samplesize.exposure","exposure","id.exposure","gene-chr","gene-pos"
6,"rs136150",22,36654145,"T","A",0.210207,-0.155558,0.00972991,1.56e-57,31556,"APOL1","ENSG00000100342",22,36656316
28,"rs4820224",22,36653275,"A","G",0.0881651,0.134102,0.014325,7.87e-21,30221,"APOL1","ENSG00000100342",22,36656316
33,"rs78188930",22,36655735,"A","G",0.0239771,0.205306,0.0279032,1.87e-13,27388,"APOL1","ENSG00000100342",22,36656316
34,"rs78469",22,36659188,"T","G",0.472111,0.0908632,0.00813486,5.74e-29,30192,"APOL1","ENSG00000100342",22,36656316
