"V1","SNP","chr","pos","effect_allele.exposure","other_allele.exposure","eaf.exposure","beta.exposure","se.exposure","pval.exposure","samplesize.exposure","exposure","id.exposure","gene-chr","gene-pos"
3,"rs11536881",9,120472357,"C","A",0.024186,0.199429,0.0266944,7.97e-14,29676,"TLR4","ENSG00000136869",9,120472879
4,"rs117076293",9,120467955,"G","A",0.0340744,0.143433,0.0228171,3.25e-10,29140,"TLR4","ENSG00000136869",9,120472879
6,"rs1927911",9,120470054,"A","G",0.265529,0.173763,0.00899703,4.14e-83,31300,"TLR4","ENSG00000136869",9,120472879
8,"rs2770146",9,120473338,"C","T",0.283986,-0.578341,0.00820409,0,31564,"TLR4","ENSG00000136869",9,120472879
12,"rs77841689",9,120468008,"A","G",0.0481332,0.152347,0.0188814,7.11e-16,30546,"TLR4","ENSG00000136869",9,120472879
