"V1","SNP","chr","pos","effect_allele.exposure","other_allele.exposure","eaf.exposure","beta.exposure","se.exposure","pval.exposure","samplesize.exposure","exposure","id.exposure","gene-chr","gene-pos"
3,"rs117055801",16,48437229,"A","G",0.0239475,0.180167,0.0311967,7.69e-09,21947,"SIAH1","ENSG00000196470",16,48436294
4,"rs117334374",16,48436475,"T","C",0.0562835,0.0917538,0.0193484,2.11e-06,25124,"SIAH1","ENSG00000196470",16,48436294
5,"rs143007202",16,48438139,"T","C",0.0178428,-0.169309,0.0329883,2.86e-07,26192,"SIAH1","ENSG00000196470",16,48436294
7,"rs56829365",16,48434272,"G","C",0.157236,-0.108464,0.010933,3.38e-23,31468,"SIAH1","ENSG00000196470",16,48436294
