"V1","SNP","chr","pos","effect_allele.exposure","other_allele.exposure","eaf.exposure","beta.exposure","se.exposure","pval.exposure","samplesize.exposure","exposure","id.exposure","gene-chr","gene-pos"
2,"rs10845100",12,10423949,"C","T",0.328508,0.265427,0.00835385,1.53e-221,31470,"KLRD1","ENSG00000134539",12,10424253
7,"rs117755845",12,10420631,"G","C",0.024654,0.32606,0.0299495,1.33e-27,23064,"KLRD1","ENSG00000134539",12,10424253
8,"rs12302058",12,10421819,"A","G",0.164131,-0.171365,0.0116575,6.45e-49,26602,"KLRD1","ENSG00000134539",12,10424253
10,"rs4763487",12,10422411,"T","C",0.12539,-0.051602,0.0120324,1.8e-05,31470,"KLRD1","ENSG00000134539",12,10424253
