"V1","SNP","chr","pos","effect_allele.exposure","other_allele.exposure","eaf.exposure","beta.exposure","se.exposure","pval.exposure","samplesize.exposure","exposure","id.exposure","gene-chr","gene-pos"
1,"rs113643289",14,65490727,"A","G",0.0546789,0.91566,0.0186457,0,25412,"FNTB","ENSG00000257365",14,65491403
3,"rs11627485",14,65487694,"C","T",0.426962,-0.180553,0.00871243,2.12e-95,26493,"FNTB","ENSG00000257365",14,65491403
5,"rs139277944",14,65489719,"C","T",0.0178502,-0.286309,0.0398281,6.55e-13,17927,"FNTB","ENSG00000257365",14,65491403
13,"rs80339922",14,65493112,"A","G",0.0368362,-0.178715,0.0256945,3.52e-12,21297,"FNTB","ENSG00000257365",14,65491403
