"V1","SNP","chr","pos","effect_allele.exposure","other_allele.exposure","eaf.exposure","beta.exposure","se.exposure","pval.exposure","samplesize.exposure","exposure","id.exposure","gene-chr","gene-pos"
2,"rs2745557",1,186649221,"A","G",0.170682,0.0483954,0.0105912,4.89e-06,31469,"PTGS2","ENSG00000073756",1,186645241
3,"rs4648268",1,186647138,"T","C",0.0983338,0.160626,0.0141369,6.45e-30,28088,"PTGS2","ENSG00000073756",1,186645241
7,"rs4648308",1,186640617,"T","C",0.146146,-0.133786,0.0112588,1.45e-32,31468,"PTGS2","ENSG00000073756",1,186645241
12,"rs689470",1,186641058,"A","G",0.0235354,-0.774304,0.0264564,2.71e-188,30227,"PTGS2","ENSG00000073756",1,186645241
