"V1","SNP","chr","pos","effect_allele.exposure","other_allele.exposure","eaf.exposure","beta.exposure","se.exposure","pval.exposure","samplesize.exposure","exposure","id.exposure","gene-chr","gene-pos"
1,"rs1060506",16,31133449,"T","C",0.322343,0.245484,0.00933548,2.14e-152,25573,"KAT8","ENSG00000103510",16,31134894
3,"rs117451918",16,31133793,"T","C",0.0214705,0.280876,0.0346872,5.61e-16,19714,"KAT8","ENSG00000103510",16,31134894
5,"rs149604995",16,31132633,"A","G",0.0251175,-0.158986,0.0310035,2.93e-07,21217,"KAT8","ENSG00000103510",16,31134894
9,"rs4404083",16,31136085,"T","C",0.321822,-0.074163,0.00945522,4.38e-15,25563,"KAT8","ENSG00000103510",16,31134894
