"V1","SNP","chr","pos","effect_allele.exposure","other_allele.exposure","eaf.exposure","beta.exposure","se.exposure","pval.exposure","samplesize.exposure","exposure","id.exposure","gene-chr","gene-pos"
1,"rs17717472",20,2120443,"T","C",0.0432847,-0.0992851,0.019719,4.78e-07,31025,"STK35","ENSG00000125834",20,2119970
7,"rs56136190",20,2116876,"A","G",0.0163094,-0.173206,0.0348432,6.66e-07,25646,"STK35","ENSG00000125834",20,2119970
16,"rs6137102",20,2121228,"T","C",0.228569,0.0715011,0.00948416,4.74e-14,31470,"STK35","ENSG00000125834",20,2119970
22,"rs77851109",20,2119246,"T","C",0.0431259,0.112749,0.0214401,1.45e-07,26333,"STK35","ENSG00000125834",20,2119970
