"V1","SNP","chr","pos","effect_allele.exposure","other_allele.exposure","eaf.exposure","beta.exposure","se.exposure","pval.exposure","samplesize.exposure","exposure","id.exposure","gene-chr","gene-pos"
3,"rs17243276",6,24659748,"G","C",0.0351997,-0.19019,0.0216958,1.85e-18,31200,"TDP2","ENSG00000111802",6,24658733
4,"rs17243367",6,24653749,"C","T",0.0411677,0.113703,0.0203674,2.37e-08,30504,"TDP2","ENSG00000111802",6,24658733
18,"rs3212233",6,24657482,"C","G",0.302608,0.109509,0.00863129,6.95e-37,31642,"TDP2","ENSG00000111802",6,24658733
20,"rs3212235",6,24655754,"T","C",0.0448267,-0.207727,0.0192754,4.43e-27,31314,"TDP2","ENSG00000111802",6,24658733
