"V1","SNP","chr","pos","effect_allele.exposure","other_allele.exposure","eaf.exposure","beta.exposure","se.exposure","pval.exposure","samplesize.exposure","exposure","id.exposure","gene-chr","gene-pos"
10,"rs2890658",9,5465130,"A","C",0.0863585,0.299232,0.0141641,4.59e-99,31141,"CD274","ENSG00000120217",9,5460534
18,"rs7048841",9,5460801,"C","T",0.497783,0.134334,0.00793607,2.85e-64,31470,"CD274","ENSG00000120217",9,5460534
19,"rs72705424",9,5456083,"A","G",0.0159067,0.343169,0.0384322,4.29e-19,21546,"CD274","ENSG00000120217",9,5460534
22,"rs78745832",9,5458585,"T","C",0.0853091,0.0794057,0.014407,3.56e-08,30843,"CD274","ENSG00000120217",9,5460534
23,"rs9696950",9,5462245,"T","A",0.0921268,-0.085815,0.0138385,5.6e-10,31178,"CD274","ENSG00000120217",9,5460534
