"V1","SNP","chr","pos","effect_allele.exposure","other_allele.exposure","eaf.exposure","beta.exposure","se.exposure","pval.exposure","samplesize.exposure","exposure","id.exposure","gene-chr","gene-pos"
1,"rs11198880",10,121086297,"A","C",0.044284,-0.0899162,0.0200581,7.37e-06,29344,"GRK5","ENSG00000198873",10,121091116
2,"rs138911116",10,121089531,"A","C",0.276397,0.0397938,0.00901008,1e-05,30777,"GRK5","ENSG00000198873",10,121091116
3,"rs144721704",10,121095065,"A","G",0.0433311,0.0996073,0.0207689,1.62e-06,27940,"GRK5","ENSG00000198873",10,121091116
6,"rs76667477",10,121087620,"T","C",0.0582072,-0.147892,0.0170938,5.07e-18,31140,"GRK5","ENSG00000198873",10,121091116
