"V1","SNP","chr","pos","effect_allele.exposure","other_allele.exposure","eaf.exposure","beta.exposure","se.exposure","pval.exposure","samplesize.exposure","exposure","id.exposure","gene-chr","gene-pos"
1,"rs1001581",19,44065388,"T","C",0.384156,0.0549635,0.0121644,6.23e-06,14263,"XRCC1","ENSG00000073050",19,44065908
2,"rs142327387",19,44061020,"T","G",0.0191324,-0.245535,0.052717,3.2e-06,9565,"XRCC1","ENSG00000073050",19,44065908
5,"rs2682552",19,44069741,"A","T",0.181607,0.218973,0.0152482,9.14e-47,14263,"XRCC1","ENSG00000073050",19,44065908
11,"rs3213334",19,44062519,"A","G",0.241156,-0.252369,0.0136821,5.7e-76,14255,"XRCC1","ENSG00000073050",19,44065908
