"V1","SNP","chr","pos","effect_allele.exposure","other_allele.exposure","eaf.exposure","beta.exposure","se.exposure","pval.exposure","samplesize.exposure","exposure","id.exposure","gene-chr","gene-pos"
6,"rs141976264",12,122293484,"G","A",0.0308614,-0.311759,0.0394791,2.86e-15,10663,"HPD","ENSG00000158104",12,122289467
8,"rs192348238",12,122284607,"G","T",0.0159739,0.468402,0.0606644,1.15e-14,8584,"HPD","ENSG00000158104",12,122289467
15,"rs35633723",12,122286700,"T","C",0.36394,0.513933,0.0115298,0,14261,"HPD","ENSG00000158104",12,122289467
16,"rs3741586",12,122292546,"A","G",0.0374321,-0.205504,0.03469,3.14e-09,11496,"HPD","ENSG00000158104",12,122289467
