"V1","SNP","chr","pos","effect_allele.exposure","other_allele.exposure","eaf.exposure","beta.exposure","se.exposure","pval.exposure","samplesize.exposure","exposure","id.exposure","gene-chr","gene-pos"
1,"rs10854389",21,40190620,"G","C",0.341841,0.242504,0.00833644,4.86e-186,31132,"ETS2","ENSG00000157557",21,40187055
3,"rs115786160",21,40190443,"T","C",0.0223642,0.253083,0.027617,5e-20,29901,"ETS2","ENSG00000157557",21,40187055
4,"rs2298560",21,40185975,"A","G",0.136063,-0.114664,0.0116078,5.18e-23,31470,"ETS2","ENSG00000157557",21,40187055
6,"rs77688599",21,40186439,"A","G",0.024055,-0.245982,0.0271917,1.48e-19,28723,"ETS2","ENSG00000157557",21,40187055
