"V1","SNP","chr","pos","effect_allele.exposure","other_allele.exposure","eaf.exposure","beta.exposure","se.exposure","pval.exposure","samplesize.exposure","exposure","id.exposure","gene-chr","gene-pos"
4,"rs16956478",17,6980273,"T","C",0.0257174,0.42744,0.0286036,1.71e-50,24167,"CLEC10A","ENSG00000132514",17,6980741
10,"rs378149",17,6981979,"A","G",0.0373832,0.391017,0.0222924,7.04e-69,27652,"CLEC10A","ENSG00000132514",17,6980741
11,"rs400722",17,6976284,"C","A",0.12061,-0.0578515,0.0125595,4.1e-06,29863,"CLEC10A","ENSG00000132514",17,6980741
18,"rs732828",17,6981353,"C","G",0.277115,-0.247524,0.00946574,9.96e-151,27173,"CLEC10A","ENSG00000132514",17,6980741
19,"rs74583954",17,6980746,"C","T",0.0380648,0.205554,0.0251991,3.43e-16,21438,"CLEC10A","ENSG00000132514",17,6980741
