"V1","SNP","chr","pos","effect_allele.exposure","other_allele.exposure","eaf.exposure","beta.exposure","se.exposure","pval.exposure","samplesize.exposure","exposure","id.exposure","gene-chr","gene-pos"
2,"rs113196716",11,45889122,"T","A",0.0352964,0.557583,0.0237554,7.92e-122,25470,"CRY2","ENSG00000121671",11,45886733
5,"rs4755345",11,45891508,"A","G",0.0714376,0.402415,0.0175896,7.69e-116,23839,"CRY2","ENSG00000121671",11,45886733
6,"rs7123390",11,45891418,"A","G",0.270191,-0.0419827,0.00975798,1.69e-05,26609,"CRY2","ENSG00000121671",11,45886733
7,"rs72902437",11,45882258,"C","T",0.0345852,0.256264,0.0251535,2.24e-24,23565,"CRY2","ENSG00000121671",11,45886733
