"V1","SNP","chr","pos","effect_allele.exposure","other_allele.exposure","eaf.exposure","beta.exposure","se.exposure","pval.exposure","samplesize.exposure","exposure","id.exposure","gene-chr","gene-pos"
4,"rs1501412",18,21054318,"A","G",0.0608064,-0.13931,0.0167223,8.03e-17,31240,"RIOK3","ENSG00000101782",18,21049677
8,"rs2047684",18,21050097,"G","T",0.0879633,-0.12162,0.0140338,4.47e-18,31569,"RIOK3","ENSG00000101782",18,21049677
10,"rs35044804",18,21047213,"A","G",0.12024,-0.0652391,0.0122963,1.12e-07,31231,"RIOK3","ENSG00000101782",18,21049677
12,"rs7244132",18,21053204,"T","A",0.347884,0.0717423,0.00834601,8.25e-18,31568,"RIOK3","ENSG00000101782",18,21049677
