"V1","SNP","chr","pos","effect_allele.exposure","other_allele.exposure","eaf.exposure","beta.exposure","se.exposure","pval.exposure","samplesize.exposure","exposure","id.exposure","gene-chr","gene-pos"
1,"rs117501934",20,8529781,"C","T",0.132807,0.0568406,0.0118487,1.61e-06,30902,"PLCB1","ENSG00000182621",20,8530913
2,"rs12481472",20,8534682,"G","A",0.10616,-0.0985339,0.0129076,2.28e-14,31568,"PLCB1","ENSG00000182621",20,8530913
3,"rs6039189",20,8525949,"T","C",0.266301,-0.0577467,0.0089811,1.28e-10,31684,"PLCB1","ENSG00000182621",20,8530913
5,"rs6086494",20,8527904,"T","C",0.36831,0.0413077,0.00824768,5.49e-07,31569,"PLCB1","ENSG00000182621",20,8530913
