"V1","SNP","chr","pos","effect_allele.exposure","other_allele.exposure","eaf.exposure","beta.exposure","se.exposure","pval.exposure","samplesize.exposure","exposure","id.exposure","gene-chr","gene-pos"
4,"rs2241002",11,60886913,"T","C",0.157573,0.103517,0.0110126,5.47e-21,30971,"CD5","ENSG00000110448",11,60882595
6,"rs678060",11,60880856,"A","G",0.359157,-0.111956,0.00827136,9.67e-42,31569,"CD5","ENSG00000110448",11,60882595
10,"rs7932247",11,60880666,"T","A",0.0956857,0.2282,0.0134684,2.15e-64,31568,"CD5","ENSG00000110448",11,60882595
