"V1","SNP","chr","pos","effect_allele.exposure","other_allele.exposure","eaf.exposure","beta.exposure","se.exposure","pval.exposure","samplesize.exposure","exposure","id.exposure","gene-chr","gene-pos"
11,"rs35513300",3,10103575,"A","G",0.0270623,-0.368552,0.0248531,9.49e-50,30524,"FANCD2","ENSG00000144554",3,10105856
12,"rs35888164",3,10109101,"G","A",0.0647747,0.148096,0.0179206,1.41e-16,25633,"FANCD2","ENSG00000144554",3,10105856
15,"rs59403769",3,10109825,"A","C",0.0669603,-0.275427,0.0163629,1.41e-63,29607,"FANCD2","ENSG00000144554",3,10105856
16,"rs66915020",3,10110174,"G","A",0.162502,-0.356795,0.0106357,9.96e-247,31353,"FANCD2","ENSG00000144554",3,10105856
19,"rs73016531",3,10109511,"T","C",0.0288415,-0.338873,0.0264583,1.48e-37,25335,"FANCD2","ENSG00000144554",3,10105856
