"V1","SNP","chr","pos","effect_allele.exposure","other_allele.exposure","eaf.exposure","beta.exposure","se.exposure","pval.exposure","samplesize.exposure","exposure","id.exposure","gene-chr","gene-pos"
1,"rs112318075",10,106048190,"G","A",0.0215767,0.174102,0.0294369,3.33e-09,27298,"GSTO2","ENSG00000065621",10,106044123
5,"rs191821093",10,106042324,"G","A",0.0306096,0.113051,0.026457,1.93e-05,24056,"GSTO2","ENSG00000065621",10,106044123
6,"rs276203",10,106039303,"G","A",0.345184,0.209255,0.00832319,1.76e-139,31300,"GSTO2","ENSG00000065621",10,106044123
11,"rs7899342",10,106041875,"A","G",0.0166381,0.235847,0.0361674,6.98e-11,23320,"GSTO2","ENSG00000065621",10,106044123
