"V1","SNP","chr","pos","effect_allele.exposure","other_allele.exposure","eaf.exposure","beta.exposure","se.exposure","pval.exposure","samplesize.exposure","exposure","id.exposure","gene-chr","gene-pos"
1,"rs12510574",4,42042876,"A","G",0.128936,-0.108802,0.0125812,5.24e-18,28051,"SLC30A9","ENSG00000014824",4,42041020
2,"rs138017465",4,42045792,"C","A",0.0331474,-0.098104,0.0226778,1.52e-05,30316,"SLC30A9","ENSG00000014824",4,42041020
3,"rs192199987",4,42043595,"A","T",0.0272357,0.228542,0.0287807,2.01e-15,22721,"SLC30A9","ENSG00000014824",4,42041020
4,"rs4351054",4,42038527,"G","A",0.0279115,0.210045,0.0265174,2.36e-15,26145,"SLC30A9","ENSG00000014824",4,42041020
