"V1","SNP","chr","pos","effect_allele.exposure","other_allele.exposure","eaf.exposure","beta.exposure","se.exposure","pval.exposure","samplesize.exposure","exposure","id.exposure","gene-chr","gene-pos"
2,"rs1057373",6,32813279,"A","C",0.108175,0.105859,0.0195255,5.91e-08,13566,"PSMB8","ENSG00000204264",6,32810487
14,"rs2071542",6,32811645,"G","A",0.0440494,0.759567,0.0288573,1.09e-152,13566,"PSMB8","ENSG00000204264",6,32810487
32,"rs9276810",6,32810443,"A","G",0.435169,-0.166476,0.0121616,1.19e-42,13566,"PSMB8","ENSG00000204264",6,32810487
33,"rs9357155",6,32809848,"A","G",0.11979,-0.185446,0.0186284,2.4e-23,13566,"PSMB8","ENSG00000204264",6,32810487
