"V1","SNP","chr","pos","effect_allele.exposure","other_allele.exposure","eaf.exposure","beta.exposure","se.exposure","pval.exposure","samplesize.exposure","exposure","id.exposure","gene-chr","gene-pos"
3,"rs12517200",5,140019921,"G","A",0.28481,-0.161233,0.0106692,1.35e-51,21335,"NDUFA2","ENSG00000131495",5,140022847
12,"rs62384216",5,140018897,"A","G",0.0587027,-0.235589,0.0221844,2.42e-26,18273,"NDUFA2","ENSG00000131495",5,140022847
16,"rs75882576",5,140020824,"C","T",0.0171578,-0.318318,0.0418267,2.73e-14,16890,"NDUFA2","ENSG00000131495",5,140022847
19,"rs778593",5,140027216,"C","T",0.44034,-0.33236,0.00948257,3.95e-269,21335,"NDUFA2","ENSG00000131495",5,140022847
