"V1","SNP","chr","pos","effect_allele.exposure","other_allele.exposure","eaf.exposure","beta.exposure","se.exposure","pval.exposure","samplesize.exposure","exposure","id.exposure","gene-chr","gene-pos"
14,"rs2280213",15,89452763,"C","T",0.270511,0.456884,0.00867401,0,30902,"MFGE8","ENSG00000140545",15,89449279
15,"rs28384224",15,89452391,"T","C",0.512161,-0.109261,0.00863125,1e-36,26701,"MFGE8","ENSG00000140545",15,89449279
18,"rs3743388",15,89449137,"G","C",0.320979,-0.207992,0.00842925,1.98e-134,31678,"MFGE8","ENSG00000140545",15,89449279
25,"rs4932450",15,89452204,"A","G",0.27095,0.163713,0.00930622,2.85e-69,28917,"MFGE8","ENSG00000140545",15,89449279
26,"rs72749922",15,89453184,"G","A",0.0570725,-0.236713,0.0175942,2.92e-41,29833,"MFGE8","ENSG00000140545",15,89449279
27,"rs8025462",15,89445598,"T","C",0.220809,0.217347,0.009499,7.18e-116,31684,"MFGE8","ENSG00000140545",15,89449279
