"V1","SNP","chr","pos","effect_allele.exposure","other_allele.exposure","eaf.exposure","beta.exposure","se.exposure","pval.exposure","samplesize.exposure","exposure","id.exposure","gene-chr","gene-pos"
3,"rs11763672",7,128397327,"C","T",0.359761,-0.136891,0.00825641,9.72e-62,31569,"CALU","ENSG00000128595",7,128395603
14,"rs4440553",7,128391434,"C","T",0.164737,0.0572951,0.0107046,8.68e-08,31684,"CALU","ENSG00000128595",7,128395603
17,"rs73236101",7,128397920,"G","A",0.0713232,0.154357,0.0157942,1.47e-22,30165,"CALU","ENSG00000128595",7,128395603
18,"rs74757593",7,128398605,"T","C",0.0338832,0.241501,0.0228499,4.15e-26,29143,"CALU","ENSG00000128595",7,128395603
