"V1","SNP","chr","pos","effect_allele.exposure","other_allele.exposure","eaf.exposure","beta.exposure","se.exposure","pval.exposure","samplesize.exposure","exposure","id.exposure","gene-chr","gene-pos"
6,"rs113939496",22,50311786,"C","G",0.0172414,0.434382,0.0437594,3.19e-23,15312,"CRELD2","ENSG00000184164",22,50316501
29,"rs191858878",22,50317418,"T","C",0.0130719,0.425875,0.0701953,1.3e-09,7829,"CRELD2","ENSG00000184164",22,50316501
36,"rs60284719",22,50312651,"T","C",0.0977805,0.654247,0.015427,0,22016,"CRELD2","ENSG00000184164",22,50316501
96,"rs9627794",22,50311596,"A","G",0.120701,0.651774,0.012773,0,26272,"CRELD2","ENSG00000184164",22,50316501
