"V1","SNP","chr","pos","effect_allele.exposure","other_allele.exposure","eaf.exposure","beta.exposure","se.exposure","pval.exposure","samplesize.exposure","exposure","id.exposure","gene-chr","gene-pos"
4,"rs12002810",9,132583891,"A","G",0.0722266,-0.349381,0.0152479,3.42e-116,31568,"TOR1A","ENSG00000136827",9,132580818
12,"rs34429226",9,132583929,"T","C",0.225203,-0.259297,0.00941629,6.3e-167,31560,"TOR1A","ENSG00000136827",9,132580818
19,"rs72755217",9,132576512,"T","G",0.0180102,-0.237087,0.0326764,4e-13,26424,"TOR1A","ENSG00000136827",9,132580818
23,"rs78170357",9,132578620,"G","T",0.0328635,-0.212149,0.0226616,7.85e-21,30544,"TOR1A","ENSG00000136827",9,132580818
