"V1","SNP","chr","pos","effect_allele.exposure","other_allele.exposure","eaf.exposure","beta.exposure","se.exposure","pval.exposure","samplesize.exposure","exposure","id.exposure","gene-chr","gene-pos"
13,"rs2330133",22,23013062,"T","G",0.071801,0.726734,0.0465038,4.74e-55,3225,"IGLV3-27","ENSG00000211658",22,23011017
18,"rs406587",22,23006419,"G","A",0.535652,0.134796,0.027995,1.47e-06,2542,"IGLV3-27","ENSG00000211658",22,23011017
21,"rs429798",22,23010666,"A","G",0.0232314,-0.513552,0.0704364,3.08e-13,4388,"IGLV3-27","ENSG00000211658",22,23011017
26,"rs57074883",22,23006805,"G","A",0.0183619,0.491288,0.110551,8.83e-06,2250,"IGLV3-27","ENSG00000211658",22,23011017
