"V1","SNP","chr","pos","effect_allele.exposure","other_allele.exposure","eaf.exposure","beta.exposure","se.exposure","pval.exposure","samplesize.exposure","exposure","id.exposure","gene-chr","gene-pos"
2,"rs116847051",14,71237367,"T","G",0.0304938,-0.272617,0.0282751,5.34e-22,21061,"MAP3K9","ENSG00000006432",14,71232747
4,"rs12886990",14,71229238,"A","G",0.320814,0.243163,0.00844415,2.38e-182,31353,"MAP3K9","ENSG00000006432",14,71232747
11,"rs17176985",14,71236003,"A","G",0.238282,-0.204894,0.00951695,8.26e-103,29951,"MAP3K9","ENSG00000006432",14,71232747
20,"rs79904145",14,71234678,"C","T",0.0208615,0.173568,0.0357592,1.21e-06,19120,"MAP3K9","ENSG00000006432",14,71232747
