"V1","SNP","chr","pos","effect_allele.exposure","other_allele.exposure","eaf.exposure","beta.exposure","se.exposure","pval.exposure","samplesize.exposure","exposure","id.exposure","gene-chr","gene-pos"
1,"rs11078698",17,7479892,"T","C",0.0223125,-0.214877,0.0297161,4.79e-13,25903,"CD68","ENSG00000129226",17,7484107
4,"rs12942088",17,7482779,"C","T",0.410782,0.10563,0.0080801,4.71e-39,31470,"CD68","ENSG00000129226",17,7484107
11,"rs9897535",17,7479308,"C","T",0.138538,0.132119,0.0115358,2.27e-30,31352,"CD68","ENSG00000129226",17,7484107
