"V1","SNP","chr","pos","effect_allele.exposure","other_allele.exposure","eaf.exposure","beta.exposure","se.exposure","pval.exposure","samplesize.exposure","exposure","id.exposure","gene-chr","gene-pos"
7,"rs151158408",7,75936169,"A","G",0.0169981,-0.268637,0.0537468,5.79e-07,10333,"HSPB1","ENSG00000106211",7,75932736
15,"rs2868371",7,75930759,"G","C",0.248726,-0.124305,0.0136593,9e-20,14258,"HSPB1","ENSG00000106211",7,75932736
17,"rs28708645",7,75932475,"A","C",0.01791,0.550618,0.102193,7.12e-08,2693,"HSPB1","ENSG00000106211",7,75932736
22,"rs56919252",7,75937520,"C","T",0.263649,-0.0935256,0.0135765,5.63e-12,13925,"HSPB1","ENSG00000106211",7,75932736
