"V1","SNP","chr","pos","effect_allele.exposure","other_allele.exposure","eaf.exposure","beta.exposure","se.exposure","pval.exposure","samplesize.exposure","exposure","id.exposure","gene-chr","gene-pos"
2,"rs13266935",8,32056576,"C","A",0.218862,-0.0439327,0.00985746,8.32e-06,30077,"NRG1","ENSG00000157168",8,32059725
4,"rs1842653",8,32057416,"T","C",0.0618843,-0.156524,0.0164936,2.31e-21,31568,"NRG1","ENSG00000157168",8,32059725
6,"rs2881542",8,32058903,"A","C",0.0308299,0.19163,0.0244595,4.7e-15,27910,"NRG1","ENSG00000157168",8,32059725
7,"rs60981644",8,32057284,"T","A",0.0518972,0.190523,0.0181095,6.94e-26,30876,"NRG1","ENSG00000157168",8,32059725
