"V1","SNP","chr","pos","effect_allele.exposure","other_allele.exposure","eaf.exposure","beta.exposure","se.exposure","pval.exposure","samplesize.exposure","exposure","id.exposure","gene-chr","gene-pos"
6,"rs28509371",22,24997846,"C","T",0.327144,-0.217372,0.0097009,3.33e-111,23635,"GGT1","ENSG00000100031",22,25002345
16,"rs7284489",22,24998201,"G","A",0.0172113,0.244655,0.0552492,9.5e-06,9665,"GGT1","ENSG00000100031",22,25002345
17,"rs73152527",22,24997357,"A","G",0.0171047,-0.359034,0.0414599,4.73e-18,17226,"GGT1","ENSG00000100031",22,25002345
