"V1","SNP","chr","pos","effect_allele.exposure","other_allele.exposure","eaf.exposure","beta.exposure","se.exposure","pval.exposure","samplesize.exposure","exposure","id.exposure","gene-chr","gene-pos"
13,"rs12815495",12,4936912,"G","C",0.316046,-0.107771,0.00853833,1.6e-36,31568,"KCNA6","ENSG00000151079",12,4939309
17,"rs16931717",12,4936966,"A","G",0.242643,0.0692269,0.0092589,7.62e-14,31684,"KCNA6","ENSG00000151079",12,4939309
23,"rs4766293",12,4938317,"A","G",0.267184,0.039564,0.00897508,1.04e-05,31684,"KCNA6","ENSG00000151079",12,4939309
29,"rs7959766",12,4943775,"G","T",0.0827352,0.13719,0.0143998,1.62e-21,31684,"KCNA6","ENSG00000151079",12,4939309
