"V1","SNP","chr","pos","effect_allele.exposure","other_allele.exposure","eaf.exposure","beta.exposure","se.exposure","pval.exposure","samplesize.exposure","exposure","id.exposure","gene-chr","gene-pos"
2,"rs10951884",7,5332082,"G","A",0.115705,0.0711926,0.0141463,4.84e-07,24396,"SLC29A4","ENSG00000164638",7,5328848
8,"rs4436028",7,5327111,"G","A",0.309301,-0.0476664,0.0101938,2.93e-06,22501,"SLC29A4","ENSG00000164638",7,5328848
10,"rs56243136",7,5329829,"T","C",0.185114,0.112139,0.0113649,5.78e-23,25566,"SLC29A4","ENSG00000164638",7,5328848
14,"rs6463369",7,5331651,"G","A",0.34633,-0.0531212,0.00976995,5.41e-08,23109,"SLC29A4","ENSG00000164638",7,5328848
