"V1","SNP","chr","pos","effect_allele.exposure","other_allele.exposure","eaf.exposure","beta.exposure","se.exposure","pval.exposure","samplesize.exposure","exposure","id.exposure","gene-chr","gene-pos"
3,"rs118115977",19,11128365,"T","C",0.0188277,-0.162985,0.0340319,1.67e-06,23346,"SMARCA4","ENSG00000127616",19,11123834
5,"rs17616318",19,11120937,"T","C",0.0634748,-0.0748664,0.0162874,4.29e-06,31684,"SMARCA4","ENSG00000127616",19,11123834
10,"rs73013159",19,11122710,"T","G",0.0538556,-0.155037,0.0190159,3.55e-16,27069,"SMARCA4","ENSG00000127616",19,11123834
11,"rs73013163",19,11125216,"A","C",0.0540111,0.130417,0.0195569,2.58e-11,25543,"SMARCA4","ENSG00000127616",19,11123834
13,"rs73013167",19,11126199,"C","G",0.299275,-0.166156,0.00864001,2.04e-82,31569,"SMARCA4","ENSG00000127616",19,11123834
