"V1","SNP","chr","pos","effect_allele.exposure","other_allele.exposure","eaf.exposure","beta.exposure","se.exposure","pval.exposure","samplesize.exposure","exposure","id.exposure","gene-chr","gene-pos"
1,"rs11216816",11,118075152,"A","C",0.161336,0.433376,0.0105572,0,31470,"AMICA1","ENSG00000160593",11,118080132
6,"rs116992631",11,118079049,"G","A",0.0134473,-0.29444,0.0533174,3.34e-08,13227,"AMICA1","ENSG00000160593",11,118080132
22,"rs7101554",11,118078761,"C","T",0.258418,-0.255682,0.0090073,2.99e-177,31353,"AMICA1","ENSG00000160593",11,118080132
