"V1","SNP","chr","pos","effect_allele.exposure","other_allele.exposure","eaf.exposure","beta.exposure","se.exposure","pval.exposure","samplesize.exposure","exposure","id.exposure","gene-chr","gene-pos"
1,"rs10157872",1,174550507,"G","A",0.113082,0.145949,0.0186559,5.15e-15,14263,"RABGAP1L","ENSG00000152061",1,174546496
2,"rs10753086",1,174549940,"A","G",0.449096,0.205728,0.0117781,2.56e-68,14263,"RABGAP1L","ENSG00000152061",1,174546496
6,"rs143179310",1,174545451,"A","G",0.0729033,0.175587,0.0227267,1.11e-14,14263,"RABGAP1L","ENSG00000152061",1,174546496
7,"rs143836537",1,174544295,"T","C",0.0287407,0.236184,0.0353834,2.47e-11,14263,"RABGAP1L","ENSG00000152061",1,174546496
