"V1","SNP","chr","pos","effect_allele.exposure","other_allele.exposure","eaf.exposure","beta.exposure","se.exposure","pval.exposure","samplesize.exposure","exposure","id.exposure","gene-chr","gene-pos"
4,"rs12410193",1,20979580,"G","T",0.283344,0.0774125,0.00880488,1.47e-18,31684,"DDOST","ENSG00000244038",1,20983135
12,"rs622525",1,20979818,"A","T",0.120579,-0.304315,0.0121009,1.48e-139,31568,"DDOST","ENSG00000244038",1,20983135
14,"rs625149",1,20985796,"G","A",0.408705,-0.0497281,0.00807642,7.4e-10,31681,"DDOST","ENSG00000244038",1,20983135
19,"rs76266717",1,20981908,"A","G",0.0149102,-0.179386,0.0399202,7e-06,21339,"DDOST","ENSG00000244038",1,20983135
