"V1","SNP","chr","pos","effect_allele.exposure","other_allele.exposure","eaf.exposure","beta.exposure","se.exposure","pval.exposure","samplesize.exposure","exposure","id.exposure","gene-chr","gene-pos"
9,"rs2002602",19,8369504,"C","T",0.152962,0.154993,0.0124832,2.13e-35,24611,"CD320","ENSG00000167775",19,8370125
11,"rs2227288",19,8367525,"C","G",0.113944,0.0975333,0.0142634,8.03e-12,24296,"CD320","ENSG00000167775",19,8370125
13,"rs2232767",19,8373533,"C","A",0.0359878,-0.694422,0.0222137,1.57e-214,28230,"CD320","ENSG00000167775",19,8370125
26,"rs36262",19,8375072,"G","A",0.422439,-0.0407395,0.00936929,1.37e-05,23324,"CD320","ENSG00000167775",19,8370125
