"V1","SNP","chr","pos","effect_allele.exposure","other_allele.exposure","eaf.exposure","beta.exposure","se.exposure","pval.exposure","samplesize.exposure","exposure","id.exposure","gene-chr","gene-pos"
13,"rs28365878",6,74231458,"G","C",0.0445149,0.658694,0.0237432,2.16e-169,20083,"EEF1A1","ENSG00000156508",6,74229496
17,"rs41265521",6,74228062,"C","A",0.014832,0.269537,0.0497265,5.95e-08,13810,"EEF1A1","ENSG00000156508",6,74229496
19,"rs4708060",6,74229405,"C","A",0.0703333,0.312097,0.0189062,3.23e-61,21121,"EEF1A1","ENSG00000156508",6,74229496
21,"rs75811042",6,74225412,"A","C",0.0320232,-0.338366,0.0295243,2.08e-30,18373,"EEF1A1","ENSG00000156508",6,74229496
22,"rs7751342",6,74225145,"T","G",0.327658,0.529718,0.00973225,0,21000,"EEF1A1","ENSG00000156508",6,74229496
