"V1","SNP","chr","pos","effect_allele.exposure","other_allele.exposure","eaf.exposure","beta.exposure","se.exposure","pval.exposure","samplesize.exposure","exposure","id.exposure","gene-chr","gene-pos"
2,"rs11848042",14,69388770,"T","A",0.057676,0.124107,0.0176094,1.82e-12,29620,"ACTN1","ENSG00000072110",14,69393508
3,"rs12896606",14,69393872,"C","G",0.115945,0.0821758,0.0136351,1.67e-09,26203,"ACTN1","ENSG00000072110",14,69393508
11,"rs4902672",14,69392881,"C","T",0.455034,0.0623024,0.00799692,6.66e-15,31470,"ACTN1","ENSG00000072110",14,69393508
