"V1","SNP","chr","pos","effect_allele.exposure","other_allele.exposure","eaf.exposure","beta.exposure","se.exposure","pval.exposure","samplesize.exposure","exposure","id.exposure","gene-chr","gene-pos"
4,"rs11167054",8,142367400,"G","A",0.184585,-0.0749711,0.0115782,9.47e-11,24738,"GPR20","ENSG00000204882",8,142371983
7,"rs13260421",8,142373969,"A","G",0.407967,0.0425377,0.0096126,9.64e-06,22384,"GPR20","ENSG00000204882",8,142371983
8,"rs3934583",8,142370341,"T","C",0.114496,-0.309707,0.0150942,1.48e-93,21224,"GPR20","ENSG00000204882",8,142371983
21,"rs7841697",8,142373149,"A","G",0.230559,-0.0889989,0.0114615,8.16e-15,21394,"GPR20","ENSG00000204882",8,142371983
