"V1","SNP","chr","pos","effect_allele.exposure","other_allele.exposure","eaf.exposure","beta.exposure","se.exposure","pval.exposure","samplesize.exposure","exposure","id.exposure","gene-chr","gene-pos"
1,"rs113530090",17,7578640,"G","A",0.0165597,0.242715,0.0558839,1.4e-05,9813,"TP53","ENSG00000141510",17,7577976
4,"rs35850753",17,7578671,"T","C",0.0253475,-0.250815,0.0265931,4.04e-21,28529,"TP53","ENSG00000141510",17,7577976
7,"rs77697176",17,7576501,"A","G",0.0481151,-0.0908405,0.019565,3.43e-06,28498,"TP53","ENSG00000141510",17,7577976
