"V1","SNP","chr","pos","effect_allele.exposure","other_allele.exposure","eaf.exposure","beta.exposure","se.exposure","pval.exposure","samplesize.exposure","exposure","id.exposure","gene-chr","gene-pos"
18,"rs34286116",16,57668310,"A","C",0.0372752,-0.115063,0.023066,6.09e-07,26162,"GPR56","ENSG00000205336",16,57671754
19,"rs3760061",16,57673460,"G","A",0.507122,0.164206,0.0085202,9.12e-83,27185,"GPR56","ENSG00000205336",16,57671754
23,"rs56219719",16,57667270,"A","C",0.12092,0.141974,0.0122871,6.98e-31,31023,"GPR56","ENSG00000205336",16,57671754
29,"rs79694343",16,57676491,"A","G",0.0493944,0.0919577,0.0198262,3.51e-06,27070,"GPR56","ENSG00000205336",16,57671754
