"V1","SNP","chr","pos","effect_allele.exposure","other_allele.exposure","eaf.exposure","beta.exposure","se.exposure","pval.exposure","samplesize.exposure","exposure","id.exposure","gene-chr","gene-pos"
9,"rs141650329",11,8515123,"G","A",0.061635,0.0865617,0.0172187,4.98e-07,29136,"STK33","ENSG00000130413",11,8514627
10,"rs148091350",11,8515610,"C","T",0.0660716,0.221144,0.0159728,1.36e-43,31569,"STK33","ENSG00000130413",11,8514627
16,"rs7939731",11,8510299,"G","T",0.511125,0.111867,0.00792246,2.85e-45,31682,"STK33","ENSG00000130413",11,8514627
