"V1","SNP","chr","pos","effect_allele.exposure","other_allele.exposure","eaf.exposure","beta.exposure","se.exposure","pval.exposure","samplesize.exposure","exposure","id.exposure","gene-chr","gene-pos"
3,"rs11568943",4,110883121,"A","G",0.0730219,0.173364,0.0153311,1.2e-29,31300,"EGF","ENSG00000138798",4,110883731
12,"rs4141077",4,110883341,"G","T",0.0242227,-0.126432,0.0269211,2.65e-06,29164,"EGF","ENSG00000138798",4,110883731
16,"rs929446",4,110883344,"T","C",0.406291,0.161945,0.00803705,2.7e-90,31684,"EGF","ENSG00000138798",4,110883731
