"V1","SNP","chr","pos","effect_allele.exposure","other_allele.exposure","eaf.exposure","beta.exposure","se.exposure","pval.exposure","samplesize.exposure","exposure","id.exposure","gene-chr","gene-pos"
5,"rs151071207",4,157790356,"T","C",0.0555401,-0.133335,0.0177591,6e-14,30165,"PDGFC","ENSG00000145431",4,157787076
11,"rs342318",4,157788955,"A","G",0.172461,-0.14542,0.0105029,1.35e-43,31568,"PDGFC","ENSG00000145431",4,157787076
13,"rs35751398",4,157783987,"T","C",0.0224613,-0.189634,0.0297112,1.74e-10,25755,"PDGFC","ENSG00000145431",4,157787076
14,"rs6811964",4,157785454,"A","G",0.0842948,-0.0638708,0.0142932,7.87e-06,31684,"PDGFC","ENSG00000145431",4,157787076
