"V1","SNP","chr","pos","effect_allele.exposure","other_allele.exposure","eaf.exposure","beta.exposure","se.exposure","pval.exposure","samplesize.exposure","exposure","id.exposure","gene-chr","gene-pos"
2,"rs11220468",11,126262997,"A","G",0.163797,-0.0890291,0.0107804,1.48e-16,31342,"ST3GAL4","ENSG00000110080",11,126267887
3,"rs11220475",11,126272158,"C","A",0.392412,0.0504466,0.00817372,6.75e-10,31351,"ST3GAL4","ENSG00000110080",11,126267887
5,"rs12280645",11,126263885,"G","A",0.318125,0.0967083,0.00854088,1.01e-29,31470,"ST3GAL4","ENSG00000110080",11,126267887
11,"rs59822672",11,126270975,"C","G",0.0862734,-0.15454,0.0143241,3.89e-27,30796,"ST3GAL4","ENSG00000110080",11,126267887
