"V1","SNP","chr","pos","effect_allele.exposure","other_allele.exposure","eaf.exposure","beta.exposure","se.exposure","pval.exposure","samplesize.exposure","exposure","id.exposure","gene-chr","gene-pos"
10,"rs11912656",22,22603418,"T","C",0.061379,0.0990298,0.0172893,1.02e-08,29002,"VPREB1","ENSG00000169575",22,22599507
23,"rs5757641",22,22598882,"G","A",0.352232,-0.134636,0.0085003,1.67e-56,30077,"VPREB1","ENSG00000169575",22,22599507
25,"rs5757661",22,22603918,"C","T",0.344958,-0.0866895,0.00851617,2.45e-24,30406,"VPREB1","ENSG00000169575",22,22599507
