"V1","SNP","chr","pos","effect_allele.exposure","other_allele.exposure","eaf.exposure","beta.exposure","se.exposure","pval.exposure","samplesize.exposure","exposure","id.exposure","gene-chr","gene-pos"
4,"rs3775294",4,186999429,"A","G",0.221166,-0.0567487,0.00959858,3.38e-09,31470,"TLR3","ENSG00000164342",4,186998280
5,"rs3775295",4,186999411,"A","G",0.353774,0.0510969,0.00833201,8.65e-10,31467,"TLR3","ENSG00000164342",4,186998280
10,"rs74330982",4,187000609,"C","A",0.0178137,-0.214162,0.0391306,4.42e-08,18632,"TLR3","ENSG00000164342",4,186998280
