"V1","SNP","chr","pos","effect_allele.exposure","other_allele.exposure","eaf.exposure","beta.exposure","se.exposure","pval.exposure","samplesize.exposure","exposure","id.exposure","gene-chr","gene-pos"
7,"rs144922118",15,90633242,"A","C",0.0318708,0.138623,0.0248001,2.28e-08,26317,"IDH2","ENSG00000182054",15,90636006
9,"rs28547012",15,90633416,"G","A",0.266417,0.0907657,0.00898955,5.71e-24,31556,"IDH2","ENSG00000182054",15,90636006
14,"rs4932278",15,90636524,"T","C",0.270017,-0.0747414,0.00903351,1.3e-16,31016,"IDH2","ENSG00000182054",15,90636006
19,"rs78800137",15,90632670,"A","G",0.0526849,0.105697,0.0178983,3.52e-09,31240,"IDH2","ENSG00000182054",15,90636006
