"V1","SNP","chr","pos","effect_allele.exposure","other_allele.exposure","eaf.exposure","beta.exposure","se.exposure","pval.exposure","samplesize.exposure","exposure","id.exposure","gene-chr","gene-pos"
1,"rs12797102",11,63492810,"G","A",0.133323,-0.0614138,0.0120391,3.38e-07,29827,"RTN3","ENSG00000133318",11,63488140
3,"rs474548",11,63483576,"A","G",0.200346,0.220119,0.0098475,1.13e-110,31684,"RTN3","ENSG00000133318",11,63488140
12,"rs75742400",11,63492294,"C","A",0.0165663,0.502774,0.0396603,7.93e-37,19351,"RTN3","ENSG00000133318",11,63488140
