"V1","SNP","chr","pos","effect_allele.exposure","other_allele.exposure","eaf.exposure","beta.exposure","se.exposure","pval.exposure","samplesize.exposure","exposure","id.exposure","gene-chr","gene-pos"
2,"rs2292318",16,67985706,"T","C",0.137232,0.123356,0.0115649,1.46e-26,31462,"SLC12A4","ENSG00000124067",16,67990440
4,"rs7185536",16,67992164,"G","A",0.0432066,-0.136445,0.0197289,4.65e-12,31026,"SLC12A4","ENSG00000124067",16,67990440
6,"rs78018091",16,67995294,"T","G",0.0210058,0.291043,0.0340258,1.19e-17,20928,"SLC12A4","ENSG00000124067",16,67990440
