"V1","SNP","chr","pos","effect_allele.exposure","other_allele.exposure","eaf.exposure","beta.exposure","se.exposure","pval.exposure","samplesize.exposure","exposure","id.exposure","gene-chr","gene-pos"
1,"rs10413222",19,47200618,"C","T",0.44674,0.278209,0.00787374,1.79e-273,31382,"PRKD2","ENSG00000105287",19,47198958
5,"rs147956660",19,47198671,"T","C",0.0126162,-0.612162,0.07012,2.54e-18,8087,"PRKD2","ENSG00000105287",19,47198958
6,"rs16980682",19,47202238,"A","G",0.0327568,0.311824,0.0225792,2.21e-43,30764,"PRKD2","ENSG00000105287",19,47198958
9,"rs314675",19,47196079,"C","T",0.132601,0.436804,0.0115136,0,31354,"PRKD2","ENSG00000105287",19,47198958
