"V1","SNP","chr","pos","effect_allele.exposure","other_allele.exposure","eaf.exposure","beta.exposure","se.exposure","pval.exposure","samplesize.exposure","exposure","id.exposure","gene-chr","gene-pos"
3,"rs141840018",10,111651981,"C","G",0.0252016,0.539754,0.0354244,2.02e-52,15987,"XPNPEP1","ENSG00000108039",10,111653917
11,"rs3780952",10,111650629,"C","T",0.428085,0.35894,0.00782728,0,31231,"XPNPEP1","ENSG00000108039",10,111653917
14,"rs504595",10,111649015,"T","C",0.0771914,-0.155005,0.0152288,2.48e-24,30162,"XPNPEP1","ENSG00000108039",10,111653917
